
-- Inventory Management System Backup
-- Generated on: 2026-02-01 00:51:35
-- Database: inventory_db


-- --------------------------------------------------------
-- Table structure for table `desktop_area_tb`
-- --------------------------------------------------------
CREATE TABLE `desktop_area_tb` (
  `desktop_area_id` int(11) NOT NULL AUTO_INCREMENT,
  `area` varchar(100) NOT NULL,
  `date_created` timestamp NOT NULL DEFAULT current_timestamp(),
  `date_updated` timestamp NOT NULL DEFAULT current_timestamp() ON UPDATE current_timestamp(),
  PRIMARY KEY (`desktop_area_id`)
) ENGINE=InnoDB AUTO_INCREMENT=8 DEFAULT CHARSET=utf8mb4 COLLATE=utf8mb4_general_ci;

-- Dumping data for table `desktop_area_tb`
--
INSERT INTO `desktop_area_tb` VALUES ('1', 'Koppel', '2026-01-24 11:30:58', '2026-01-24 11:30:58');
INSERT INTO `desktop_area_tb` VALUES ('2', 'Canlubang Warehouse', '2026-01-24 11:30:58', '2026-01-24 11:30:58');
INSERT INTO `desktop_area_tb` VALUES ('3', 'Sucat Warehouse', '2026-01-24 11:30:58', '2026-01-24 11:30:58');
INSERT INTO `desktop_area_tb` VALUES ('4', 'Tarlac Warehouse', '2026-01-24 11:30:58', '2026-01-24 11:30:58');
INSERT INTO `desktop_area_tb` VALUES ('5', 'HIMC', '2026-01-24 11:30:58', '2026-01-24 11:30:58');
INSERT INTO `desktop_area_tb` VALUES ('6', 'HEEC', '2026-01-24 11:30:58', '2026-01-24 11:30:58');
INSERT INTO `desktop_area_tb` VALUES ('7', 'HIAIRE', '2026-01-24 11:30:58', '2026-01-24 11:30:58');


-- --------------------------------------------------------
-- Table structure for table `desktop_tb`
-- --------------------------------------------------------
CREATE TABLE `desktop_tb` (
  `desktop_id` int(11) NOT NULL AUTO_INCREMENT,
  `cpu` varchar(255) DEFAULT NULL,
  `ram` varchar(255) DEFAULT NULL,
  `rom_w_serial` varchar(255) DEFAULT NULL,
  `motherboard` varchar(255) DEFAULT NULL,
  `monitor_w_serial` varchar(255) DEFAULT NULL,
  `avr` varchar(255) DEFAULT NULL,
  `mouse` varchar(255) DEFAULT NULL,
  `keyboard` varchar(255) DEFAULT NULL,
  `ip_address` varchar(15) DEFAULT NULL,
  `mac_address` varchar(17) DEFAULT NULL,
  `computer_name` varchar(255) DEFAULT NULL,
  `windows_key` varchar(255) DEFAULT NULL,
  `antivirus` varchar(255) DEFAULT NULL,
  `tag_number` varchar(255) DEFAULT NULL,
  `desktop_area_id` int(11) DEFAULT NULL,
  `remarks` text DEFAULT NULL,
  `date_created` datetime DEFAULT current_timestamp(),
  PRIMARY KEY (`desktop_id`),
  KEY `fk_desktop_area` (`desktop_area_id`),
  CONSTRAINT `fk_desktop_area` FOREIGN KEY (`desktop_area_id`) REFERENCES `desktop_area_tb` (`desktop_area_id`) ON DELETE SET NULL ON UPDATE CASCADE
) ENGINE=InnoDB AUTO_INCREMENT=109 DEFAULT CHARSET=utf8mb4 COLLATE=utf8mb4_general_ci;

-- Dumping data for table `desktop_tb`
--
INSERT INTO `desktop_tb` VALUES ('1', 'Intel(R) Pentium(R) CPU G4600 @ 3.60GHz', '8GB RAM DDR4 2133 MHZ', '239 GB SSD Apacer AS350,\r\nSN: 142213206819;\r\n466 GB HDD ST500DM009-2F110A,', 'GIGABYTE H110M-H', 'AOC MONITOR\r\nSN: AQLK91A000236\r\nTAG: MNTR001', 'SECURE', 'A4TECH MOUSE', 'RAPOO KEYBOARD', '115.88.0.234', 'E0-D5-5E-46-C2-ED', 'SERVICE-RYAN', 'WIN10 PRO 64 BIT - N/A', 'YES', 'DS3002', '1', '', '2025-11-25 14:31:26');
INSERT INTO `desktop_tb` VALUES ('2', 'AMD Ryzen 3 PRO 4350G with Radeon Graphics   3.80 GHz', '8GB RAM DDR4 2667 MHZ', '500 GB SSD HP SSD\r\nSN: HASA3314031587', 'MSI A320M-A PRO', '\"NVISION MONITOR\r\nSN: N185VL658A221006530\r\nTAG: MTR3026', 'SECURE', 'A4TECH MOUSE', 'Personal Keyboard', '115.88.1.40', '04-7C-16-C4-CF-D0', 'SERVICE-NINN', 'WIN10 PRO 64 BIT - QN8DD-2D38Q-62KP7-64HKP-JB49C', 'YES', 'DS0243', '1', '', '2025-11-25 14:31:26');
INSERT INTO `desktop_tb` VALUES ('3', 'Intel(R) Core(TM) i3-3240 CPU @ 3.40GHz', '8GB RAM DDR3 1600 MHZ', '\"500 GB SSD ADATA SU650\r\nSN: 2034291JAEK9\"', 'ASUS H61M-K', 'AOC MONITOR\r\nSN: AQII41A002834\r\nTAG: MS00043', 'SECURE', 'A4TECH MOUSE', 'A4TECH KEYBOARD', '115.88.1.87', '78-24-AF-BB-BD-59', 'SERVICE-VINCE', 'WIN10 PRO 64 BIT - QQJNK-CJ9FF-2FMJ8-62DRY-MY49G', 'YES', 'DS0218', '1', '', '2025-11-25 14:31:26');
INSERT INTO `desktop_tb` VALUES ('4', 'Intel(R) Pentium(R) CPU G4400 @ 3.30GHz', '8GB RAM DDR4 2133 MHZ', '500 GB SSD ADATA SU650\r\nSN: 2034291J1KCF', 'GIGABYTE H110M-H', 'AOC MONITOR\r\nSN: AQLI11A007460\r\nTAG: MTR3024', 'ECO POWER', 'A4TECH MOUSE', 'A4TECH KEYBOARD', '115.88.1.119', 'E0-D5-5E-79-38-CC', 'SERVICE-TECHNICIAN', 'WIN10 PRO 64 BIT - 24TNM-GK732-P4GJQ-2K7TQ-T6PKG', 'YES', 'DS0190', '1', 'DEAD PIXEL MONITOR', '2025-11-25 14:31:26');
INSERT INTO `desktop_tb` VALUES ('5', 'Intel(R) Pentium(R) CPU G4400 @ 3.30GHz (2 CPUs), ~3.3GHz', '8GB RAM DDR4 2133 MHZ', '500 GB SSD ADATA SU650\r\nSN: 203429A6AS2E', 'GIGABYTE H110M-H', 'AOC MONITOR\r\nSN: AQLI11A007460\r\nTAG: DS0185', 'POWERPLUS', 'A4TECH MOUSE', 'A4TECH KEYBOARD', '115.88.0.117', 'E0-D5-5E-3A-90-C8', 'SERVICE-BENZ', 'WIN10 PRO 64 BIT - N/A', 'YES', 'DS0185', '1', 'NOISY SYSTEM UNIT', '2025-11-25 14:31:26');
INSERT INTO `desktop_tb` VALUES ('6', 'Intel(R) Pentium(R) CPU G4560 @ 3.50GHz (4 CPUs), ~3.5GHz', '8GB RAM DDR4 2400 MHZ', '500 GB SSD ADATA SU650\r\nSN: 20342L16ASGX', 'GIGABYTE H110M-DS2', 'AOC MONITOR\r\nSN: AKXF51A005200\r\nTAG: MTR3028', 'SECURE', 'A4TECH MOUSE', 'A4TECH KEYBOARD', '115.88.0.182', '1C-1B-0D-8C-DA-21', 'SERVICE-JOHN', 'WIN10 PRO 64 BIT - N/A', 'YES', 'DS3003', '1', 'NOISY SYSTEM UNIT', '2025-11-25 14:31:26');
INSERT INTO `desktop_tb` VALUES ('7', 'Intel(R) Pentium(R) CPU G4560 @ 3.50GHz', '8GB RAM DDR4 2400 MHZ', '233 GB SSD WDC WDS250G2B0A-00SM50\r\nSN: 173820426391', 'GIGABYTE H110M-H', 'AOC MONITOR\r\nSN: DTYD81A003036\r\nTAG: DS03038', 'SECURE', 'A4TECH MOUSE', 'RAPOO KEYBOARD', '115.88.1.126', '1C-1B-0D-5B-12-67', 'SERVICE-DOMINIC', 'WIN10 PRO 64 BIT - 8K3HN-M9CHJ-CVXXH-2946P-27JXG', 'YES', 'DS0167', '1', '', '2025-11-25 14:31:26');
INSERT INTO `desktop_tb` VALUES ('8', 'Intel(R) Pentium(R) Gold G6405 CPU @ 4.10GHz', '8GB RAM DDR4 2667 MHZ', '500 GB SSD SPCC\r\nSN:23022619-050554G', 'ASUS PRIME H510M-K', 'AOC MONITOR\r\nSN: AKXH31A007930\r\nTAG: MTR3025', 'N/A', 'A4TECH MOUSE', 'A4TECH KEYBOARD', '115.88.0.183', '7C-10-C9-C0-7C-9A', 'SERVICE-JACOB', 'WIN10 PRO 64 BIT - N/A', 'YES', 'DS0242', '1', 'Defective Monitor', '2025-11-25 14:31:26');
INSERT INTO `desktop_tb` VALUES ('9', 'Intel(R) Core(TM) i3-3240 CPU @ 3.40GHz', '8GB RAM DDR3 1600 MHZ', '500 GB SSD ADATA SU650\r\nSN: 20342916E8KY', 'ASUS H61M-K', 'AOC MONITOR\r\nSN: W0197JA000840\r\nTAG: DS0190', 'SECURE', 'A4TECH MOUSE', 'A4TECH KEYBOARD', '115.88.1.137', '78-24-AF-BB-BD-4F', 'SERVICE-SERGIO', 'WIN11 PRO 64 BIT - GKM9R-6NKBR-KVWV6-Y4X9T-BP2KC', 'YES', 'DS0130', '1', 'Defective Monitor', '2025-11-25 14:31:26');
INSERT INTO `desktop_tb` VALUES ('10', 'Intel(R) Core(TM) i3-4170 CPU @ 3.70GHz', '8GB RAM DDR3 1600 MHZ', '500 GB SSD ADATA SU650\r\nSN: 2034LAJNSLE', 'GIGABYTE G1-H81M-DS2', 'AOC MONITOR\r\nSN: AQII81A006073\r\nTAG: MS00025', 'ECO POWER', 'A4TECH MOUSE', 'A4TECH KEYBOARD', '115.88.0.105', '40-8D-5C-6E-F0-15', 'SERVICE-RUDY', 'WIN10 PRO 64 BIT - XGXNR-FBWFF-6FRBR-6899M-RC2KG', 'YES', 'DS3004', '1', '', '2025-11-25 14:31:26');
INSERT INTO `desktop_tb` VALUES ('11', '12th Gen Intel(R) Core(TM) i3-12100', '16 GB RAM DDR4 2400 MHZ', '1 TB NVMe SSD M.2 KINGSTON\r\nSN: 50026B7784AA9B8F', 'ASUS', 'LENOVO  \r\nSN:1S66D2KAC6WWURHHK9F2\r\nTAG: DS0225\r\n\r\nACER MONITOR\r\nSN:MMLTYSS003636051DD4206\r\nTAG: DS0159', 'DAISTAR', 'LOGITECH MOUSE', 'LOGITECH KEYBOARD', '115.88.0.158', '50-EB-F6-2F-05-76', 'MKTG-RALPH', 'WIN 11 PRO 64 BIT - NXKGU-M9PW2-VRCWB-DKCHR-F6YP2', 'YES', 'DS0225', '1', '', '2025-11-25 14:57:18');
INSERT INTO `desktop_tb` VALUES ('12', 'Intel(R) Core(TM) i5-12400 CPU @ 2.50 GHz', '32GB RAM DDR5 4800 MHZ', '1 TB LEXAR SSD NM610 PRO\r\nSN: PMW0404172571P1137\r\n\r\n1 TB LEXAR SSD NM610 PRO\r\nSN:PMW0404169096P1137\r\n\r\n1 TB HDD\r\nSN: Z9AHGLTR', 'GIGABYTE B760M DS3H DDR5', 'ASUS \r\nSN: H6LMTJ007232\r\nTAG:DS0178\r\n\r\nAOC Monitor\r\nSN:W18A4JA016833\r\nTAG:DS0210', 'SECURE', 'DELUXE MOUSE', 'A4TECH KEYBOARD', '115.88.1.140', '14-D4-24-86-23-57', 'MKTG-CHRIS', 'WIN10 PRO 64 BIT - N/A', 'YES', 'DS3043', '1', '', '2025-11-25 14:57:18');
INSERT INTO `desktop_tb` VALUES ('13', 'Intel(R) Core(TM) i3-8100 CPU @ 3.60GHz', '32GB RAM DDR4 2133 MHZ', '477 GB SSD HP SSD S750 512GB,\r\nSN: HASA33140301593;1TB HDD SEAGATE', 'GIGABYTE 2370M D3H', 'NVISION Monitor\r\nSN: N190VL658A241223777\r\nTAG: MTR3022\r\n\r\nACER MONITOR\r\nSN: L8192JA014735\r\nTAG: MTR3023', 'SECURE', 'ASUS MOUSE', 'A4TECH KEYBOARD', '115.88.1.26', 'E0-D5-5E-0D-07-91', 'IT-LENIN', 'WIN10 PRO 64 BIT - C7NCB-JC8CC-DYPBB-PYHYW-W44C6', 'YES', 'DS0178', '1', '', '2025-11-25 14:57:18');
INSERT INTO `desktop_tb` VALUES ('14', 'Intel(R) Pentium(R) Gold G5400 CPU @ 3.70GHz', '8GB RAM DDR4 2400 MHZ', '477 GB SSD ADATA SU650\r\nSN: 203429AJ9JX2', 'ASUS EX-H310M-V3', 'ACER MONITOR\r\nSN: MMLTYSS00363701E024208\r\nTAG: DS0197', 'ECO POWER', 'A4TECH MOUSE', 'A4TECH KEYBOARD', '115.88.1.131', '04-92-26-4B-D9-5B', 'VRF-RENZ', 'WIN10 PRO 64 BIT - N/A', 'YES', 'DS0197', '1', '', '2025-11-25 14:57:18');
INSERT INTO `desktop_tb` VALUES ('15', 'Intel(R) Core(TM) i3-3220 CPU @ 3.30GHz', '8GB RAM DDR3 1333 MHZ', '477 GB SSD ADATA SU650\r\nSN: 103421293617', 'INTEL DH61BF', 'AOC MONITOR\r\nSN: DKLBC1A006991\r\nTAG: MTR3008', 'SECURE', 'DELUXE MOUSE', 'A4TECH KEYBOARD', '115.88.0.164', 'WIN10 PRO 64 BIT', 'VRF-DEXTER', 'WIN10 PRO 64 BIT - N/A', 'YES', 'DS3044', '1', '', '2025-11-25 14:57:18');
INSERT INTO `desktop_tb` VALUES ('16', 'Intel(R) Pentium(R) Gold G5400 CPU @ 3.70GHz', '8GB RAM DDR4 2133 MHZ', '477 GB SSD ADATA SU650\r\nSN: 103421297262', 'ASUS EX-H310M-V3', 'AOC MONITOR\r\nSN: DKLBC1A006875\r\nTAG: MTR3009', 'ECO POWER', 'A4TECH MOUSE', 'A4TECH KEYBOARD', '115.88.1.109', '0C-9D-92-78-32-B0', 'VRF-ALEX', 'WIN10 PRO 64 BIT - N/A', 'YES', 'DS0196', '1', '', '2025-11-25 14:57:18');
INSERT INTO `desktop_tb` VALUES ('17', 'Intel(R) Pentium(R) Gold G6405 CPU @ 4.10GHz', '8GB RAM DDR4 2666 MHZ', '477 GB SSD SPCC\r\nSN:23022619-050552G', 'ASUS PRIME H510M-K', 'AOC MONITOR\r\nSN: AKXF51A005206\r\nTAG: MTR3010', 'ECO POWER', 'A4TECH MOUSE', 'A4TECH KEYBOARD', '115.88.0.229', 'C8-7F-54-03-80-2A', 'VRF-ARLELI', 'WIN10 PRO 64 BIT - N/A', 'YES', 'DS0240', '1', '', '2025-11-25 14:57:18');
INSERT INTO `desktop_tb` VALUES ('18', 'Intel(R) Pentium(R) Gold G5400 CPU @ 3.70GHz', '8GB RAM DDR4 2400 MHZ', '1TB SEAGATE HDD', 'ASUS EX-H310M-V3 r2.0', 'AOC MONITOR\r\nSN:W019AJA000486\r\nTAG: MTR3012', 'MONSTER', 'A4TECH MOUSE', 'NTC KEYBOARD', '115.88.1.65', 'WIN10 PRO 64 BIT', 'SALES-WENG', 'WIN10 PRO 64 BIT - 829RD-NYV4B-HMKR2K-TDDOR-BY49G', 'YES', 'DS0198', '1', '', '2025-11-25 14:57:18');
INSERT INTO `desktop_tb` VALUES ('19', 'Intel(R) Pentium(R) CPU G4560 @ 3.50GHz', '8GB RAM DDR4 2133 MHZ', '477 GB SSD ADATA SU650, \r\nSN: 203729ACDNCD\r\n\r\n466 GB HDD ST500DM002-1BD142', 'GIGABYTE H110M-H', 'AOC MONITOR\r\nSN: W019AJA000482\r\nTAG: MTR3011', 'ECO POWER', 'BELKIN MOUSE', 'DELUXE KEYBOARD', '115.88.1.54', '1C-1B-0D-5B-12-E1', 'SALES-DHALIA', 'WIN10 PRO 64 BIT - PV6N8-XR9QK-X9MY2-TBGDJ-JFG6P', 'YES', 'DS0169', '1', '', '2025-11-25 14:57:18');
INSERT INTO `desktop_tb` VALUES ('20', 'Intel(R) Core(TM) i3-3240 CPU @ 3.40GHz', '8GB RAM DDR3 1333 MHZ', '238 GB SSD Ramsta SSD S800 \r\nSN: RCC412701SA03107', 'ASUS H61M-K', 'AOC MONITOR\r\nSN: AQLI11A008322\r\nTAG: DS0183', 'ECO POWER', 'A4TECH MOUSE', 'A4TECH KEYBOARD', '115.88.1.43', 'D8-50-E6-BC-35-C8', 'SALES-JOSEPH', 'WIN10 PRO 64 BIT - KPCGN-HWCHR-3HMVD-WJ32X-H6DGT', 'YES', 'DS0514', '1', 'small horizontal line on monitor', '2025-11-25 14:57:18');
INSERT INTO `desktop_tb` VALUES ('21', 'Intel(R) Core(TM) i3-2120 CPU @ 3.30GHz', '10GB RAM DDR3 1333 MHZ', '477 GB SSD ADATA SU650\r\nSN: 2O052L19DJJL', 'MSI H61M-P31 (C3)', 'AOC MONITOR\r\nSN: W019AJA000480\r\nTAG: MTR3017', 'SECURE', 'A4TECH MOUSE', 'A4TECH KEYBOARD', '115.88.0.212', '8C-89-A5-DF-6E-A4', 'HR-KAT', 'WIN10 PRO 64 BIT - N/A', 'YES', 'DS3036', '1', '', '2025-11-25 14:57:18');
INSERT INTO `desktop_tb` VALUES ('22', 'Intel(R) Pentium(R) CPU G4400 @ 3.30GHz', '8GB RAM DDR4 2133 MHZ', '477 GB SSD ADATA SU650\r\nSN: 2O052L19DJJL', 'GIGABYTE GA-H110M-DS2', 'AOV MONITOR,SN: W019AJA000480', 'MONSTER', 'A4TECH MOUSE', 'A4TECH KEYBOARD', '115.88.1.79', 'E0-D5-5E-32-E5-96', 'HR-SOL', 'WIN10 PRO 64 BIT - N/A', 'YES', 'DS0176', '1', 'dead pixel on monitor', '2025-11-25 14:57:18');
INSERT INTO `desktop_tb` VALUES ('23', 'Intel(R) Core(TM) i3-3220 CPU @ 3.30GHz', '8GB RAM DDR3 1333 MHZ', '477 GB SSD Apacer AS350 512GB, \r\nSN: 142407509290\r\n\r\n466 GB HDD ST500DM009-2F110A', 'INTEL DH61BF', 'AOC MONITOR\r\nSN: ANRH91A000263\r\nTAG: MTR3013', 'DSTAR', 'A4TECH MOUSE', 'A4TECH KEYBOARD', '115.88.0.231', 'EC-A8-6B-F5-66-B9', 'CNC-OSCAR', 'WIN10 PRO 64 BIT - D42T9-2N777-R7TVR-CD3VD-G83GT', 'YES', 'DS0154', '1', '', '2025-11-25 14:57:18');
INSERT INTO `desktop_tb` VALUES ('24', 'Intel(R) Core(TM) i3-4170 CPU @ 3.70GHz', '8GB RAM DDR3 1333 MHZ', '477 GB SSD Apacer AS350 512GB, \r\nSN: 142407509289\r\n\r\n466 GB HDD ST500DM009-2F110A', 'GIGABYTE GA-H81M-DS2', 'AOV MONITOR,SN: W0197JA005330', 'ECO POWER', 'A4TECH MOUSE', 'DELUXE KEYBOARD', '115.88.0.209', '40-8D-5C-F2-EE-E3', 'CNC-STAFF', 'WIN10 PRO 64 BIT - N/A', 'YES', 'DS3037', '1', '', '2025-11-25 14:57:18');
INSERT INTO `desktop_tb` VALUES ('25', 'Intel(R) Core(TM) i3-9100 CPU @ 3.60GHz', '8GB RAM DDR4 2133 MHZ', '477 GB SSD Apacer AS350 512GB\r\nSN: 142407509267\r\n\r\n932 GB HDD ST1000DM010-2EP102,', 'ASUS EX-H310M-V3 r2.0', 'AOC MONITOR\r\nSN:  ELPCB1A005502\r\nTAG: MTR3014', 'ECO POWER', 'DELUXE MOUSE', 'A4TECH KEYBOARD', '115.88.1.29', 'F0-2F-74-35-03-EC', 'CNC-SUERVISOR', 'WIN10 PRO 64 BIT - J32C7-NFQ9W-VHX7C-9VBF3-2WF9G', 'YES', 'DS0214', '1', '', '2025-11-25 14:57:18');
INSERT INTO `desktop_tb` VALUES ('28', 'Intel(R) Pentium(R) Gold G6400 CPU @ 4.00GHz', '8GB RAM DDR4 2400 MHZ', '120 GB SSD KINGMAX SSD,SN: N200900030271;500 GB HDD', 'ASUS PRIME H510M-D', 'PHILLIPS MONITOR\r\nSN: ZV5A1632001245\r\nTAG: DS0191', 'PROTEC', 'ECO 8 MOUSE', 'A4TECH KEYBOARD', '115.88.0.111', 'A0-36-BC-24-59-83', 'KOPPEL-WSUA01', 'WIN10 PRO 64 BIT - QD4NG-W4FY4-CYKWT-Y4WGR-WFG6P', 'YES', 'DS4234', '1', '', '2025-11-25 15:02:58');
INSERT INTO `desktop_tb` VALUES ('29', 'Intel(R) Pentium(R) CPU G4400 @ 3.30GHz', '8GB RAM DDR4 2133 MHZ', '500GB SSD ADATA', 'GIGABYTE GA-H110M-H', 'AOV MONITOR\r\nSN: AQII41A002769\r\nTAG: DS0157', 'SECURE', 'A4TECH MOUSE', 'NTC KEYBOARD', '115.88.0.150', 'E0-D5-5E-79-3C-69', 'KOPPEL-ACCTG011', 'WIN10 PRO 64 BIT - 633NG-9GY2W-CPJ6R-VQ3G2-XTPKG', 'YES', 'DS0191', '1', '', '2025-11-25 15:02:58');
INSERT INTO `desktop_tb` VALUES ('30', 'Intel(R) Core(TM) i3-9100 CPU @ 3.60GHz', '8GB RAM DDR4 2400 MHZ', '1 TB HDD', 'ASUS EX H310M-V3 R2.0', 'AOV MONITOR,SN: W0197JA000783', 'MONSTER', 'DELUXE MOUSE', 'A4TECH KEYBOARD', '115.88.1.62', 'F0-2F-74-35-05-52', 'KOPPEL-VILMA', 'WIN10 PRO 64 BIT - NYCT8-KJPVC-VY8XX-T8VY7-94R96', 'YES', 'DS0215', '1', '', '2025-11-25 15:02:58');
INSERT INTO `desktop_tb` VALUES ('31', 'Intel(R) Core(TM) i3-9100 CPU @ 3.60GHz', '8GB RAM DDR4 2400 MHZ', '1 TB HDD', 'ASUS EX H310M-V3 R2.0', 'AOV MONITOR\r\nSN: AQLK61A001081\r\nTAG:MS00029', 'POWERPLUS', 'A4TECH MOUSE', 'A4TECH KEYBOARD', '115.88.1.61', 'F0-2F-74-35-05-6A', 'KOPPEL-ACCTGA07', 'WIN10 PRO 64 BIT - WBPN9-9JTC8-7Y8YG-6V7XV-6XXTT', 'YES', 'DS0217', '1', '', '2025-11-25 15:02:58');
INSERT INTO `desktop_tb` VALUES ('32', 'Intel(R) Core(TM) i3-10105 CPU @ 3.70GHz', '8GB RAM DDR4 2666 MHZ', '500 GB SSD', 'GIGABYTE H410M H V3', 'NVISION MONITOR\r\nSN: N185VL658A221102418\r\nTAG: MTR3025', 'POWERPLUS', 'A4TECH MOUSE', 'INTEXS KEYBOARD', '115.88.0.194', 'D8-5E-D3-4E-7A-A9', 'KOPPEL-ACCTGH01', 'WIN10 PRO 64 BIT - N/A', 'YES', 'DS0324', '1', 'OK', '2025-11-25 15:02:58');
INSERT INTO `desktop_tb` VALUES ('33', 'Intel(R) Pentium(R) Gold G5400 CPU @ 3.70GHz', '8GB RAM DDR4 2400 MHZ', '500 GB SSD', 'GIGABYTE H410M H V3', 'AOV MONITOR\r\nSN: GCRDB1A003699\r\nTAG:MTR3026', 'SECURE', 'A4TECH MOUSE', 'A4TECH KEYBOARD', '115.88.0.244', '04-D4-C4-AB-E3-29', 'KOPPEL-REVFUND01A', 'WIN10 PRO 64 BIT - YYDWN-R84C9-3VBMK-86HXC-W2QGT', 'YES', 'DS0196', '1', '', '2025-11-25 15:02:58');
INSERT INTO `desktop_tb` VALUES ('34', 'Intel(R) Core(TM) i3-10105 CPU @ 3.70GHz', '8GB RAM DDR4 2666 MHZ', '238 GB SSD TEAM T253256GB,SN: 1F2308290071671', 'GIGABYTE H410M H V3', 'AOV MONITOR\r\nSN: AKXH31A007305\r\nTAG: MS00007', 'POWERPLUS', 'A4TECH MOUSE', 'A4TECH KEYBOARD', '115.88.1.38', 'D8-5E-D3-4E-71-11', 'DESKTOP-G6TUUGL', 'WIN10 PRO 64 BIT - N/A', 'YES', 'DS3007', '1', '', '2025-11-25 15:02:58');
INSERT INTO `desktop_tb` VALUES ('35', 'Intel(R) Core(TM) i3-9100 CPU @ 3.60GHz', '8GB RAM DDR4 2400 MHZ', '500 GB SSD', 'ASUS EX H310M-V3 R2.0', 'AOV MONITOR\r\nSN: V4898JA003061\r\nTAG: MTR3027', 'SECURE', 'A4TECH MOUSE', 'A4TECH KEYBOARD', '115.88.1.36', 'F0-2F-74-35-03-0B', 'KOPPEL-ACCTG22A', 'WIN10 PRO 64 BIT - V7N72-2X974-W3VVX-BDR8J-JFG6P', 'YES', 'DS0222', '1', '', '2025-11-25 15:02:58');
INSERT INTO `desktop_tb` VALUES ('37', 'Intel(R) Core(TM) i3-10100 CPU @ 3.60GHz (3.60 GHz)', '8GB RAM DDR5 4800 MHZ', '500GB KINGSTON NVME SSD', 'ASUS', 'NVISION Monitor\r\nSN: N185VL658A221006141\r\nTAG: MTR3021', 'APC UPS', 'A4TECH MOUSE', 'A4TECH KEYBOARD', '115.88.1.94', 'A0-36-BC-2B-91-50', 'PURCH-ASSISTANT', 'WIN11 PRO 64 BIT - 4HGVY-N67RT-69QVX-W4DDC-3YH26', 'YES', 'DS0227', '1', '', '2026-01-19 13:34:18');
INSERT INTO `desktop_tb` VALUES ('38', '12th Gen Intel(R) Core(TM) i3-12100 (3.30 GHz)', '8GB RAM DDR4 3200 MHZ', '477 GB SSD Apacer AS350 512GB\r\nSN:', 'ASUS', 'NVISION Monitor\r\nSN: N185VL658A231110742\r\nTAG: MTR014', 'MONSTER', 'A4TECH MOUSE', 'A4TECH KEYBOARD', '115.88.1.59', '08-BF-B8-A3-E4-8C', 'PURCH-BELLE', 'WIN11 PRO 64 BIT - KDVCN-PR7QD-DW3C9-T6D2Y-QJ3DP', 'YES', 'DS0247', '1', '', '2026-01-19 13:34:18');
INSERT INTO `desktop_tb` VALUES ('39', 'Intel(R) Core(TM) i5-10400 CPU @ 2.90GHz (2.90 GHz)', '16GB RAM DDR4 2666 MHZ', '477 GB SSD ADATA SU650', 'GIGABYTE H510M K V2', 'NVISION Monitor\r\nSN: N190HDV8S241113131\r\nTAG: MTR3019', 'ECO POWER', 'A4TECH MOUSE', 'Hewlett Packard Keyboard', '115.88.1.162', '74-56-3C-F8-83-AD', 'PURCH-RONNIE', 'WIN11 PRO 64 BIT - 2427N-4TPYM-4F7RD-JVY4M-92FC2', 'YES', 'DS3015', '1', '', '2026-01-19 13:34:18');
INSERT INTO `desktop_tb` VALUES ('40', '3.70 gigahertz Intel Core i3-4170', '8GB RAM DDR3 1600 MHZ', 'Apacer AS350 512GB\r\nSN: 2023121309028854', 'Gigabyte Technology Co., Ltd. H81M-DS2', 'AOC 1621Wb [Monitor]\r\nSN: 2465, December 2012\r\nTAG: DS3040', 'SECURE', 'A4TECH MOUSE', 'A4TECH KEYBOARD', '115.88.1.28', '40:8D:5C:D5:86:87', 'CS-LEN', 'WIN10 PRO 64 BIT - VK7JG-NPHTM-C97JM-9MPGT-3V66T', 'NONE', 'DS0151', '1', 'N/A', '2026-01-19 13:50:54');
INSERT INTO `desktop_tb` VALUES ('41', '3.70 gigahertz Intel Pentium Gold G5400', '8GB RAM DDR3 1600 MHZ', 'Apacer AS350 512GB\r\nSN: 2023122503002173', 'ASUSTeK COMPUTER INC. EX-H310M-V3 R2.0 Rev X.0x', 'AOC 1670W [Monitor]\r\nSN: 1107, July 2019\r\nTAG: DS3045', 'SECURE', 'A4TECH MOUSE', 'A4TECH KEYBOARD', '115.88.0.208', '04:D4:C4:AB:E3:2C', 'CS-ANALIZA', 'WIN10 PRO 64 BIT - VK7JG-NPHTM-C97JM-9MPGT-3V66T', 'NONE', 'DS3046', '1', 'N/A', '2026-01-19 13:50:54');
INSERT INTO `desktop_tb` VALUES ('42', '3.70 gigahertz Intel Pentium Gold G5400', '4GB RAM DDR3 1600 MHZ', 'Apacer AS350 512GB SSD\r\nSN: 2023121309001618', 'ASUSTeK COMPUTER INC. EX-H310M-3 R2.0 Rev X.0x', 'AOC 1621Wb [Monitor]\r\nSN: 2468, December 2012\r\nTAG: MTR3027', 'SECURE', 'A4TECH MOUSE', 'A4TECH KEYBOARD', '115.88.1.64', '04:D4:C4:AB:E3:39', 'CS-JESSEBEL', 'WIN10 PRO 64 BIT - VK7JG-NPHTM-C97JM-9MPGT-3V66T', 'NONE', 'DS0200', '1', 'N/A', '2026-01-19 13:50:54');
INSERT INTO `desktop_tb` VALUES ('43', '3.70 gigahertz Intel Pentium Gold G5400', '8GB RAM DDR3 1600 MHZ', '500 GB SSD ADATA SU650\r\nSN: 2O342916A5LJ', 'ASUSTeK COMPUTER INC. EX-H310M-V3 R2.0 Rev X.0x', 'AOC 1670W [Monitor]\r\nSN: 2846, December 2014\r\nTAG: DS3049', 'SECURE', 'A4TECH MOUSE', 'A4TECH KEYBOARD', '115.88.0.247', '04:D4:C4:AB:E2:CE', 'CS-JONA', 'WIN10 PRO 64 BIT - VK7JG-NPHTM-C97JM-9MPGT-3V66T', 'NONE', 'DS0201', '1', 'N/A', '2026-01-19 13:50:54');
INSERT INTO `desktop_tb` VALUES ('44', '3.70 gigahertz Intel Pentium Gold G5400', '8GB RAM DDR3 1600 MHZ', '500 GB SSD ADATA SU650\r\nSN:1O3421293650\r\nST500DM002-1BD142 500GB HDD Z6EHD7Y', 'ASUSTeK COMPUTER INC. EX-H310M-V3 R2.0 Rev X.0x', 'AOC 1619w [Monitor]\r\nSN: 3064, August 2009\r\nTAG: DS3048', 'SECURE', 'A4TECH MOUSE', 'A4TECH KEYBOARD', '115.88.1.58', '04:D4:C4:22:E0:AA', 'CS-MIKE', 'WIN10 PRO 64 BIT - VK7JG-NPHTM-C97JM-9MPGT-3V66T', 'NONE', 'DS03047', '1', 'N/A', '2026-01-19 13:50:54');
INSERT INTO `desktop_tb` VALUES ('45', '3.70 gigahertz Intel Pentium Gold G5400', '8GB RAM DDR3 1600 MHZ', 'ADATA SU650 512GB SSD\r\nSN: 2O342L161C2X', 'ASUSTeK COMPUTER INC. EX-H310M-V3 R2.0 Rev X.0x', 'AOC 1670W [Monitor]\r\nSN: 7634, April 2016\r\nTAG: DS0154', 'SECURE', 'A4TECH MOUSE', 'A4TECH KEYBOARD', '115.88.1.80', '04:D4:C4:AB:E3:33', 'CS-RAY', 'WIN10 PRO 64 BIT - VK7JG-NPHTM-C97JM-9MPGT-3V66T', 'NONE', 'DS0198', '1', 'N/A', '2026-01-19 13:50:54');
INSERT INTO `desktop_tb` VALUES ('46', '3.70 gigahertz Intel Pentium Gold G5400', '8GB RAM DDR3 1600 MHZ', 'ADATA SU650 512GB SSD\r\nSN: 2O34291J11G9', 'ASUSTeK COMPUTER INC. EX-H310M-V3 R2.0 Rev X.0x', 'AOC 1670W [Monitor]\r\nSN: 5729, December 2014\r\nTAG: DS3039', 'SECURE', 'A4TECH MOUSE', 'A4TECH KEYBOARD', '115.88.0.253', '04:D4:C4:AB:E3:37', 'CS-MEL', 'WIN10 PRO 64 BIT - VK7JG-NPHTM-C97JM-9MPGT-3V66T', 'NONE', 'DS0203', '1', 'N/A', '2026-01-19 13:50:54');
INSERT INTO `desktop_tb` VALUES ('47', 'Intel(R) Core(TM) i5-10500 CPU @ 3.10GHz', '16GB RAM DDR4 2666 MHZ', '500 GB SSD Apacer AS350', 'Dell Optipex 3080', 'NVISION MONITOR\r\nSN:N185VL658A221102475\r\nTag: MTR3004', 'SECURE', 'A4TECH MOUSE', 'A4TECH KEYBOARD', '115.88.0.207', '70-B5-E8-5F-BA-50', 'SERVICE-ERIC', 'WIN10 PRO 64 BIT', 'YES', 'DS3012', '1', 'N/A', '2026-01-19 14:01:37');
INSERT INTO `desktop_tb` VALUES ('48', 'Intel(R) Core(TM) i5-10500T CPU @ 2.30GHz', '16GB RAM DDR4 2666 MHZ', '500 GB SSD SPCC Solid State Disk', 'Dell Optipex 3080', 'NVISION MONITOR\r\nSN: N190VL658A240563784\r\nTag: MTR3001', 'SECURE', 'A4TECH MOUSE', 'A4TECH KEYBOARD', '115.88.1.99', '70-B5-E8-69-56-60', 'SERVICE-JR', 'WIN10 PRO 64 BIT', 'YES', 'DS3008', '1', 'Mouse scroll frequent malfunction', '2026-01-19 14:01:37');
INSERT INTO `desktop_tb` VALUES ('49', 'Intel(R) Core(TM) i5-10500T CPU @ 2.30GHz', '16GB RAM DDR4 2400 MHZ', '500 GB SSD SPCC Solid State Disk', 'Dell Optipex 3080', 'NVISION MONITOR\r\nSN:N190VL658A241117274\r\nTag: MTR3003', 'SECURE', 'RAPOO MOUSE', 'RAPOO KEYBOARD', '115.88.1.41', 'A4-BB-6D-88-56-80', 'SERVICE-COLEEN', 'WIN10 PRO 64 BIT', 'YES', 'DS3011', '1', 'N/A', '2026-01-19 14:01:37');
INSERT INTO `desktop_tb` VALUES ('50', 'Intel(R) Core(TM) i5-10210U CPU @ 1.60GHz', '16GB RAM DDR4 2666 MHZ', '500 GB SSD KBG50ZNV512G KIOXIA', 'HP 260 G4 Desktop Mini PC', 'NVISION MONITOR\r\nSN: N190VL658A241116648\r\nTag: MTR3002', 'SECURE', 'A4TECH MOUSE', 'A4TECH KEYBOARD', '115.88.0.135', 'E0-70-EA-A8-F7-E2', 'SERVICE-NIKKO', 'WIN10 PRO 64 BIT', 'NONE', 'DS3010', '1', 'Frequent disconnection of hdmi to monitor', '2026-01-19 14:01:37');
INSERT INTO `desktop_tb` VALUES ('51', 'Intel(R) Core(TM) i3-3240 CPU @ 3.40GHz', '8GB RAM DDR3 1600 MHZ', '500 GB SSD ADATA SU650', 'ASUS H61M-K', 'A0V MONITOR\r\nSN: T69LHDNCYHGGNN\r\nTag: MTR3005', 'ECO POWER', 'A4TECH MOUSE', 'A4TECH KEYBOARD', '115.88.1.83', 'D8-50-E6-BC-08-62', 'SERVICE-HAYZEL', 'WIN10 PRO 64 BIT', 'NONE', 'DS3013', '1', 'Pixilated monitor\r\nReplaced monitor (1-22-26)', '2026-01-19 14:01:37');
INSERT INTO `desktop_tb` VALUES ('52', 'Intel(R) Core(TM) i3-3240 CPU @ 3.40GHz', '8GB RAM DDR3 1600 MHZ', '500 GB SSD HP SSD S750', 'GIGABYTE H61K-M', 'A0V MONITOR\r\nSN: AKXFA1001996\r\nTag: DS0150', 'SECURE', 'A4TECH MOUSE', 'A4TECH KEYBOARD', '115.88.0.157', 'D8-50-E6-BC-0A-4A', 'SERVICE-KIA', 'WIN10 PRO 64 BIT', 'NONE', 'DS3014', '1', 'defective pc power button', '2026-01-19 14:01:37');
INSERT INTO `desktop_tb` VALUES ('53', 'Intel(R) Core(TM) i3-4170 CPU @ 3.70GHz', '8GB RAM DDR3 1333 MHZ', '500 GB SSD ADATA SU650', 'Gigabyte GA-H81M-DS2', 'ACER MONITOR\r\nSN: ETLTYSS00364305B4F4206\r\nTag: DS0162', 'SECURE', 'A4TECH MOUSE', 'A4TECH KEYBOARD', '115.88.1.111', '40-8D-5C-6E-F1-0B', 'SERVICE-RIRI', 'WIN10 PRO 64 BIT - PGY4V-NWFWJ-VPFQ9-GJQ9M-RC2KG', 'NONE', 'DS3009', '1', 'N/A', '2026-01-19 14:01:37');
INSERT INTO `desktop_tb` VALUES ('54', 'Intel Pentium Gold G5400 3.70GHz', '12GB RAM DDR 1333MHZ', '500 GB SSD ADATA SU650', 'ASUSTeK COMPUTER INC. EX-H310M-V3 R2.0 Rev X.0x', 'AOC 1621Wb\r\nSN: DRQC31A005248\r\nTAG: MTR3007', 'SECURE', 'A4TECH MOUSE', 'A4TECH KEYBOARD', '115.88.0.189', '04:D9:F5:64:C6:0E', 'SERVICE-ALDRINE', 'WIN10 PRO 64 BIT - 7Q39T-N937F-FYDTT-P4CYB-TXXTT', 'NONE', 'DS3023', '1', 'N/A', '2026-01-19 14:01:37');
INSERT INTO `desktop_tb` VALUES ('55', 'Intel Core i3-4170 3.70GHz', '16GB RAM DDR4 2666 MHZ', 'Apacer AS350 512GB\r\nSN: MP51A47000494', 'Gigabyte Technology Co., Ltd. H81M-DS2', 'AOC 1621Wb\r\nSN: EGGC51A007122\r\nTAG: DS3006', 'SECURE', 'A4TECH MOUSE', 'A4TECH KEYBOARD', '115.88.0.176', '40:8D:5C:6E:F8:D6', 'SERVICE-R0SE', 'WIN10 PRO 64 BIT - VK7JG-NPHTM-C97JM-9MPGT-3V66T', 'NONE', 'DS3016', '1', 'N/A', '2026-01-19 14:01:37');
INSERT INTO `desktop_tb` VALUES ('56', 'Intel Core i3-10100 3.60GHz', '8GB RAM DDR3 1600 MHZ', 'SPCC M.2 PCIe SSD 512GB\r\nSN: 134807121BC700039238', 'ASUSTeK PRIME H510M-D', 'AOC 1670W (s/n 7459, January 2018)', 'N/A', 'A4TECH MOUSE', 'A4TECH KEYBOARD', '115.88.1.88', '58:11:22:05:F1:BC', 'WHSE-JOEY', 'WIN10 PRO 64 BIT - GT82M-FNW9W-8YXY9-G8BQB-CWF9C', 'NONE', 'DS0229', '1', 'N/A', '2026-01-19 14:01:37');
INSERT INTO `desktop_tb` VALUES ('57', '3.30 gigahertz Intel Core i3-3220', '4GB DDR3 RAM', 'ST500DM002- 1BD142 500.11 GB HDD W2AX2LWH', 'Intel Corporation DH61BF AAG81311-101 Serial Number: GEBF30300GAH', 'AOC 1670W [Monitor] (15.3\"vis, s/n 2990, January 2018)', 'SECURE', 'A4TECH MOUSE', 'KEYBOARD', '192.168.1.65', 'EC:A8:6B:F6:AA:84', 'KOPPEL-WHOUSE20', 'WIN7  Ultimate - 342DG-6YJR8-X92GV-V7DCV-P4K27', 'YES', 'YES', '3', 'N/A', '2026-01-24 11:59:45');
INSERT INTO `desktop_tb` VALUES ('58', '3.70 gigahertz Intel Pentium Gold G5400', '4GB DDR4 RAM', 'ADATA SU650 512.11 GB SSD 2O462L16JJG9', 'ASUSTeK COMPUTER INC. EX-H310M-V3 R2.0 Rev X.0x Serial Number: 190144687504018', 'AOC 1670W [Monitor] (15.3\"vis, s/n 1194, December 2014)', 'SECURE', 'A4TECH MOUSE', 'KEYBOARD', '192.168.1.67', '04:D4:C4:23:1F:50', 'DESKTOP-JCTJO4K', 'WIN10 PRO 64 BIT - 6J2T6-NCMM2-6GXHQ-GJ8X8-VH64C', 'YES', 'YES', '3', 'N/A', '2026-01-24 11:59:45');
INSERT INTO `desktop_tb` VALUES ('59', '3.30 gigahertz Intel Pentium G4400', '8GB DDR4 RAM', 'ADATA SU650 512.11 GB SSD 1O3421293659 0 ST500DM002- 1BD142 500.11 GB HDD S2AABNKE 1', 'ASUSTeK COMPUTER INC. H110M-K Rev X.0x Serial Number: 160470820907167', 'AOC 1621Wb [Monitor] (15.3\"vis, s/n 800, September 2012)', 'SECURE', 'A4TECH MOUSE', 'KEYBOARD', '192.168.1.66', '34:97:F6:9B:7F:0C', 'DESKTOP-4SAE3M3', 'WIN10 PRO 64 BIT - BJNRV-TJ6C4-QJ29G-VK9QT-V6DGT', 'YES', 'YES', '3', 'N/A', '2026-01-24 11:59:45');
INSERT INTO `desktop_tb` VALUES ('60', '3.30 gigahertz Intel Core i3-3220', '4GB DDR4 RAM', 'ST500DM002- 1BD142 500.11 GB HDD Z3TLEYKL', 'Intel Corporation DH61BF AAG81311-101 Serial Number: GEBF30100TFC', 'IPS N190HDV8 [Monitor] (19.1\"vis, s/n V9U170100001, July 2023)', 'SECURE', 'A4TECH MOUSE', 'KEYBOARD', '192.168.1.216', 'EC:A8:6B:F5:40:08', 'KOPPEL-WHSE004', 'WIN10 PRO 64 BIT - VK7JG-NPHTM-C97JM-9MPGT-3V66T', 'YES', 'YES', '3', 'N/A', '2026-01-24 11:59:45');
INSERT INTO `desktop_tb` VALUES ('61', '3.30 gigahertz Intel Pentium G4400', '4GB DDR4 RAM', 'WDC WD5000AZLX60K2TA0 500.11 GB HDD WD- WCC6Z2NJR9V3', 'Gigabyte Technology Co., Ltd. H110M-H-CF Bus Clock: 100 megahertz', 'AOC 1619w [Monitor] (15.3\"vis, s/n 14729, February 2009)', 'SECURE', 'A4TECH MOUSE', 'KEYBOARD', '192.168.1.25', 'E0:D5:5E:3A:98:9E', 'KOPPEL-WHSE23', 'WIN10 PRO 64 BIT - JYFRN-YGBTT-P8XFR-MGPQM-R6YP6', 'YES', 'YES', '3', 'N/A', '2026-01-24 11:59:45');
INSERT INTO `desktop_tb` VALUES ('62', '3.40 gigahertz Intel Core i3-3240', '2GB DDR4 RAM', 'TOSHIBA DT01ACA050 500.11 GB HDD 44PARXKFS', 'ASUSTeK COMPUTER INC. H61M-K Rev X.0x Serial Number: 131017190309010', 'AOC 1670W [Monitor] (15.3\"vis, s/n 1056, June 2019)', 'SECURE', 'A4TECH MOUSE', 'KEYBOARD', '192.168.1.64', 'D8:50:E6:BC:35:BD', 'KOPPEL-WHOUSE08', 'WIN7 Ultimate - 342DG-6YJR8-X92GV-V7DCV-P4K27', 'YES', 'YES', '3', 'N/A', '2026-01-24 11:59:45');
INSERT INTO `desktop_tb` VALUES ('63', 'Intel(R) Core(TM) i3-10105 CPU @ 3.70GHz 3.70 GHz', '8GB RAM DDR4 2400 MHZ', '477 GB SSD Apacer AS350 512GB SN: 2P092LAGN1YU', 'GIGABYTE H410M H V3', 'NVISION MONITOR SN: N2OOHDV3S231025036', 'POWERPRO', 'A4TECH MOUSE', 'KEYBOARD', '115.88.0.206', 'D8-5E-D3-D5-8D-5C', 'DESKTOP-SOHJSCK', 'VK7JG-NPHTM-C97JM-9MPGT-3V66T', 'NONE', 'YES', '6', 'NONE', '2026-01-24 12:06:00');
INSERT INTO `desktop_tb` VALUES ('64', 'Intel(R) Pentium(R) Gold G6400 CPU @ 4.00GHz 4.01 GHz', '8GB RAM DDR4 2666 MHZ', '477 GB SSD Apacer AS350 512GB SN: 142502318558', 'GIGABYTE H410M H', 'NVISION MONITOR SN: N190VL658A240886931', 'VOLTZ AVR', 'A4TECH MOUSE', 'KEYBOARD', '115.88.0.225', '18-C0-4D-7A-FB-EE', 'DESKTOP-6SRGH0R', 'VK7JG-NPHTM-C97JM-9MPGT-3V66T', 'NONE', 'YES', '6', 'NONE', '2026-01-24 12:06:00');
INSERT INTO `desktop_tb` VALUES ('65', 'Intel(R) Pentium(R) Gold G6400 CPU @ 4.00GHz 4.01 GHz', '8GB RAM DDR4 2133 MHZ', '477 GB SSD Apacer AS350 512GB SN: 142502318566', 'GIGABYTE H410M H', 'AOV MONITOR SN: I8794JA025175', 'SECURE', 'A4TECH MOUSE', 'DELUXE KEYBOARD', '115.88.0.205', '18-C0-4D-7A-FC-25', 'DESKTOP-CKPKM18', 'VK7JG-NPHTM-C97JM-9MPGT-3V66T', 'NONE', 'YES', '6', 'NONE', '2026-01-24 12:06:00');
INSERT INTO `desktop_tb` VALUES ('66', 'Intel(R) Pentium(R) Gold G5400 CPU @ 3.70GHz 3.70 GHz', '8GB RAM DDR4 2133 MHZ', '477 GB SSD Apacer AS350 512GB SN: 142502318564', 'ASUS EX-H310M-V3', 'AOV MONITOR SN: EGGC91A000793', 'SECURE', 'A4TECH MOUSE', 'KEYBOARD', '115.88.1.7', '0C-9D-92-C6-10-E3', 'DESKTOP-UR5LAJG', 'VK7JG-NPHTM-C97JM-9MPGT-3V66T', 'NONE', 'YES', '6', 'DS0207', '2026-01-24 12:06:00');
INSERT INTO `desktop_tb` VALUES ('67', 'Intel(R) Core(TM) i3-3240 CPU @ 3.40GHz 3.40 GHz', '8GB RAM DDR3 1600 MHZ', '477 GB SSD Apacer AS350 512GB SN: 142502318559', 'PCI EXPRESS H61MGV3 V. 7.5', 'AOV MONITOR SN: GBPD9JA001942', 'ECO POWER', 'RAPOO MOUSE', 'KEYBOARD', '115.88.0.237', 'B8-97-5A-63-E0-84', 'DESKTOP-AOM1EBP', 'VK7JG-NPHTM-C97JM-9MPGT-3V66T', 'NONE', 'YES', '6', 'NONE', '2026-01-24 12:06:00');
INSERT INTO `desktop_tb` VALUES ('68', 'Intel(R) Pentium(R) Gold G5400 CPU @ 3.70GHz 3.70 GHz', '8GB RAM DDR4 2133 MHZ', '477 GB SSD Apacer AS350 512GB SN: 2P10292H8HRT', 'ASUS EX-H310M-V3', 'AOV MONITOR SN: R75A9JA005321', 'POWER PRO', 'A4TECH MOUSE', 'KEYBOARD', '115.88.0.153', '0C-9D-92-C6-10-E9', 'DESKTOP-TGP27B6', 'VK7JG-NPHTM-C97JM-9MPGT-3V66T', 'NONE', 'YES', '6', 'DS0206', '2026-01-24 12:06:00');
INSERT INTO `desktop_tb` VALUES ('69', 'Intel(R) Core(TM) i3-3240 CPU @ 3.40GHz 3.40 GHz', '8GB RAM DDR3 1600 MHZ', '477 GB SSD Apacer AS350 512GB SN: 142507318565', 'ASUS H61M-C', 'PHILLIPS MONITOR SN: ZV5A1334005044', 'MONSTER', 'A4TECH MOUSE', 'KEYBOARD', '115.88.0.228', '78-24-AF-8F-26-88', 'DESKTOP-D3P4E45', 'VK7JG-NPHTM-C97JM-9MPGT-3V66T', 'NONE', 'YES', '6', 'defective avr', '2026-01-24 12:06:00');
INSERT INTO `desktop_tb` VALUES ('70', 'Intel(R) Core(TM) i3-3210 CPU @ 3.20GHz 3.20 GHz', '8GB RAM DDR3 1600 MHZ', '477 GB SSD Apacer AS350 512GB SN: 203729AC1KUA', 'INTEL DH61BF', 'N/A', 'DTS', 'A4TECH MOUSE', 'KEYBOARD', '115.88.0.182', '2C-4B-0D-FA-69-C7', 'DESKTOP-1FCDQSS', 'VK7JG-NPHTM-C97JM-9MPGT-3V66T', 'NONE', 'NO', '6', 'defective monitor', '2026-01-24 12:06:00');
INSERT INTO `desktop_tb` VALUES ('71', 'Intel(R) Core(TM) i3-3240 CPU @ 3.40GHz 3.40 GHz', '8GB RAM DDR3 1333 MHZ', '477 GB SSD Apacer AS350 512GB SN: 142407506992', 'GIGABYTE GA-H61M-S1', 'AOV MONITOR SN: ENUC51A010729', 'DTS', 'A4TECH MOUSE', 'KEYBOARD', '115.88.1.147', '40-8D-5C-43-1D-FF', 'DESKTOP-DS0433I', 'VK7JG-NPHTM-C97JM-9MPGT-3V66T', 'NONE', 'NO', '6', 'NONE', '2026-01-24 12:06:00');
INSERT INTO `desktop_tb` VALUES ('72', 'INTEL CORE I3-3240 3.4GHZ', '8GB DDR3 1600MHZ', 'RAMSTA S800 250GB SN#RCC412701SA00020', 'GIGABYTE GA-H61M-S1', 'AOC 15.6\" WIDE SCREEN MONITOR SN#AKXH31A008029', 'RADIUS 5A 3 SOCKET 220V 1 SOCKET 110V', 'A4TECH MOUSE', 'KEYBOARD', '115.88.0.232', '40:8D:5C:43:F4:99', 'HEEC001', 'VK7JG-NPHTM-C97JM-9MPGT-3V66T', 'NONE', 'YES', '6', 'WIN10', '2026-01-24 12:06:00');
INSERT INTO `desktop_tb` VALUES ('73', 'Intel Core i3-4170 3.70GHz', '4GB DDR4', 'ST500DM002-1BD142 500.11 GB HDD S3T2W6C5', 'Gigabyte Technology Co., Ltd. H81M-DS2', 'AOC 1670W [Monitor] (15.3\", s/n 7374, April 2016)', 'SECURE', 'A4TECH', 'KEYBOARD', '10.133.50.60', '00:09:0F:FE:00:01', 'KOPPEL-ACCTG005', 'WIN10 PRO 64 BIT - CNYDC-4K3JR-QJVVB-J7RGQ-T6PKG', 'YES', 'YES', '2', 'slow pc', '2026-01-24 12:24:21');
INSERT INTO `desktop_tb` VALUES ('74', 'Intel Pentium G4400 3.30GHz', '4GB DDR4', 'WDC WD5000AZLX22JKKA0 500.11 GB HDD WDWCC6Z5RKDCE9', 'Gigabyte Technology Co., Ltd. H110M-H-CF', 'AOC 1670W [Monitor] (15.3\", s/n 7665, April 2016)', 'SECURE', 'A4TECH', 'KEYBOARD', '10.133.50.149', 'E0:D5:5E:3A:98:A6', 'KOPPEL-ACCTG012', 'WIN10 PRO 64 BIT - CBNX6-DVCH3-XMVTX-6VTRX-9HJXG', 'YES', 'YES', '2', 'slow pc', '2026-01-24 12:24:21');
INSERT INTO `desktop_tb` VALUES ('75', 'Intel Core i3-9100 3.60GHz', '8GB DDR4', 'ST1000DM010-2EP102 1.00 TB HDD ZN1MCG85', 'ASUSTeK COMPUTER INC. EX-H310M-V3 R2.0 Serial Number: 201278671600389', 'NVISION IPS N190HDV8 [Monitor] (19.1\", s/n V9U170100001, July 2023)', 'SECURE', 'A4TECH', 'KEYBOARD', '10.133.50.197', 'F0:2F:74:35:03:AE', 'koppel-acctga04', 'WIN10 PRO 64 BIT - VYYH8-NB873-GHK6H-8WXYB-TXXTT', 'YES', 'YES', '2', 'slow pc', '2026-01-24 12:24:21');
INSERT INTO `desktop_tb` VALUES ('76', 'Intel Core i3-9100 3.60GHz', '8GB DDR4', 'ADATA SU650 512.11 GB SSD SN: 2O0529A9D5HR, ST500DM009-2F110A 500.11 GB HDD ZA4AGDL1', 'ASUSTeK COMPUTER INC. EX-H310M-V3 R2.0 RevX.0x Serial Number: 201278671600777', 'AOC 1670W [Monitor] (15.3\", s/n 267, October 2020)', 'SECURE', 'A4TECH', 'KEYBOARD', '10.133.50.49', 'F0:2F:74:35:05:95', 'ACCTG-JAY', 'WIN10 PRO 64 BIT - NCRDB-YXP8V-82FJ7-37397-M4G6T', 'NONE', 'YES', '2', '', '2026-01-24 12:24:21');
INSERT INTO `desktop_tb` VALUES ('77', 'Intel Pentium G4400 3.30GHz', '8GB DDR4', 'Apacer AS350 512GBSSD SN: 50F2073A0CBA0017051', 'Gigabyte Technology Co., Ltd. H110M-DS2-CF', 'AOC 1619w [Monitor] (15.3\", s/n 5317, July 2009)', 'SECURE', 'A4TECH', 'KEYBOARD', '10.133.50.75', 'E0:D5:5E:77:FE:B4', 'JENN-PURCHASING', 'WIN10 PRO 64 BIT - W8TDG-6YN2C-7PY98-FD8CX-7XMP6', 'NONE', 'YES', '2', '', '2026-01-24 12:24:21');
INSERT INTO `desktop_tb` VALUES ('78', 'Intel Core i5-7400 3.00GHz', '16GB DDR4', 'ADATA SU650 512.11 GB SSD SN: 2P092L18SJY20, ST500DM009-2F110A 500.11 GB HDD Z9936H3L1', 'ASUSTeK COMPUTER INC. H110M-D Rev X.0x Serial Number: 170296012305102', 'AOC 966W [Monitor] (18.5\"vis)', 'SECURE', 'A4TECH', 'KEYBOARD', '10.133.50.180', '60:45:CB:6B:D3:33', 'PDED-GIRLIE', 'WIN10 PRO 64 BIT - 6CNTW-2KC2G-DFJT9-BQJHC-VFR9G', 'YES', 'NO', '2', '', '2026-01-24 12:24:21');
INSERT INTO `desktop_tb` VALUES ('79', 'Intel Xeon E3-1225 v3 3.20GHz', '16GB DDR4', 'Apacer AS350 512GB SSD 11EE07540E5B003068, ST500DM002-1SB10A 500.11 GB HDD WA40687D', 'Board: Hewlett-Packard 1905 Serial Number: SGH434R9FT', 'AOC 1970W [Monitor] (18.5\"vis, s/n 8420, April 2018)', 'SECURE', 'A4TECH', 'KEYBOARD', '10.133.50.100', '40:A8:F0:5A:59:B5', 'DESKTOP-F13UTLF', 'WIN10 PRO 64 BIT - VK7JG-NPHTM-C97JM-9MPGT-3V66T', 'NONE', 'NO', '2', '', '2026-01-24 12:24:21');
INSERT INTO `desktop_tb` VALUES ('80', 'AMD Ryzen 5 5600G 3.90GHz', '16GB DDR4', 'Patriot Spark128.03 GB SSD SN: F4C30767098E00029565, WDC WD10EZRX00A8LB0 1.00 TB WD-WMC1U3987904', 'Micro-Star International Co., Ltd. A320M-A PRO (MS7C51) 1.0 Serial Number: 07C5112_MC1B203777', 'HP P191 [Monitor] (18.5\"vis, s/n 6CM4292Q75, July 2014)', 'SECURE', 'A4TECH', 'KEYBOARD', '10.133.50.42', '04:7C:16:72:D7:69', 'DESKTOP-1DDNUHT', 'WIN10 PRO 64 BIT - VK7JG-NPHTM-C97JM-9MPGT-3V66T', 'NONE', 'NO', '2', '', '2026-01-24 12:24:21');
INSERT INTO `desktop_tb` VALUES ('81', 'Intel Xeon E3-1225 v5 3.30GHz', '16GB DDR4', 'Apacer AS350 512GB SSD SN:11EE07540E5B00306861', 'HP 802F Serial Number: PESRH0RCY93474', 'IPS N190HDV8 [Monitor] (19.0\"vis, February 2022)', 'SECURE', 'A4TECH', 'KEYBOARD', '10.133.50.120', '40:B0:34:43:DE:73', 'PDED-DESIGN1', 'WIN10 PRO 64 BIT - GBNHC-9DGR2-9PT24-M4HVK66PTC', 'NONE', 'NO', '2', '', '2026-01-24 12:24:21');
INSERT INTO `desktop_tb` VALUES ('82', 'Intel Core i3-4170 3.70GHz', '8GB DDR4', 'Apacer AS350 512GB SSD SN: 2023121309028826, TOSHIBA DT01ACA050 500.11 GB HDD 77DDJUBBS', 'ASUSTeK COMPUTER INC. H81M-D Rev X.0x Serial Number: 170193042800067', 'AOC 1621Wb [Monitor] (15.3\", s/n 102, February 2013)', 'SECURE', 'A4TECH', 'KEYBOARD', '10.133.50.48', '2C:4D:54:D4:B7:4E', 'DS0171', 'WIN10 PRO 64 BIT - VK7JG-NPHTM-C97JM-9MPGT-3V66T', 'NONE', 'NO', '2', '', '2026-01-24 12:24:21');
INSERT INTO `desktop_tb` VALUES ('83', 'Intel Pentium Gold G6400 4.00GHz', '8GB DDR4', 'SPCC Solid State Disk 512.11 GB SSD SN: 30076351900', 'ASUSTeK COMPUTER INC. PRIME H510M-D Rev Serial Number: 220505298000736', 'AOC 1670W [Monitor] (15.3\"vis, s/n 4335, December 2017)', 'ECO POWER', 'A4TECH', 'KEYBOARD', '10.133.50.27', 'A0:36:BC:24:59:7C', 'PDED-JOEY', 'WIN10 PRO 64 BIT - VK7JG-NPHTM-C97JM-9MPGT-3V66T', 'NONE', 'NO', '2', '', '2026-01-24 12:24:21');
INSERT INTO `desktop_tb` VALUES ('84', 'Intel Pentium G4400 3.30GHz', '8GB DDR4', 'Apacer AS350 512.11 GB SSD SN: 2023121309029426, ST500DM009-2F110A 500.11 GB HDD W9AFSDZB', 'ASUSTeK COMPUTER INC. H110M-D Rev X.0x Serial Number: 161290976003055', 'AOC 1670W [Monitor] (15.3\"vis, s/n 1068, June 2019)', 'MONSTER', 'A4TECH', 'KEYBOARD', '10.133.50.46', '2C:4D:54:51:1B:67', 'PDED-REY', 'WIN10 PRO 64 BIT - VK7JG-NPHTM-C97JM-9MPGT-3V66T', 'NONE', 'NO', '2', '', '2026-01-24 12:24:21');
INSERT INTO `desktop_tb` VALUES ('85', 'Intel Core i3-7100 3.90GHz', '8GB DDR4', 'Apacer AS350 512.11 GB SSD 2023121309028849, WDC WD5000AZLX22JKKA0 500.11 GB HDD WDWCC6Z5VKFS91', 'Gigabyte Technology Co., Ltd. H110M-H-CF', 'AOC 1670W [Monitor] (15.3\"vis, s/n 8454, March 2017)', 'SECURE', 'A4TECH', 'KEYBOARD', '10.133.50.30', 'E0:D5:5E:39:E8:06', 'DS0180', 'WIN10 PRO 64 BIT - ends with MY48R', 'NONE', 'NO', '2', 'slow pc', '2026-01-24 12:24:21');
INSERT INTO `desktop_tb` VALUES ('86', 'Intel Core i3-7100 3.90GHz', '8GB DDR4', 'Apacer AS350 512.11 GB SSD SN:2023121309020026, ST500DM009-2F110A 500.11 GB HDD ZA4BZL3A', 'Gigabyte Technology Co., Ltd. H110M-H-CF', 'AOC 1670W [Monitor] (15.3\"vis, s/n 5368, December 2017)', 'ECO POWER', 'A4TECH', 'KEYBOARD', '10.133.50.37', 'E0:D5:5E:39:08:8C', 'DS0179', 'WIN10 PRO 64 BIT - VK7JG-NPHTM-C97JM-9MPGT-3V66T', 'NONE', 'NO', '2', '', '2026-01-24 12:24:21');
INSERT INTO `desktop_tb` VALUES ('87', 'Intel Core i3-3240 3.40GHz', '10GB DDR4', 'Apacer AS350 512GB 512.11 GB SSD SN:2023121309028853, TOSHIBA DT01ACA050 500.11 GB HDD 44KV3HJGS', 'SUSTeK COMPUTER INC. H61M-K Rev X.0x Serial Number: 140729030509593', 'AOC 1670W [Monitor] (15.3\"vis, s/n 116, August 2019)', 'SECURE', 'A4TECH', 'KEYBOARD', '10.133.50.45', '78:24:AF:BB:BD:52', 'DESKTOP-2I7KO9J', 'WIN10 PRO 64 BIT - N/A', 'NONE', 'NO', '2', '', '2026-01-24 12:24:21');
INSERT INTO `desktop_tb` VALUES ('88', 'Intel Pentium G4400 3.30GHz', '8GB DDR4', 'Apacer AS350 512.11 GB SSD SN:2023121309028858, WDC WD5000AZLX75K2TA0 500.11 GB HDD WD- WCC6Z4UELJN4', 'Gigabyte Technology Co., Ltd. H110M-H-CF', 'AOC 1670W [Monitor] (15.3\"vis, s/n 926, September 2017)', 'SECURE', 'A4TECH', 'KEYBOARD', '10.133.50.34', 'E0:D5:5E:3A:12:F8', 'DS0177', 'WIN10 PRO 64 BIT - VK7JG-NPHTM-C97JM-9MPGT-3V66T', 'NONE', 'NO', '2', '', '2026-01-24 12:24:21');
INSERT INTO `desktop_tb` VALUES ('89', 'Intel Pentium Gold G6405 4.10GHz', '16GB DDR4', 'ADATA SU650 512.11 GB SSD 2O202916C9LT', 'Gigabyte Technology Co., Ltd. H510M K V2', 'GDH CHHWJT [Monitor] (27.2\"vis, s/n 16777216, November 2011)', 'SECURE', 'A4TECH', 'KEYBOARD', '10.133.50.98', '74:56:3C:9A:F2:3E', 'DS0511', 'WIN10 PRO 64 BIT - CHT2F-KYNRB-6HWHY-MVY2XXKXTP', 'NONE', 'NO', '2', '', '2026-01-24 12:24:21');
INSERT INTO `desktop_tb` VALUES ('90', 'Intel Pentium Gold G6400 4.00GHz', '8GB DDR4', 'ADATA SU650 512.11 GB SSD SN: 2P102L2B97GJ1, ST1000DM010-2EP102 1.00 TB HDD ZN1QHVG5', 'Gigabyte Technology Co., Ltd. H410M H V3', 'AOC 1670W [Monitor] (15.3\"vis, s/n 2672, October 2017)', 'ECO POWER', 'A4TECH', 'KEYBOARD', '10.133.50.33', 'D8:5E:D3:1C:ED:DF', 'DESKTOP-UIF0MP0', 'WIN10 PRO 64 BIT - VK7JG-NPHTM-C97JM-9MPGT-3V66T', 'NONE', 'YES', '2', '', '2026-01-24 12:24:21');
INSERT INTO `desktop_tb` VALUES ('91', 'Intel Pentium Gold G5400 3.70GHz', '4GB DDR4', 'ADATA SU650 512.11 GB SSD SN: 2O342L1JACAC, ST500DM009-2F110A 500.11 GB HDD W9AFVXR0', 'ASUSTeK COMPUTER INC. EX-H310M-V3 R2.0 Rev X.0x Serial Number: 190449138902544', 'AOC 1670W [Monitor] (15.3\"vis, s/n 2672, October 2017)', 'SECURE', 'A4TECH', 'KEYBOARD', '10.133.50.14', '04:D4:C4:AB:E5:F7', 'CWHSE-KRISTINE', 'WIN10 PRO 64 BIT - QPVRG-DPNCQ-7JX8J-YFDRT-4M49G', 'YES', 'YES', '2', '', '2026-01-24 12:24:21');
INSERT INTO `desktop_tb` VALUES ('92', 'Intel Pentium Gold G6405 4.10GHz', '16GB DDR4', 'ADATA SU650 512.11 GB SSD SN: 2O2029AJASWR', 'Gigabyte Technology Co., Ltd. H510M K V2', 'NVISION IPS N190HDV8 [Monitor] (19.0\"vis, February 2022)', 'SECURE', 'A4TECH', 'KEYBOARD', '10.133.50.41', '74:56:3C:9A:E4:C9', 'DS0512', 'WIN10 PRO 64 BIT - 7GTPW-NW948-BDQTP-QTQMX-P3722', 'NONE', 'YES', '2', '', '2026-01-24 12:24:21');
INSERT INTO `desktop_tb` VALUES ('93', 'Intel Core i3-4170 3.70GHz', '8GB DDR4', 'SPCC Solid State Disk 256.06 GB SSD AA230316S30256046, ST1000DM010-2EP102 1.00 TB HDD ZN1MCAK4', 'Gigabyte Technology Co., Ltd. H81M-DS2', 'AOC 1620 [Monitor] (15.3\"vis, s/n 2112, May 2010)', 'ECO POWER', 'A4TECH', 'KEYBOARD', '10.133.50.57', '40:8D:5C:FB:A7:EF', 'DESKTOP-BNNK748', 'WIN10 PRO 64 BIT - VK7JG-NPHTM-C97JM-9MPGT-3V66T', 'NONE', 'YES', '2', '', '2026-01-24 12:24:21');
INSERT INTO `desktop_tb` VALUES ('94', 'Intel Pentium Gold G5400 3.70GHz', '8GB DDR3', 'Apacer AS350 512.11 GB SSD MP50B65016222', 'ASUSTeK COMPUTER INC. EX-H310M-V3 Rev X.0x Serial Number: 180732072600980', 'AOC 1670W [Monitor] (15.3\", s/n 5145, November 2013)', '', 'A4TECH', 'KEYBOARD', '10.133.50.93', '0C:9D:92:C6:15:92', 'QA-ERWIN', 'WIN10 PRO 64 BIT - QNY7C-CJCGR-WJDF2-BDX8V7QWXC', 'NONE', 'NO', '2', '', '2026-01-24 12:29:33');
INSERT INTO `desktop_tb` VALUES ('95', 'Intel Core 2 Duo E7500 2.93GHz', '2GB DDR3', 'Hitachi HDS721016CLA382 160.04 GB HDD JPA170H22G21B', 'ASUSTeK Computer INC. P5KPL-AM EPU x.0x Serial Number: MT7003K43807826', 'AOC 1621Wb [Monitor] (15.3\", s/n 7118, May 2012)', '', 'A4TECH', 'KEYBOARD', '10.133.50.96', '48:5B:39:AE:81:EA', 'KOPPEl-QA069', 'WIN10 PRO 64 BIT - J73KF-FXFXK-PJ8KF-X9JH4-VCYVG', 'NONE', 'NO', '2', '', '2026-01-24 12:29:33');
INSERT INTO `desktop_tb` VALUES ('96', 'Intel Core i3-2120 3.30GHz', '4GB DDR3', 'Hitachi HDS721050DLE630 500.11 GB HDD MSK4235H34L0G', 'Intel Corporation DH61HO AAG62445-102 Serial Number: GEHO2210080E', 'AOC 1621Wb [Monitor] (15.3\", s/n 12214, May 2012)', '', 'A4TECH', 'KEYBOARD', '10.133.50.101', 'EC:A8:6B:71:C7:A8', 'KOPPEL-QA58', 'WIN10 PRO 64 BIT - 342DG-6YJR8-X92GV-V7DCV-P4K27', 'NONE', 'NO', '2', '', '2026-01-24 12:29:33');
INSERT INTO `desktop_tb` VALUES ('97', 'Intel Pentium G4560 3.50GHz', '8GB DDR4', 'ADATA SU650 512.11 GB SSD 4P1322055830, ST500DM009-2F110A 500.11 GB HDD ZA46FJPD1', 'Gigabyte Technology Co., Ltd. H110M-DS2-CF Bus Clock: 100 megahertz', 'AOC 1670W [Monitor] (15.3\", s/n 7304, March 2017)', '', 'A4TECH', 'KEYBOARD', '10.133.50.68', '1C:1B:0D:FA:6F:C3', 'QA-CARY', 'WIN10 PRO 64 BIT - VK7JG-NPHTM-C97JM-9MPGT-3V66T', 'NONE', 'NO', '2', '', '2026-01-24 12:29:33');
INSERT INTO `desktop_tb` VALUES ('98', 'Intel Pentium Gold G6405 4.10GHz', '8GB DDR4', 'ADATA SU650 256.06 GB SSD SN: 2O0329A6N6LP', 'Gigabyte Technology Co., Ltd. H510M K V2 Bus Clock: 100 megahertz', 'NVISION IPS N190HDV8 [Monitor] (19.0\", February 2022)', '', 'A4TECH', 'KEYBOARD', '10.133.50.97', '74:56:3C:9A:E5:13', 'DS0513', 'WIN10 PRO 64 BIT - N/A', 'NONE', 'NO', '2', '', '2026-01-24 12:29:33');
INSERT INTO `desktop_tb` VALUES ('99', 'Intel Pentium G4560 3.50GHz', '8GB DDR4', 'TOSHIBA DT01ACA050 500.11 GB HDD SN: 672P9AGBS', 'Gigabyte Technology Co., Ltd. H110M-H-CF', 'AOC 1620 [Monitor] (15.3\", s/n 2114, February 2010)', 'SECURE', 'A4TECH', 'KEYBOARD', '10.133.2.5', '1C:1B:0D:5B:8F:58', 'HR-RACHELLE', 'WIN10 PRO 64 BIT - N/A', 'NONE', 'NO', '2', 'slow pc', '2026-01-24 12:31:23');
INSERT INTO `desktop_tb` VALUES ('100', 'Intel Core i3-9100 3.60GHz', '8GB DDR4', 'ST1000DM010-2EP102 1.00 TB HDD SN: W9ANPY06', 'SUSTeK COMPUTER INC. EX-H310M-V3 R2.0 Rev X.0x Serial Number: 201278671600453', 'NVISION IPS N190HDV8 [Monitor] (19.1\", s/n V9U170100001, July 2023)', 'SECURE', 'A4TECH', 'KEYBOARD', '10.133.50.74', 'F0:2F:74:35:03:0F', 'KOPPEL-UPS001', 'WIN10 PRO 64 BIT - N/A', 'YES', 'YES', '2', 'slow pc', '2026-01-24 12:31:23');


-- --------------------------------------------------------
-- Table structure for table `item_tb`
-- --------------------------------------------------------
CREATE TABLE `item_tb` (
  `item_id` int(11) NOT NULL AUTO_INCREMENT,
  `item_code` varchar(100) NOT NULL DEFAULT 'N/A',
  `name` varchar(100) NOT NULL,
  `brand` varchar(100) NOT NULL,
  `model` varchar(100) NOT NULL,
  `serial_number` varchar(100) DEFAULT NULL,
  `description` text DEFAULT NULL,
  `quantity` int(11) DEFAULT 0,
  `date_received` date DEFAULT NULL,
  `created_at` timestamp NOT NULL DEFAULT current_timestamp(),
  `updated_at` timestamp NOT NULL DEFAULT current_timestamp() ON UPDATE current_timestamp(),
  `type_id` int(11) unsigned NOT NULL,
  PRIMARY KEY (`item_id`),
  KEY `type_id` (`type_id`)
) ENGINE=InnoDB AUTO_INCREMENT=239 DEFAULT CHARSET=utf8mb4 COLLATE=utf8mb4_general_ci;

-- Dumping data for table `item_tb`
--
INSERT INTO `item_tb` VALUES ('51', 'HIMCLP0011', 'Laptop', 'Lenovo ', 'Lenovo Ideapad 100, 80RK', 'PF0KM4VL', 'CPU: Intel i3-5005U 2.0G\r\nRAM: 8GB RAM DDR4\r\nROM: 256 SSD\r\nOS: Windows 10 Pro 64-bit\r\nDate Issued: October 6, 2016\r\nIssue: Broken hinge', '1', '2016-10-06', '2025-09-11 13:28:29', '2025-09-11 13:38:28', '6');
INSERT INTO `item_tb` VALUES ('52', 'HIMCLP0011', 'Laptop Charger', 'Lenovo ', 'N/A', '8S5A10J40450C0C1SG64F003Y', 'Laptop Charger for Lenovo Ideapad 3', '0', '2016-10-06', '2025-09-11 13:29:19', '2025-10-15 08:28:10', '2');
INSERT INTO `item_tb` VALUES ('83', 'RAM008R01', 'RAM', 'Samsung', 'Samsung', '8SSM30N768G1PF436008R', 'SAMSUNG 8GB DDR4 3200MHZ SODIMM for Sarah Rioveros', '1', '2025-05-05', '2025-09-09 11:39:30', '2025-09-12 07:45:19', '1');
INSERT INTO `item_tb` VALUES ('84', 'SSD358001', 'SSD', 'Apacer', 'AS350', '192507403580', 'APACER AS350 512GB 2.5\" \r\nINTERNAL SSD for Sarah Rioveros', '0', '2025-05-05', '2025-09-09 11:39:30', '2025-09-29 09:24:02', '7');
INSERT INTO `item_tb` VALUES ('85', 'MTR664801', 'Monitor', 'Nvision', 'N190HD V8', 'N190VL658A241116648', 'NVISION 19\" N190HD V8 LED MONITOR for ACCTG PC', '0', '2025-05-30', '2025-09-09 11:39:30', '2025-09-29 10:00:47', '2');
INSERT INTO `item_tb` VALUES ('86', 'MTR377702', 'Monitor', 'Nvision', 'N190HD V8', 'N190VL658A241223777', 'NVISION 19\" N190HD V8 LED MONITOR FOR REF PC', '0', '2025-05-30', '2025-09-09 11:39:30', '2025-09-19 14:24:48', '2');
INSERT INTO `item_tb` VALUES ('87', 'KEY00001', 'Keyboard', 'A4TECH', 'KRS-3330', 'N/A', 'A4TECH KRS-3330 KEYBOARD ', '0', '2025-06-26', '2025-09-09 11:39:30', '2025-12-09 10:02:27', '2');
INSERT INTO `item_tb` VALUES ('88', 'SSD9CUY02', 'SSD', 'ADATA', 'SU650', '2P1029129CUY', 'ADATA SU650 SSD 512 GB FOR Merriam Mangrobang Laptop', '0', '2025-06-26', '2025-09-09 11:39:30', '2025-09-23 15:04:21', '7');
INSERT INTO `item_tb` VALUES ('89', 'RJ400001', 'RJ45', 'RJ45', 'RJ45', 'N/A', 'RJ45 ', '1', '2025-07-14', '2025-09-09 11:39:30', '2025-12-01 08:21:51', '8');
INSERT INTO `item_tb` VALUES ('90', 'CMS000001', 'Cmos Battery', 'Cmos Battery', 'Cmos Battery', 'N/A', 'CMOS BATTERY', '5', '2025-07-14', '2025-09-09 11:39:30', '2025-11-25 11:41:13', '8');
INSERT INTO `item_tb` VALUES ('92', 'PLI00001', 'Pliers Sets', 'N/A', 'N/A', 'N/A', '(Plier, Long Nose, and Cutter)', '1', '2025-09-09', '2025-09-09 13:12:50', '2025-09-23 14:40:00', '5');
INSERT INTO `item_tb` VALUES ('93', 'SCR00002', 'Screwdriver', 'N/A', 'N/A', 'N/A', 'Phillip Screwdriver ', '2', '2025-09-09', '2025-09-09 13:12:50', '2025-09-23 14:40:09', '5');
INSERT INTO `item_tb` VALUES ('94', 'SCR00002', 'Screwdriver', 'N/A', 'N/A', 'N/A', 'Flat Screwdriver', '3', '2025-09-09', '2025-09-09 13:12:50', '2025-09-23 14:40:22', '5');
INSERT INTO `item_tb` VALUES ('95', 'CRI00002', 'Crimping Tool', 'N/A', 'N/A', 'N/A', 'Crimping Tool pass through', '1', '2025-09-09', '2025-09-09 13:12:50', '2025-09-23 14:40:31', '5');
INSERT INTO `item_tb` VALUES ('96', 'LAN00001', 'LAN Tester', 'N/A', 'N/A', 'N/A', 'LAN Tester', '1', '2025-09-09', '2025-09-09 13:12:50', '2025-09-23 14:40:41', '5');
INSERT INTO `item_tb` VALUES ('97', 'HDD00001', 'HDD Dock', 'N/A', 'N/A', 'N/A', 'HDD Docking Station', '1', '2025-09-09', '2025-09-09 13:12:50', '2025-09-23 14:40:47', '5');
INSERT INTO `item_tb` VALUES ('98', 'CRI00002', 'Crimping Tool', 'N/A', 'N/A', 'N/A', 'Ethernet Punch Down Tool', '1', '2025-09-09', '2025-09-09 13:12:50', '2025-09-23 14:40:55', '5');
INSERT INTO `item_tb` VALUES ('99', 'SOL00001', 'Soldering Machine', 'N/A', 'N/A', 'N/A', '2 in 1 Soldering Station (Soldering Iron and Heat Gun)', '1', '2025-09-09', '2025-09-09 13:12:50', '2025-12-02 08:22:42', '5');
INSERT INTO `item_tb` VALUES ('100', 'BRU00001', 'Brush', 'N/A', 'N/A', 'N/A', 'Paint brush', '1', '2025-09-09', '2025-09-09 13:12:50', '2025-10-01 16:30:56', '5');
INSERT INTO `item_tb` VALUES ('101', 'CLE00001', 'Cleaner', 'N/A', 'N/A', 'N/A', 'Wie Out', '1', '2025-09-09', '2025-09-09 13:12:50', '2025-09-23 14:44:01', '5');
INSERT INTO `item_tb` VALUES ('102', 'CON00001', 'Contact Cleaner', 'N/A', 'N/A', 'N/A', 'Contact Cleaner', '1', '2025-09-09', '2025-09-09 13:12:50', '2025-09-23 14:44:07', '5');
INSERT INTO `item_tb` VALUES ('103', 'ADA00001', 'Adapter', 'N/A', 'N/A', 'N/A', 'LAN to USB adapter', '1', '2025-09-09', '2025-09-09 13:12:50', '2025-09-23 14:44:13', '5');
INSERT INTO `item_tb` VALUES ('104', 'CUT00001', 'Cutter', 'N/A', 'N/A', 'N/A', 'Heavy Duty Cutter', '1', '2025-09-09', '2025-09-09 13:12:50', '2025-09-23 14:39:49', '5');
INSERT INTO `item_tb` VALUES ('105', 'HDDORFT09', 'HDD', 'Toshiba', 'Toshiba', 'X7AOPORFT', 'Allan Old 1TB HDD', '1', '2025-09-09', '2025-09-09 13:12:50', '2025-09-23 09:12:13', '7');
INSERT INTO `item_tb` VALUES ('106', 'FLA00001', 'Flashdrive', 'Sandisk', 'Sandisk', 'N/A', 'Sandisk 4GB (Red)', '0', '2025-09-09', '2025-09-09 13:12:50', '2025-09-23 09:10:07', '7');
INSERT INTO `item_tb` VALUES ('107', 'HDM00001', 'HDMI Splitter', 'HDMI Splitter', 'HDMI Splitter', 'N/A', 'HDMI Splitter', '1', '2025-09-09', '2025-09-09 13:12:50', '2025-09-23 14:39:39', '5');
INSERT INTO `item_tb` VALUES ('108', 'LT0200', 'Laptop', 'Dell', 'Dell Latitude 5410', '1BXSM53', 'CPU: i5-10310U 1.70GHz\r\nRAM: 16GB RAM 2677MT/s\r\nROM: DIGISTOR 512GB\r\nOS: WIN 11-64 BIT PRO', '0', '2024-08-01', '2025-09-09 13:47:05', '2025-11-03 09:03:25', '6');
INSERT INTO `item_tb` VALUES ('109', 'LT0200', 'Laptop Charger', 'Dell', 'DA65PM111', 'N/A', 'Laptop Charger for Dell', '0', '2024-08-01', '2025-09-09 13:48:45', '2025-11-03 09:07:07', '2');
INSERT INTO `item_tb` VALUES ('110', 'LT0149', 'Laptop', 'Dell', 'Dell Latitude 5490', '4191901498', 'CPU: I7 8TH GEN @1.90 GHZ\r\nRAM: 8GB RAM 2400 MHZ\r\nROM: 256 GB SSD\r\nOS: Windows 11 PRO 64 bit\r\nDate Issued: September 2023 to Jerwin Herrera', '1', '2023-09-25', '2025-09-09 13:51:54', '2025-09-09 14:31:08', '6');
INSERT INTO `item_tb` VALUES ('111', 'LT0149', 'Laptop Charger', 'Dell', 'LA65130', 'N/A', 'Laptop Charger for Dell Latitude 5490', '1', '2023-09-01', '2025-09-09 13:53:49', '2025-09-09 14:31:16', '2');
INSERT INTO `item_tb` VALUES ('112', 'LAPRFQ512', 'Laptop', 'Lenovo', 'Lenovo Ideapad 3', 'PF3XRFQ5', 'CPU: I5 11TH GEN @ 2.40GHZ\r\nRAM: 8GB RAM DDR4 3200 MHZ\r\nROM: 500 GB SSD\r\n0S: Windows 11 Home 64 bit\r\nDate Issued: March 2023 to Yaj Comia', '0', '2023-03-01', '2025-09-09 13:56:27', '2025-10-15 08:52:31', '6');
INSERT INTO `item_tb` VALUES ('113', 'LT0070', 'Laptop Charger', 'Lenovo', 'PA-1450-55L', 'N/A', 'Laptop Charger for Lenovo Ideapad 3', '1', '2016-06-01', '2025-09-09 13:58:38', '2025-09-15 07:41:03', '2');
INSERT INTO `item_tb` VALUES ('114', 'LT0130', 'Laptop', 'Acer', 'Acer Travelmate ', 'NXVLFSP00117047907600', 'CPU: I3 10TH GEN @2.10GHZ\r\nRAM: 4GB RAM DDR4 2667 MHZ \r\nROM: 1TB HDD \r\nDATE ISSUED: AUGUST 2021 on Mei Sales\r\nWith Acer Laptop Charger & Laptop Bag\r\n\r\nUpgrade:\r\nRAM: 8GB RAM DDR4 2667 MHZ \r\nROM: 500GB SSD\r\nDate: September 8, 2025 ', '0', '2025-09-09', '2025-09-09 14:03:41', '2025-09-23 10:06:46', '6');
INSERT INTO `item_tb` VALUES ('115', 'N/A', 'Laptop Charger', 'Acer', 'PA-1700-02', 'N/A', 'Laptop Charger for Acer Travelmate P214 Series', '0', '2025-09-01', '2025-09-09 14:06:29', '2025-09-10 09:40:11', '2');
INSERT INTO `item_tb` VALUES ('116', 'LP0015', 'Laptop', 'Acer', 'Acer Travelmate P214 Series', 'NXVLFSP00T04003A817600', 'CPU: I5 10TH GEN 1.60GHZ\nRAM: 8GB RAM DDR4 2667 MHZ\nROM: 500 GB SSD\nOS: WINDOWS 10 HOME 64 BIT\nDate Issued: NOVEMBER 2020 to Atty Jake\nWith Acer Laptop Charger', '0', '2020-11-01', '2025-09-09 14:11:55', '2025-09-10 10:01:09', '6');
INSERT INTO `item_tb` VALUES ('117', 'N/A', 'Laptop Charger', 'Acer', 'A13-045N2A', 'F2T8341422002703', 'Laptop Charger for ACER TRAVELMATE P214 SERIES', '0', '2020-11-01', '2025-09-09 14:13:41', '2025-09-10 09:38:55', '2');
INSERT INTO `item_tb` VALUES ('120', 'LT0137', 'Laptop', 'HP', 'HP Pavillion 15z-eh100', '5CD1496GVX', 'CPU: AMD RYZEN 5 5500U 2.20GHz\nRAM: 8GB RAM\nROM: 256GB SSD\nOS: WINDOWS 11 HOME 64 BIT\nDate Issued: JANUARY 2022 to REF Manager', '0', '2022-01-03', '2025-09-09 16:00:47', '2025-10-13 08:54:05', '6');
INSERT INTO `item_tb` VALUES ('121', 'N/A', 'Laptop Charger', 'HP', 'HP', 'N/A', 'Laptop Charger or HP Pavillion', '0', '2022-01-03', '2025-09-09 16:02:56', '2025-10-13 08:53:35', '2');
INSERT INTO `item_tb` VALUES ('125', 'LT0076', 'Laptop', 'Acer', 'Acer Aspire ES1433', 'NXGLLSP00164605CE37200', 'CPU: I3 6th Gen 2 GHz \r\nRAM: 12 GB RAM DDR4 2133 MHz\r\nROM: 500 GB SSD\r\nOS: Windows 10 Home 64 bit\r\nLaptop for Cebu branch\r\nUpgrade  by Sir King last \r\n2024\r\nIssue: Defective Battery', '0', '2017-03-01', '2025-09-10 13:50:13', '2025-11-19 15:52:27', '6');
INSERT INTO `item_tb` VALUES ('126', 'LT0076', 'Laptop Charger', 'Acer', 'PA-1700-02', 'N/A', 'Laptop Charger for Acer Aspire ES1-433', '0', '2017-03-01', '2025-09-10 13:56:21', '2025-11-19 15:53:32', '2');
INSERT INTO `item_tb` VALUES ('127', 'CDR091025', 'CD ROM', 'Lenovo', 'DB65', 'N/A', 'Lenovo USB Portable DVD Burner', '1', '2025-09-10', '2025-09-10 15:26:44', '2025-09-23 08:46:35', '7');
INSERT INTO `item_tb` VALUES ('128', 'HDD091025', 'External HDD', 'Transcend', 'Transcend', 'I08691-3376', '1TB External HDD (Small Black)', '1', '2025-09-10', '2025-09-10 17:09:47', '2025-09-23 08:56:30', '7');
INSERT INTO `item_tb` VALUES ('129', 'HDD091025', 'External HDD', 'Seagate', 'Seagate', '2GH4XMVP', '1TB External HDD (Large Black)', '1', '2025-09-10', '2025-09-11 08:33:22', '2025-10-01 16:31:57', '7');
INSERT INTO `item_tb` VALUES ('132', 'MTR625903', 'Monitor', 'Nvision', 'N190HD V8', 'N190HDV8S250606259', 'Nvision N190HD V8 Monitor', '0', '2025-09-11', '2025-09-11 17:26:35', '2025-09-12 07:40:19', '2');
INSERT INTO `item_tb` VALUES ('133', 'MTR693104', 'Monitor', 'Nvision', 'N190HD V8', 'N190VL658A240886931', 'Nvision N190HD V8 Monitor', '0', '2025-09-11', '2025-09-11 17:28:22', '2025-09-12 07:40:00', '2');
INSERT INTO `item_tb` VALUES ('134', 'IP 24481', 'IP Phone', 'N/A', 'N/A', 'NMD223C002448', 'Black IP IPhone ', '0', '2025-02-02', '2025-09-12 07:53:16', '2026-01-19 11:03:26', '6');
INSERT INTO `item_tb` VALUES ('135', 'IP 24470', 'IP Phone', 'N/A', 'N/A', 'NMD223C002447', 'Black IP Phone\r\n2 SIP LINE\r\nPOE Enabled (S1EP Only)\r\nHandset/Hands free/Headphone Mode\r\nDesktop Stand\r\nOptional External Power Sup', '0', '2025-02-02', '2025-09-12 07:54:44', '2026-01-19 11:03:11', '6');
INSERT INTO `item_tb` VALUES ('136', 'BMT006303', 'Biometrics', 'NGTECO', 'AS10', 'GPR125120063', 'Deployment of new biometrics for CDO Branch', '0', '2025-08-13', '2025-09-12 08:22:10', '2025-09-15 08:47:53', '6');
INSERT INTO `item_tb` VALUES ('137', 'BMT031802', 'Biometrics', 'NGTECO', 'AS10', 'GPR1251200318', 'Deployment of new biometric for Iloilo Branch', '0', '2025-08-13', '2025-09-12 08:25:22', '2025-09-15 08:48:16', '6');
INSERT INTO `item_tb` VALUES ('138', 'BMT052901', 'Biometrics', 'NGTECO', 'AS10', 'GPR1251200529', 'Deployment of new biometric for Canlubang', '0', '2025-08-13', '2025-09-12 08:27:46', '2025-11-19 14:31:48', '6');
INSERT INTO `item_tb` VALUES ('139', 'PRT867001', 'Printer', 'Canon', 'Canon GM2070', 'KMEN08670', 'Service Unit Printer', '0', '2021-11-08', '2025-09-12 10:42:32', '2025-11-19 14:29:53', '6');
INSERT INTO `item_tb` VALUES ('140', 'PTR234302', 'Printer', 'Epson', 'EPSON ECOTANK M2050', 'XCCW002343', 'Spare Printer', '0', '2025-06-28', '2025-09-12 10:45:59', '2025-11-19 14:33:15', '6');
INSERT INTO `item_tb` VALUES ('142', 'LP6092', 'Laptop', 'Lenovo', 'Lenovo ThinkPad X390', 'PC-1DFVTR', 'CPU: I7 8th Gen @1.90 GHz\r\nRAM: 16 GB DDR4 2400 MHz\r\nROM: 500GB SSD\r\nOS: Windows 10 Pro 64 bit\r\nCharger Code: LPC6092', '0', '2024-10-16', '2025-09-16 09:43:59', '2025-09-16 15:47:33', '6');
INSERT INTO `item_tb` VALUES ('143', 'LAP000011', 'Laptop Charger', 'Lenovo', 'ADLX45YLC2D', 'N/A', 'Laptop Charger for Lenovo ThinkPad X390', '0', '2024-10-16', '2025-09-16 09:57:39', '2025-09-26 13:36:46', '2');
INSERT INTO `item_tb` VALUES ('144', 'SSD708103', 'SSD', 'ADATA', 'SU650', '4P1122017081', 'For sir Moyo', '0', '2025-09-17', '2025-09-19 10:00:56', '2025-09-22 16:34:39', '7');
INSERT INTO `item_tb` VALUES ('145', 'SSD711104', 'SSD', 'ADATA', 'SU650', '4P1122017111', 'For sir Miguel', '0', '2025-09-17', '2025-09-19 10:02:03', '2025-09-22 16:58:30', '7');
INSERT INTO `item_tb` VALUES ('146', 'SSD708005', 'SSD', 'ADATA', 'SU650', '4P1122017080', 'For sir Noy', '0', '2025-09-17', '2025-09-19 10:02:41', '2025-09-23 14:14:38', '7');
INSERT INTO `item_tb` VALUES ('147', 'RAM8G2202', 'RAM', 'ADATA', 'ADATA', 'AD4S32008G22', 'For Sir Moyo', '0', '2025-09-17', '2025-09-19 10:05:02', '2025-09-22 16:35:09', '1');
INSERT INTO `item_tb` VALUES ('151', 'INK90121', 'INK', 'Epson', 'N/A', '014699012', 'For CNC Printer', '0', '2025-09-19', '2025-09-19 10:36:38', '2025-11-19 13:19:46', '8');
INSERT INTO `item_tb` VALUES ('152', 'INK90102', 'INK', 'Epson', 'N/A', '014699010', 'For CNC Printer', '0', '2025-09-19', '2025-09-19 10:38:03', '2025-11-19 13:19:46', '8');
INSERT INTO `item_tb` VALUES ('153', 'LAPJ3FS10', 'Laptop', 'Lenovo', 'Lenovo X380 Yoga', 'MP-1FJ3FS', 'CPU: i7 8th Gen 1.90 GHz\r\nRAM: 16GB RAM DDR4 2400 MHz\r\nROM: 500GB SSD \r\nOS: Windows 10 64 bit \r\nLaptop Charger Code: LAPZ13510', '0', '2025-09-19', '2025-09-19 11:43:11', '2025-09-24 08:57:27', '6');
INSERT INTO `item_tb` VALUES ('154', 'FLA00002', 'Flashdrive', 'Blue Flashdrive', 'Blue Flashdrive', 'N/A', 'Blue Flashdrive', '1', '2025-09-09', '2025-09-23 09:09:45', '2025-09-23 09:09:45', '7');
INSERT INTO `item_tb` VALUES ('155', 'SOL00001', 'Solid Works', 'Solid Works', 'Solid Works 2018', 'N/A', 'Solid Works 2018', '4', '2025-09-09', '2025-09-23 09:14:12', '2025-09-23 09:14:12', '4');
INSERT INTO `item_tb` VALUES ('156', 'SMA00001', 'Smart Phone', 'Samsung', 'Samsung Duos', 'N/A', 'Samsung Duos 4G', '5', '2025-09-09', '2025-09-23 09:15:57', '2025-09-23 09:15:57', '6');
INSERT INTO `item_tb` VALUES ('157', 'PRE00001', 'Precision', 'N/A', 'N/A', 'N/A', 'Set of Precision Screwdriver ', '1', '2025-09-09', '2025-09-23 14:30:37', '2025-09-23 14:30:37', '5');
INSERT INTO `item_tb` VALUES ('159', 'LAPZ13511', 'Laptop Charger', 'Lenovo', 'Lenovo', '11S36200287ZZ8008AZ135', 'Laptop Charger for Lenovo', '0', '2025-09-19', '2025-09-24 08:55:34', '2025-09-26 13:37:01', '2');
INSERT INTO `item_tb` VALUES ('160', 'LTO111', 'Laptop', 'Acer', 'Aspire', 'NXH9KSP00192500FB63400', 'CPU: I3 7TH GEN\nRAM: 4GB RAM\nROM: 1TB HDD\nOS: WINDOWS 10 64 BIT\nLaptop Charger Code: LTO111\n', '0', '2019-08-01', '2019-09-01 00:00:00', '2025-09-24 11:06:50', '6');
INSERT INTO `item_tb` VALUES ('161', 'LTO111', 'Laptop Charger', 'Acer', 'Aspire 3 A315-53 S.', 'N/A', 'Laptop Charger for Aspire 3 A315-53 S.', '0', '2019-09-01', '2019-09-01 00:00:00', '2025-09-24 11:07:05', '2');
INSERT INTO `item_tb` VALUES ('163', 'MIN0QJT1', 'Mini PC', 'HP', 'HP Prodesk', '8CC1400QJT', 'CPU: i5 10th gen 1.60Ghz\r\nRAM: 16GB DDR4 2667 MHz\r\nROM: 500 GB SSD\r\nOS: Windows 10 pro 64bit\r\n', '0', '2025-09-26', '2025-09-29 08:54:26', '2025-09-29 10:01:22', '6');
INSERT INTO `item_tb` VALUES ('164', 'PC00001', 'PC', 'N/A', 'N/A', 'N/A', 'CPU: I3 4TH GEN 3.70GHz\r\nRAM: 10GB RAM \r\nROM: 500 GB SSD\r\nOS: Windows 10 pro 64 bit', '0', '2020-09-29', '2025-09-29 09:18:56', '2025-09-29 09:22:04', '6');
INSERT INTO `item_tb` VALUES ('165', 'MON71225', 'Monitor', 'N/A', 'N/A', 'EGGC51A007122', 'Old Monitor', '0', '2020-09-29', '2025-09-29 09:21:11', '2025-09-29 09:22:29', '2');
INSERT INTO `item_tb` VALUES ('168', 'INK00003', 'INK', 'Canon', 'Canon GM2070', 'N/A', 'Ink for Canon GM2070', '1', '2025-10-06', '2025-10-07 08:29:46', '2025-11-19 13:19:46', '8');
INSERT INTO `item_tb` VALUES ('169', 'PRI82284', 'Printer', 'Epson', 'EPSON ECOTANK M15140', 'X835008228', 'EPSON ECOTANK M15140 MONO A3 WIFI AOI INK TANK PRINTER for Cebu', '0', '2025-10-07', '2025-10-07 15:43:18', '2025-10-07 16:16:26', '6');
INSERT INTO `item_tb` VALUES ('170', 'PRI81924', 'Printer', 'Epson', 'EPSON ECOTANK M15140', 'X835008192', 'EPSON ECOTANK M15140 MONO A3 WIFI AOI INK TANK PRINTER\r\nFOR SALES/VRF DEPT', '0', '2025-06-19', '2025-10-07 15:46:10', '2025-10-07 15:52:20', '6');
INSERT INTO `item_tb` VALUES ('171', 'PRI81975', 'Printer', 'Epson', 'EPSON ECOTANK M15140', 'X835008197', 'EPSON ECOTANK M2050 MONO INK TANK PRINTER', '0', '2025-08-01', '2025-10-07 16:05:30', '2025-10-07 16:06:23', '6');
INSERT INTO `item_tb` VALUES ('172', 'SSD72592', 'SSD M.2 NVMe', 'ADATA', 'ADATA M.2 NVMe SSD', '4P1322487259', 'ADATA 512 GB PCle GEN3 x4 M.2 2280 SSD LEGEND', '0', '2025-10-08', '2025-10-08 17:00:57', '2025-11-13 14:35:41', '7');
INSERT INTO `item_tb` VALUES ('173', 'SSD13092', 'SSD M.2 NVMe', 'ADATA', 'ADATA M.2 NVMe SSD', '4P1322501309', 'ADATA 512 GB PCle GEN3 x4 M.2 2280 SSD LEGEND', '0', '2025-10-08', '2025-10-08 17:01:34', '2025-11-13 14:35:57', '7');
INSERT INTO `item_tb` VALUES ('174', 'INK90355', 'INK', 'Epson', 'Epson 008', '014699035', 'For Cebu Printer', '0', '2025-10-08', '2025-10-08 17:19:09', '2025-11-19 13:19:46', '8');
INSERT INTO `item_tb` VALUES ('175', 'INK90565', 'INK', 'Epson', 'Epson 008', '014699056', 'For Cebu Printer', '0', '2025-10-08', '2025-10-08 17:23:58', '2025-11-19 13:19:46', '8');
INSERT INTO `item_tb` VALUES ('176', 'SSD58988', 'SSD', 'ADATA', 'SU650', '4P1521115898', '512GB ADATA SU650 ', '0', '2025-10-09', '2025-10-10 13:35:35', '2025-10-10 14:07:38', '7');
INSERT INTO `item_tb` VALUES ('177', 'LAP760013', 'Laptop', 'Acer', 'Acer Travel mate P249 Series', 'NXV6SP18280B6967600', 'CPU: I3\r\nRAM: 4GB RAM\r\nROM: 1TB HDD\r\nOS: Windows 10', '0', '2018-11-14', '2025-10-15 08:35:59', '2025-11-19 15:59:33', '6');
INSERT INTO `item_tb` VALUES ('178', 'AVR00021', 'AVR', 'Secure', 'N/A', 'SECAVR-0002', '500W Metal Black AVR', '0', '2025-10-15', '2025-10-16 08:52:32', '2025-12-15 11:22:31', '2');
INSERT INTO `item_tb` VALUES ('179', 'LAP00851', 'Laptop Battery', 'N/A', 'N/A', 'ITWBAT-0085', 'ITW Laptop Battery for Acer Travelmate', '0', '2025-10-15', '2025-10-16 08:54:13', '2025-10-22 15:06:26', '2');
INSERT INTO `item_tb` VALUES ('180', 'LTO0127', 'Laptop', 'Lenovo', 'Lenovo Ideapad 3, 14IIL05', 'PF2KW579', 'CPU: Intel i3 10th gen 1005G1 1.2Ghz\r\nRAM: 4GB DDR4 \r\nROM: 256GB SSD\r\nOS: Windows 10 Home\r\nDate Issued: July 2021\r\nOld laptop of Faye Mujar', '0', '2021-07-01', '2025-10-21 10:27:08', '2025-10-21 10:48:03', '6');
INSERT INTO `item_tb` VALUES ('181', 'LTO0127', 'Laptop Charger', 'Lenovo', 'ADLX65CLGU2A', '8SSA10M42725L1CZ0CETAA', 'Laptop Charger for Lenovo Laptop', '0', '2021-07-01', '2025-10-21 10:31:42', '2025-10-21 10:48:39', '2');
INSERT INTO `item_tb` VALUES ('182', 'SSD72370', 'SSD M.2 NVMe', 'ADATA', 'ADATA M.2 NVMe SSD', '4P1322487237', 'For Alvin VRF', '0', '2025-11-03', '2025-11-07 11:09:59', '2025-12-05 14:38:46', '7');
INSERT INTO `item_tb` VALUES ('183', 'INK83366', 'INK', 'EPSON', 'EPSON 008', '015818336', 'For 2nd Floor Printer', '0', '2025-11-13', '2025-11-13 13:40:42', '2025-11-19 13:19:46', '8');
INSERT INTO `item_tb` VALUES ('184', 'INK83267', 'INK', 'EPSON', 'EPSON 008', '015818326', 'For 2nd Floor Printer', '0', '2025-11-13', '2025-11-13 13:41:16', '2025-11-24 08:36:30', '8');
INSERT INTO `item_tb` VALUES ('185', 'INK81338', 'INK', 'EPSON', 'EPSON 005', '012798133', 'For Iloilo Epson M2050', '0', '2025-11-13', '2025-11-13 13:45:40', '2025-11-19 14:26:42', '8');
INSERT INTO `item_tb` VALUES ('186', 'INK81359', 'INK', 'EPSON', 'EPSON 005', '012798135', 'For Iloilo Epson M2050', '0', '2025-11-13', '2025-11-13 13:46:44', '2025-11-19 14:26:16', '8');
INSERT INTO `item_tb` VALUES ('187', 'RAM26393', 'RAM', 'Transcend', 'Transcend', 'J33052-2639', 'For Abby Mina Laptop', '0', '2025-11-13', '2025-11-13 13:49:40', '2025-11-13 17:02:35', '1');
INSERT INTO `item_tb` VALUES ('188', 'RAM26414', 'RAM', 'Transcend', 'Transcend', 'J33052-2641', '', '1', '2025-11-13', '2025-11-13 13:49:54', '2025-11-13 13:49:54', '1');
INSERT INTO `item_tb` VALUES ('189', 'SSD98845', 'SSD M.2 NVMe', 'ADATA', 'ADATA M.2 NVMe SSD', '4P0921989884', 'ADATA M.2 NVMe SSD', '0', '2025-11-13', '2025-11-13 14:38:59', '2026-01-16 16:41:27', '7');
INSERT INTO `item_tb` VALUES ('190', 'SSD01215', 'SSD M.2 NVMe', 'ADATA', 'ADATA M.2 NVMe SSD', '4P0921990121', 'ADATA M.2 NVMe SSD', '0', '2025-11-13', '2025-11-13 14:40:19', '2026-01-16 16:40:54', '7');
INSERT INTO `item_tb` VALUES ('191', 'SSD75007', 'SSD', 'ADATA', 'SU650', '4P1322057500', '', '0', '2025-11-13', '2025-11-13 15:07:25', '2025-11-19 09:54:58', '7');
INSERT INTO `item_tb` VALUES ('192', 'SSD749011', 'SSD', 'ADATA', 'SU650', '4P1322057490', 'For Xerxis\r\n', '1', '2025-11-13', '2025-11-13 15:07:43', '2025-11-19 09:44:12', '7');
INSERT INTO `item_tb` VALUES ('193', 'SSD334,14', 'SSD', 'ADATA', 'SU650', '4P1322057775, 4P1322055830, 4P1322057334,', 'For Accounting Dept\r\n\r\n4P1322057028 (defective)', '0', '2025-11-13', '2025-11-13 15:08:18', '2025-12-12 14:55:35', '7');
INSERT INTO `item_tb` VALUES ('194', 'SSD750210', 'SSD', 'ADATA', 'SU650', '4P1322057502', '', '0', '2025-11-13', '2025-11-13 15:08:41', '2025-11-14 08:26:53', '7');
INSERT INTO `item_tb` VALUES ('195', 'SSD750111', 'SSD', 'ADATA', 'SU650', '4P1322057501', '', '0', '2025-11-13', '2025-11-13 15:09:02', '2025-11-13 17:03:38', '7');
INSERT INTO `item_tb` VALUES ('196', 'SSD923712', 'SSD', 'ADATA', 'SU650', '4P1322057769, 4P1322079237', 'For Technical Engineers (Service Dept)', '0', '2025-11-18', '2025-11-19 09:49:36', '2025-12-03 16:18:47', '7');
INSERT INTO `item_tb` VALUES ('197', 'LAP891014', 'Laptop', 'Dell', 'Dell Precision 3520', '36392788910', 'CPU:\r\nRAM:\r\nROM:\r\nOS: Windows 10 Pro 64 bit\r\nCharger: LT0152, Dell\r\nOLD King Laptop', '0', '2023-10-09', '2025-11-24 09:37:24', '2025-11-24 10:35:17', '6');
INSERT INTO `item_tb` VALUES ('198', 'INK449010', 'INK', 'Epson', 'Epson 664', '015754997, 012253042, 013740203, 013824490', 'For sir Alfonso', '0', '2025-11-24', '2025-11-24 13:34:21', '2025-12-03 15:48:18', '8');
INSERT INTO `item_tb` VALUES ('199', 'SSD815714', 'SSD', 'ADATA', 'SU650', '4P1322057503, 4P1322069726, 4P1322071870, 4P0821998157', 'For Cebu Upgrade', '4', '2025-11-24', '2025-11-24 16:36:12', '2025-12-12 14:54:03', '7');
INSERT INTO `item_tb` VALUES ('201', 'SSD554114', 'SSD', 'ADATA', 'SU650', '4P0822015541', 'Replacement of defective ssd (4P1322057492)', '0', '2025-12-03', '2025-12-03 16:08:09', '2025-12-04 10:38:04', '7');
INSERT INTO `item_tb` VALUES ('202', 'RAM20035', 'RAM', 'Kingston', 'Fury', '320442C1C200927789X002003', '8GB DDR4 RAM 2666 MHZ SODIMM', '4', '2025-12-09', '2025-12-10 10:51:04', '2025-12-10 10:51:04', '1');
INSERT INTO `item_tb` VALUES ('203', 'WIF16911', 'WIFI Dongle', 'TP LINK', 'TL-WN725N', '22590YV002677, 22550551011733, 22590YV001691', '150 MBPS WIRELESS N Nano USB Adapter ', '0', '2025-12-11', '2025-12-11 09:15:52', '2025-12-18 14:58:51', '2');
INSERT INTO `item_tb` VALUES ('204', 'SSD869315', 'SSD', 'APACER', 'AS350', '192523208693', 'Replacement SSD for Vilma\r\n(Used by Jayson Almadrones)', '1', '2025-12-12', '2025-12-12 15:06:59', '2025-12-12 15:06:59', '7');
INSERT INTO `item_tb` VALUES ('205', 'SSD869416', 'SSD', 'APACER', 'AS350', '192523208701, 192523208700, 192523208460, 192523208694', 'PC Upgrade for Mike Jordan Constantino, Christopher Tarcena, Wyndell Erpe and Vacant PC', '1', '2025-12-12', '2025-12-12 15:19:19', '2026-01-20 07:40:05', '7');
INSERT INTO `item_tb` VALUES ('206', 'SSD845917', 'SSD', 'APACER', 'AS350', '192523208456, 192523208459', 'For Hi-aire Engrs', '0', '2025-12-12', '2025-12-12 15:27:45', '2025-12-16 11:38:47', '7');
INSERT INTO `item_tb` VALUES ('207', 'SSD869218', 'SSD', 'APACER', 'AS350', '192523208692', 'For William Tating/Stock\r\n', '1', '2025-12-15', '2025-12-15 11:11:40', '2026-01-29 17:46:04', '7');
INSERT INTO `item_tb` VALUES ('208', 'LAPF3C615', 'Laptop', 'Dell', 'DELL LATITUDE 5410', 'N/A', 'CPU: Intel(R) Core(TM) i5-10310u CPU@1.70GHz\r\nRAM: 16GB DDR4 2667 MT/s\r\nROM: NVMe 512GB SSD\r\nO.S: WIN 11 PRO 64-bit (10.0, Build26100)\r\nGPU: Intel(R) UHD Graphics\r\nw/ Dell Laptop: LA90PM130', '0', '2025-12-16', '2025-12-16 11:18:36', '2025-12-17 14:41:55', '6');
INSERT INTO `item_tb` VALUES ('209', 'LAPC8F1', 'Laptop', 'Dell', 'DELL LATITUDE 5410', 'N/A', 'CPU: Intel(R) Core(TM) i5-10310u CPU@1.70GHz\r\nRAM: 16GB DDR4 2667 MT/s\r\nROM: NVMe 512GB SSD\r\nO.S: WIN 11 PRO 64-bit (10.0, Build26100)\r\nGPU: Intel(R) UHD Graphics\r\nw/ Dell Laptop: LA90PM130', '0', '2025-12-16', '2025-12-17 14:59:16', '2025-12-18 12:40:35', '6');
INSERT INTO `item_tb` VALUES ('210', 'LAP787E', 'Laptop', 'Dell', 'DELL LATITUDE 5410', 'N/A', 'CPU: Intel(R) Core(TM) i5-10310u CPU@1.70GHz\r\nRAM: 16GB DDR4 2667 MT/s\r\nROM: NVMe 512GB SSD\r\nO.S: WIN 11 PRO 64-bit (10.0, Build26100)\r\nGPU: Intel(R) UHD Graphics\r\nw/ Dell Laptop: LA90PM130', '0', '2025-12-16', '2025-12-17 14:59:32', '2025-12-18 12:40:08', '6');
INSERT INTO `item_tb` VALUES ('211', 'IPP03913', 'IP Phone', 'IP Phone', 'IP Phone', 'A821PMX2511130391', 'Black IP Phone\r\nInput: DC5V-1A', '1', '2026-01-05', '2026-01-05 09:52:15', '2026-01-19 11:06:51', '6');
INSERT INTO `item_tb` VALUES ('212', 'IPP03923', 'IP Phone', 'IP Phone', 'IP Phone', 'A821PMX2511130392', 'Black IP Phone\r\nInput: DC5V-1A', '0', '2026-01-05', '2026-01-05 11:05:12', '2026-01-19 11:06:51', '6');
INSERT INTO `item_tb` VALUES ('213', 'IPP03933', 'IP Phone', 'IP Phone', 'IP Phone', 'A821PMX2511130393', 'Black IP Phone\r\nInput: DC5V-1A', '0', '2026-01-05', '2026-01-05 11:06:24', '2026-01-19 11:06:51', '6');
INSERT INTO `item_tb` VALUES ('214', 'IPP03944', 'IP Phone', 'IP Phone', 'IP Phone', 'A821PMX2511130394', 'Black IP Phone\r\nInput: DC5V-1A', '0', '2026-01-05', '2026-01-05 11:07:03', '2026-01-19 11:06:51', '6');
INSERT INTO `item_tb` VALUES ('215', 'IPP03955', 'IP Phone', 'IP Phone', 'IP Phone', 'A821PMX2511130395', 'Black IP Phone\r\nInput: DC5V-1A', '1', '2026-01-05', '2026-01-05 11:07:13', '2026-01-19 11:06:51', '6');
INSERT INTO `item_tb` VALUES ('216', 'IPP03966', 'IP Phone', 'IP Phone', 'IP Phone', 'A821PMX2511130396', 'Black IP Phone\r\nInput: DC5V-1A', '0', '2026-01-05', '2026-01-05 11:07:22', '2026-01-19 11:06:51', '6');
INSERT INTO `item_tb` VALUES ('217', 'IPP03977', 'IP Phone', 'IP Phone', 'IP Phone', 'A821PMX2511130397', 'Black IP Phone\r\nInput: DC5V-1A', '1', '2026-01-05', '2026-01-05 11:07:31', '2026-01-19 11:06:51', '6');
INSERT INTO `item_tb` VALUES ('218', 'IPP03988', 'IP Phone', 'IP Phone', 'IP Phone', 'A821PMX2511130398', 'Black IP Phone\r\nInput: DC5V-1A', '1', '2026-01-05', '2026-01-05 11:07:41', '2026-01-19 11:06:51', '6');
INSERT INTO `item_tb` VALUES ('219', 'IPP03999', 'IP Phone', 'IP Phone', 'IP Phone', 'A821PMX2511130399', 'Black IP Phone\r\nInput: DC5V-1A', '1', '2026-01-05', '2026-01-05 11:08:44', '2026-01-19 11:06:51', '6');
INSERT INTO `item_tb` VALUES ('220', 'IPP040010', 'IP Phone', 'IP Phone', 'IP Phone', 'A821PMX2511130400', 'Black IP Phone\r\nInput: DC5V-1A', '1', '2026-01-05', '2026-01-05 11:09:06', '2026-01-19 11:06:51', '6');
INSERT INTO `item_tb` VALUES ('221', 'MON18306', 'Monitor', 'AOV', 'AOV Monitor', 'DYOCB1A001830', 'AOV OLD Monitor', '0', '2026-01-06', '2026-01-06 11:02:55', '2026-01-06 11:03:58', '6');
INSERT INTO `item_tb` VALUES ('224', 'PRI65136', 'Printer', 'EPSON', 'EPSON ECOTANK M15140', 'X835006513', 'EPSON ECOTANK M15140 MONO A3 WIFI AOI INK TANK PRINTER\r\nFOR PURCHASING DEPT FROM MAVEN', '0', '2025-10-13', '2026-01-18 15:55:59', '2026-01-18 16:08:52', '6');
INSERT INTO `item_tb` VALUES ('225', 'LAP087618', 'Laptop', 'Acer', 'Acer Travelmate P214 Series', '11701830876', 'OLD Laptop of Ms. Cahilig', '1', '2021-08-01', '2026-01-19 09:55:04', '2026-01-19 09:55:04', '6');
INSERT INTO `item_tb` VALUES ('226', 'MON93537', 'Monitor', 'NVISION', 'N190HD V8', 'N190VL658A251179353', 'NVISION N190V8 19\" LED MONITOR | BUILT-IN POWER', '0', '2026-01-20', '2026-01-20 15:09:19', '2026-01-21 08:56:30', '2');
INSERT INTO `item_tb` VALUES ('227', 'MON93708', 'Monitor', 'NVISION', 'N190HD V8', 'N190VL658A251179370', 'NVISION N190V8 19\" LED MONITOR | BUILT-IN POWER', '0', '2026-01-20', '2026-01-20 15:09:51', '2026-01-21 08:54:56', '2');
INSERT INTO `item_tb` VALUES ('228', 'MON06969', 'Monitor', 'NVISION', 'N190HD V8', 'N190VL658A251180696', 'NVISION N190V8 19\" LED MONITOR | BUILT-IN POWER', '0', '2026-01-20', '2026-01-20 15:10:54', '2026-01-21 08:54:10', '2');
INSERT INTO `item_tb` VALUES ('229', 'MON944810', 'Monitor', 'NVISION', 'N190HD V8', 'N190VL658A251179448', 'NVISION N190V8 19\" LED MONITOR | BUILT-IN POWER \r\nfor canlubang pded', '0', '2026-01-22', '2026-01-23 07:39:53', '2026-01-23 11:15:14', '2');
INSERT INTO `item_tb` VALUES ('230', 'MON949911', 'Monitor', 'NVISION', 'N190HD V8', 'N190VL658A251179499', 'NVISION N190V8 19\" LED MONITOR | BUILT-IN POWER for CDO BRANCH', '1', '2026-01-22', '2026-01-23 07:58:04', '2026-01-23 07:58:04', '2');
INSERT INTO `item_tb` VALUES ('231', 'MON997612', 'Monitor', 'NVISION', 'N190HD V8', 'N190VL658A251179976', 'NVISION N190V8 19\" LED MONITOR | BUILT-IN POWER For CDO Branch', '1', '2026-01-22', '2026-01-23 07:58:53', '2026-01-23 07:58:53', '2');
INSERT INTO `item_tb` VALUES ('232', 'LT0129', 'Laptop', 'Acer', 'Acer Travelmate P214 Series N19Q7', 'NXVLFSP00811704784600', 'Acer Travelmate P214 Series N19Q7', '1', '2021-08-01', '2026-01-23 08:11:00', '2026-01-28 16:28:43', '6');
INSERT INTO `item_tb` VALUES ('233', 'LAP345613', 'Laptop Charger', 'Acer', 'ADP-65JHBB', '145723123456', '100-240 1.5A 50/60Hz LPS\r\n19V -- 3.42A \r\nN17908 V85', '1', '2026-01-22', '2026-01-23 08:17:23', '2026-01-28 16:30:10', '2');
INSERT INTO `item_tb` VALUES ('234', 'MON311813', 'Monitor', 'NVISION', 'N190HD V8', 'N190VL658A251283118', 'NVISION N190V8 19\" LED MONITOR | BUILT-IN POWER For Service Engineer', '1', '2026-01-22', '2026-01-23 08:34:36', '2026-01-23 08:34:36', '2');
INSERT INTO `item_tb` VALUES ('235', 'MON141314', 'Monitor', 'NVISION', 'N190HD V8', 'N190VL658A251181413', 'NVISION N190V8 19\" LED MONITOR | BUILT-IN POWER For Service Engineer', '1', '2026-01-22', '2026-01-23 08:35:27', '2026-01-23 08:35:27', '2');
INSERT INTO `item_tb` VALUES ('236', 'SSD083519', 'SSD', 'APACER', 'AS350', '4P0822000835', 'Replacement of defective SSD\r\nFor Sir hector', '1', '2026-01-15', '2026-01-29 17:53:43', '2026-01-29 17:54:28', '7');
INSERT INTO `item_tb` VALUES ('238', 'SSDQEQW20', 'SSD', 'APACER', 'AS350', 'EWQEQW', 'dasda', '1', '2026-01-30', '2026-01-30 12:02:00', '2026-01-30 12:02:00', '6');


-- --------------------------------------------------------
-- Table structure for table `item_type`
-- --------------------------------------------------------
CREATE TABLE `item_type` (
  `type_id` int(11) NOT NULL AUTO_INCREMENT,
  `type_name` varchar(100) NOT NULL,
  `description` text DEFAULT NULL,
  PRIMARY KEY (`type_id`)
) ENGINE=InnoDB AUTO_INCREMENT=9 DEFAULT CHARSET=utf8mb4 COLLATE=utf8mb4_general_ci;

-- Dumping data for table `item_type`
--
INSERT INTO `item_type` VALUES ('1', 'PC Parts', 'CPU, Motherboard, RAM, HDD/SSD, PSU, GPU, Cooling systems, Cases, Cables');
INSERT INTO `item_type` VALUES ('2', 'Peripherals', 'Monitors, Keyboards, Mice, Printers, Scanners, Webcams, External storage');
INSERT INTO `item_type` VALUES ('4', 'Software', 'Operating Systems, Productivity Software, Security Software, Specialized Software');
INSERT INTO `item_type` VALUES ('5', 'Tools', 'Screwdrivers, Tool Kits, Cable Organizers, Antistatic Equipment, UPS, Batteries');
INSERT INTO `item_type` VALUES ('6', 'Devices', 'Laptops, Tablets, Smartphones, External Battery Packs');
INSERT INTO `item_type` VALUES ('7', 'Storage', 'External HDD/SSD, NAS, Backup Tapes, Cloud Storage Subscriptions');
INSERT INTO `item_type` VALUES ('8', 'Consumables', 'Consumables');


-- --------------------------------------------------------
-- Table structure for table `request_tb`
-- --------------------------------------------------------
CREATE TABLE `request_tb` (
  `request_id` int(11) NOT NULL AUTO_INCREMENT,
  `lmr_no` varchar(50) NOT NULL,
  `requestor` varchar(100) NOT NULL,
  `department` varchar(70) NOT NULL,
  `item` varchar(70) NOT NULL,
  `description` varchar(150) NOT NULL,
  `quantity` tinyint(4) NOT NULL,
  `UoM` varchar(50) NOT NULL,
  `date_needed` varchar(50) NOT NULL,
  `remarks` varchar(150) NOT NULL,
  `date_created` date NOT NULL,
  `status` varchar(50) NOT NULL,
  `date_updated` timestamp NOT NULL DEFAULT current_timestamp() ON UPDATE current_timestamp(),
  PRIMARY KEY (`request_id`)
) ENGINE=InnoDB AUTO_INCREMENT=58 DEFAULT CHARSET=utf8mb4 COLLATE=utf8mb4_general_ci;

-- Dumping data for table `request_tb`
--
INSERT INTO `request_tb` VALUES ('8', 'SD-2506-002', 'Abby Mina', 'VRF', 'SSD', 'Laptop Upgrade', '1', 'piece', 'ASAP', '', '2025-07-15', 'Received', '2025-11-18 11:34:54');
INSERT INTO `request_tb` VALUES ('9', 'IT-100011', 'Gardo Oruga', 'Purchasing', 'Laptop', 'New Laptop', '1', 'piece', 'ASAP', '', '2025-07-15', 'Pending', '2025-11-27 06:24:01');
INSERT INTO `request_tb` VALUES ('10', 'IT-100018', 'Xerxis Costelo', 'Tarlac Warehouse', 'SSD', 'Laptop Upgrade', '1', 'piece', 'ASAP', '', '2025-08-13', 'Received', '2025-11-18 11:35:31');
INSERT INTO `request_tb` VALUES ('11', 'IT-100020', 'Ed Villapando', 'Sucat Warehouse', 'Printer', 'Dot Matrix Repair', '1', 'piece', 'ASAP', '', '2025-08-15', 'Pending', '2025-12-03 09:24:14');
INSERT INTO `request_tb` VALUES ('12', 'IT-100021', 'Accounting Department', 'Accounting Department', 'SSD', 'PC Upgrade', '7', 'piece', 'ASAP', '', '2025-08-22', 'Received', '2025-11-24 11:22:14');
INSERT INTO `request_tb` VALUES ('13', 'IT-100031', 'Manuel Penas', 'Sales', 'Laptop', 'New Laptop', '1', 'piece', 'ASAP', '', '2025-10-01', 'Received', '2025-12-22 00:43:20');
INSERT INTO `request_tb` VALUES ('15', 'IT-100034', 'Sales, Vrf, HR', 'Sales, Vrf, HR', 'Printer Ink', 'Printer Ink', '4', 'piece', 'ASAP', '', '2025-10-03', 'Received', '2025-11-24 10:20:36');
INSERT INTO `request_tb` VALUES ('16', 'IT-100041', 'Service - Parts', 'Service - Parts', 'SSD', 'SSD', '2', 'piece', 'ASAP', '', '2025-10-30', 'Received', '2025-11-18 11:53:19');
INSERT INTO `request_tb` VALUES ('17', 'IT-100038', 'CDO Branch', 'CDO Branch', 'Monitor', 'Monitor Replacement', '2', 'piece', 'ASAP', 'OK', '2025-10-30', 'Received', '2026-01-24 00:18:42');
INSERT INTO `request_tb` VALUES ('18', 'IT-100040', 'Service - Parts', 'Service - Parts', 'AVR', 'AVR', '7', 'piece', 'ASAP', '', '2025-10-30', 'Received', '2025-12-11 02:09:18');
INSERT INTO `request_tb` VALUES ('19', 'IT-100037', 'Cebu Branch', 'Cebu Branch', 'SSD/RAM', '500GB SSD 2.5\" INTERNAL, 8GB DDR4 RAM 2400 MHZ', '4', 'piece', 'ASAP', '', '2025-11-18', 'Received', '2025-12-09 08:12:37');
INSERT INTO `request_tb` VALUES ('20', 'IT-100036', 'IT Department', 'IT Department', 'WIFI Dongle', 'WIFI Dongle for Sucat', '3', 'piece', 'ASAP', '', '2025-11-18', 'Received', '2025-12-11 02:09:28');
INSERT INTO `request_tb` VALUES ('22', 'IT-100045', 'IT Department', 'IT Department', 'Mouse', 'A4TECH KEYBOARD AND MOUSE', '10', 'pieces', 'ASAP', 'for 2 service engineers, 1 pau, 1 rey grena, 1 hi-aire, and 5 spare', '2025-11-28', 'Pending', '2025-12-11 13:49:24');
INSERT INTO `request_tb` VALUES ('23', 'IT-100046', 'Abby Mina', 'VRF', 'Battery', 'Laptop Battery', '1', 'pieces', 'ASAP', 'Defective Battery (Acer TravelMate P249 Series, Model No. N16Q1)', '2025-11-28', 'Rejected', '2025-12-22 00:43:06');
INSERT INTO `request_tb` VALUES ('24', 'IT-100047', 'Service Engineers', 'Service Department', 'Monitor', 'New Monitor', '2', 'piece', 'ASAP', 'for new technical Service Engineers', '2025-11-28', 'Received', '2026-01-24 00:18:30');
INSERT INTO `request_tb` VALUES ('30', 'IT-100048', 'Jayson Almadrones', 'Accounting Department', 'SSD', '500 GB INTERNAL SSD 2.5\"', '1', 'pc', 'ASAP', 'Laptop Upgrade due to slow laptop performance', '2025-11-28', 'Received', '2025-12-12 07:49:18');
INSERT INTO `request_tb` VALUES ('31', 'IT-100048', 'Jayson Almadrones', 'Accounting Department', 'Battery', 'Lenovo Ideapad 100-14IBD, \r\nModel: 81MV', '1', 'pc', 'ASAP', 'Defective Laptop Battery', '2025-11-28', 'Pending', '2025-12-03 09:23:40');
INSERT INTO `request_tb` VALUES ('32', 'IT-100049', 'IT Department', 'IT Department', 'Lamp Projector', 'OS-RAM P-VIP 190/0.8 E20.8 Lamp Projector', '1', 'pc', 'ASAP', 'For Replacement of Parts of Defective Projector (Service Department)', '2025-11-28', 'Pending', '2025-12-03 09:23:26');
INSERT INTO `request_tb` VALUES ('33', 'IT-100050', 'PDED Design', 'PDED Department', 'SSD', '512GB INTERNAL SSD 2.5\"', '4', 'pcs', 'ASAP', 'PC Upgrade for Mike Jordan Constantino, Christopher Tarcena, Wyndell Erpe and Vacant PC', '2025-12-03', 'Received', '2025-12-12 07:49:14');
INSERT INTO `request_tb` VALUES ('35', 'IT-100051', 'Reynald Gapido', 'HI-AIRE - Operations', 'SSD', '500 GB INTERNAL SSD 2.5\"', '2', 'pc', 'ASAP', 'For 2 Project Engineers', '2025-12-03', 'Received', '2025-12-12 07:49:10');
INSERT INTO `request_tb` VALUES ('36', 'IT-100051', 'William Tating', 'HEEC - Sales', 'SSD', '500 GB INTERNAL SSD 2.5\"', '1', 'pc', 'ASAP', 'For PC Upgrade', '2025-12-03', 'Received', '2025-12-15 04:38:38');
INSERT INTO `request_tb` VALUES ('37', 'IT-100052', 'Cary Frances Maunahan', 'QA Department', 'SSD', '500 GB INTERNAL SSD 2.5\"', '1', 'pc', 'ASAP', 'HDD to SSD Upgrade due to low HDD life', '2025-12-16', 'Pending', '2025-12-16 09:09:03');
INSERT INTO `request_tb` VALUES ('38', 'IT-100053', 'SALES, VRF, MKTG', 'SALES, VRF, MKTG', 'INK', 'M15140 PRINTER INK', '2', 'pcs', 'ASAP', 'For SALES, VRF, MKTG Printer', '2026-01-06', 'Pending', '2026-01-06 08:40:58');
INSERT INTO `request_tb` VALUES ('39', 'IT-100054', 'Aldrine Rocero', 'Service', 'Printer', 'Printer Head Repair of EPSON LX-310', '1', 'pc', 'ASAP', 'Unreadable Print out due to possible printer head problem (need vendor technical assessment)', '2026-01-08', 'Pending', '2026-01-19 09:04:37');
INSERT INTO `request_tb` VALUES ('40', 'IT-100055', 'Oscar Juanico', 'CNC Dept', 'INK', 'Printer Ink for Epson M15140', '1', 'pc', 'ASAP', 'Printer Ink for Epson M15140', '2026-01-09', 'Pending', '2026-01-09 15:34:01');
INSERT INTO `request_tb` VALUES ('41', 'IT-100056', 'Jayson Viray', 'PDED Department', 'Monitor', 'Monitor Replacement', '1', 'pc', 'ASAP', 'Monitor Replacement', '2026-01-16', 'Received', '2026-01-24 00:18:52');
INSERT INTO `request_tb` VALUES ('42', 'KI-MD-F002-26', 'Marketing', 'Marketing Department', 'Printer', 'Colored A3 Printer with Scanner', '1', 'pc', 'ASAP', '', '2026-01-16', 'Rejected', '2026-01-28 06:53:02');
INSERT INTO `request_tb` VALUES ('43', 'IT-100057', 'IT Department', 'IT Department', 'Forti Switch', '48 ports Forti Switch 148F', '2', 'pc', 'ASAP', 'Replacement of Switch for SAP Servers', '2026-01-30', 'Pending', '2026-01-30 08:58:45');
INSERT INTO `request_tb` VALUES ('44', 'IT-100057', 'IT Department', 'IT Department', 'Access Point', 'Rujie Reyee Access Point', '3', 'pc', 'ASAP', 'Replacement of defective access points', '2026-01-30', 'Pending', '2026-01-30 08:58:40');
INSERT INTO `request_tb` VALUES ('45', 'IT-110057', 'IT Department', 'IT Department', 'UPS', '1500 VA UPS (Schneider/Eaton/Vertiv)', '1', 'pc', 'ASAP', 'UPS for servers', '2026-01-30', 'Rejected', '2026-01-30 08:58:35');
INSERT INTO `request_tb` VALUES ('46', 'IT-100057', 'IT Department', 'IT Department', 'Battery', '9 Volts Battery (Eveready, Energizer)', '2', 'pc', 'ASAP', '9 Volts Battery for lan tester', '2026-01-30', 'Pending', '2026-01-30 08:58:29');
INSERT INTO `request_tb` VALUES ('47', 'IT-100058', 'Jaypeeh Guertah', 'Canlubang Warehouse', 'Switch', '12/16 Port TP Link Switch', '1', 'pc', 'ASAP', 'Existing Access point is full and having malfunction', '2026-01-28', 'Pending', '2026-01-28 16:14:54');
INSERT INTO `request_tb` VALUES ('48', 'IT-100059', 'SUCAT WAREHOUSE', 'SUCAT WAREHOUSE', 'SSD', '500 GB INTERNAL SSD 2.5\"', '4', 'pc', 'ASAP', 'For PC Upgrade of Ed, Mildred, Nestor and Archie', '2026-01-30', 'Pending', '2026-01-30 09:11:48');
INSERT INTO `request_tb` VALUES ('49', 'IT-100059', 'SUCAT WAREHOUSE', 'SUCAT WAREHOUSE', 'RAM', '8GB DDR4 RAM 2100-2600 Mhz DIMM', '2', 'pc', 'ASAP', 'For Archie and Amor', '2026-01-30', 'Pending', '2026-01-30 09:11:42');
INSERT INTO `request_tb` VALUES ('50', 'IT-100059', 'SUCAT WAREHOUSE', 'SUCAT WAREHOUSE', 'RAM', '8GB DDR3 1300-1600 Mhz DIMM', '3', 'pc', 'ASAP', 'For Ed, Mildred, Nestor', '2026-01-30', 'Pending', '2026-01-30 09:11:39');
INSERT INTO `request_tb` VALUES ('51', 'IT-100060', 'CDO BRANCH', 'CDO BRANCH', 'SSD', '500 GB INTERNAL SSD 2.5\"', '6', 'pc', 'ASAP', 'For PC upgrade of Jane, Leslie, Charlene, Rey, Sarah, Rey', '2026-01-30', 'Pending', '2026-01-30 09:11:22');
INSERT INTO `request_tb` VALUES ('52', 'IT-100060', 'CDO BRANCH', 'CDO BRANCH', 'RAM', '8GB DDR4 RAM 2100-2600 Mhz DIMM', '2', 'pc', 'ASAP', 'For Leslie, Rey', '2026-01-30', 'Pending', '2026-01-30 09:11:17');
INSERT INTO `request_tb` VALUES ('53', 'IT-100060', 'CDO BRANCH', 'CDO BRANCH', 'RAM', '8GB DDR3 1300-1600 Mhz DIMM', '1', 'pc', 'ASAP', 'For Jane', '2026-01-30', 'Pending', '2026-01-30 09:11:14');
INSERT INTO `request_tb` VALUES ('54', 'IT-100060', 'CDO BRANCH', 'CDO BRANCH', 'RAM', '8GB DDR4 RAM 2100-2600 Mhz SO-DIMM', '4', 'pc', 'ASAP', 'For Laptop of Roel, Shyne, Rey, Sarah', '2026-01-30', 'Pending', '2026-01-30 08:58:14');
INSERT INTO `request_tb` VALUES ('55', 'IT-100060', 'CDO BRANCH', 'CDO BRANCH', 'PSU', 'P700W ATX SWITCH POWER SUPPLY', '1', 'pc', 'ASAP', 'For Vacant PC, replacement defective PSU', '2026-01-30', 'Pending', '2026-01-30 09:11:10');
INSERT INTO `request_tb` VALUES ('56', 'IT-100060', 'CDO BRANCH', 'CDO BRANCH', 'SSD', '500 GB NVMe PCIe Gen3 x4 M.2 2280 SSD', '2', 'pc', 'ASAP', 'For Roel, Shyne', '2026-01-30', 'Pending', '2026-01-30 09:11:07');
INSERT INTO `request_tb` VALUES ('57', 'IT-100057', 'IT Department', 'IT Department', 'UPS', '1000 VA UPS (Schneider/Eaton/Vertiv)', '3', 'pc', 'ASAP', '1000 VA UPS (Schneider/Eaton/Vertiv)', '2026-01-30', 'Pending', '2026-01-30 04:52:59');


-- --------------------------------------------------------
-- Table structure for table `system_settings`
-- --------------------------------------------------------
CREATE TABLE `system_settings` (
  `setting_id` int(11) NOT NULL AUTO_INCREMENT,
  `setting_key` varchar(100) NOT NULL,
  `setting_value` text NOT NULL,
  `created_at` timestamp NOT NULL DEFAULT current_timestamp(),
  `updated_at` timestamp NOT NULL DEFAULT current_timestamp() ON UPDATE current_timestamp(),
  PRIMARY KEY (`setting_id`),
  UNIQUE KEY `setting_key` (`setting_key`)
) ENGINE=InnoDB AUTO_INCREMENT=8 DEFAULT CHARSET=utf8mb4 COLLATE=utf8mb4_general_ci;

-- Dumping data for table `system_settings`
--
INSERT INTO `system_settings` VALUES ('1', 'low_stock_threshold', '2', '2025-09-26 14:44:12', '2026-01-18 11:08:28');
INSERT INTO `system_settings` VALUES ('2', 'auto_archive_days', '3365', '2025-09-26 14:44:12', '2025-11-21 10:05:21');
INSERT INTO `system_settings` VALUES ('3', 'default_item_type', '6', '2025-09-26 14:44:12', '2025-09-26 14:44:12');
INSERT INTO `system_settings` VALUES ('4', 'borrow_limit', '5', '2025-09-26 14:44:12', '2025-09-26 14:44:12');
INSERT INTO `system_settings` VALUES ('5', 'require_approval', '0', '2025-09-26 14:44:12', '2025-09-26 14:44:12');


-- --------------------------------------------------------
-- Table structure for table `ticket_tb`
-- --------------------------------------------------------
CREATE TABLE `ticket_tb` (
  `ticket_id` int(11) NOT NULL AUTO_INCREMENT,
  `ticket_number` varchar(20) DEFAULT NULL,
  `user_id` int(11) DEFAULT NULL,
  `fullname` varchar(100) DEFAULT NULL,
  `email` varchar(100) DEFAULT NULL,
  `company` varchar(100) DEFAULT NULL,
  `department` varchar(100) DEFAULT NULL,
  `ticket_category` varchar(20) DEFAULT NULL,
  `subject` varchar(255) DEFAULT NULL,
  `issue` text DEFAULT NULL,
  `status` varchar(20) DEFAULT 'open',
  `date_created` timestamp NOT NULL DEFAULT current_timestamp(),
  PRIMARY KEY (`ticket_id`),
  UNIQUE KEY `ticket_number` (`ticket_number`)
) ENGINE=InnoDB AUTO_INCREMENT=4 DEFAULT CHARSET=utf8mb4 COLLATE=utf8mb4_general_ci;

-- Dumping data for table `ticket_tb`
--
INSERT INTO `ticket_tb` VALUES ('1', 'TICKET-00001', '457', 'Rochelle P. Paciola', '', 'Koppel Inc.', 'PDED-OEM', 'incident', 'Test 101', 'Test 101', 'open', '2026-01-30 14:50:37');
INSERT INTO `ticket_tb` VALUES ('2', 'TICKET-00002', '457', 'Rochelle P. Paciola', '', 'Koppel Inc.', 'PDED-OEM', 'service', 'Test 102', 'Test 102', 'open', '2026-01-30 14:56:46');
INSERT INTO `ticket_tb` VALUES ('3', 'TICKET-00003', '456', 'Juan Miguel Baylon', '-', 'HI-AIRE', 'AC - Operations', 'incident', 'Test 103', 'Test 103', 'open', '2026-01-30 15:00:28');


-- --------------------------------------------------------
-- Table structure for table `transaction_tb`
-- --------------------------------------------------------
CREATE TABLE `transaction_tb` (
  `transaction_id` int(11) NOT NULL AUTO_INCREMENT,
  `item_id` int(11) NOT NULL,
  `user_id` int(11) NOT NULL,
  `action` enum('borrowed','issued','returned') NOT NULL,
  `quantity` int(11) DEFAULT 1,
  `action_date` timestamp NOT NULL DEFAULT current_timestamp(),
  `date_returned` timestamp NOT NULL DEFAULT current_timestamp() ON UPDATE current_timestamp(),
  `remarks` text DEFAULT NULL,
  PRIMARY KEY (`transaction_id`),
  KEY `item_id` (`item_id`),
  KEY `transaction_tb_ibfk_2` (`user_id`),
  CONSTRAINT `transaction_tb_ibfk_1` FOREIGN KEY (`item_id`) REFERENCES `item_tb` (`item_id`),
  CONSTRAINT `transaction_tb_ibfk_2` FOREIGN KEY (`user_id`) REFERENCES `user_tb` (`user_id`) ON DELETE CASCADE
) ENGINE=InnoDB AUTO_INCREMENT=187 DEFAULT CHARSET=utf8mb4 COLLATE=utf8mb4_general_ci;

-- Dumping data for table `transaction_tb`
--
INSERT INTO `transaction_tb` VALUES ('43', '106', '105', 'returned', '1', '2025-09-10 09:07:03', '2025-09-10 00:00:00', 'Okay');
INSERT INTO `transaction_tb` VALUES ('44', '96', '120', 'returned', '1', '2025-09-10 09:09:17', '2025-09-10 00:00:00', 'Okay');
INSERT INTO `transaction_tb` VALUES ('45', '99', '48', 'returned', '1', '2025-09-10 09:10:00', '2025-09-11 08:40:38', 'Okayyy');
INSERT INTO `transaction_tb` VALUES ('46', '116', '105', 'issued', '1', '2025-09-10 09:38:35', '0000-00-00 00:00:00', 'Reissuance of Old laptop of Atty Jake ');
INSERT INTO `transaction_tb` VALUES ('47', '117', '105', 'issued', '1', '2025-09-10 09:38:55', '0000-00-00 00:00:00', 'Reissuance of Old laptop of Atty Jake ');
INSERT INTO `transaction_tb` VALUES ('48', '114', '46', 'issued', '1', '2025-09-10 09:39:46', '0000-00-00 00:00:00', 'Reissuance of Old laptop of Mei (Koppel-Sales)');
INSERT INTO `transaction_tb` VALUES ('49', '115', '46', 'issued', '1', '2025-09-10 09:40:11', '0000-00-00 00:00:00', 'Reissuance of Old laptop of Mei (Koppel-Sales)');
INSERT INTO `transaction_tb` VALUES ('57', '51', '105', 'returned', '1', '2016-10-16 13:35:31', '2025-09-11 11:13:43', 'Laptop Replacement');
INSERT INTO `transaction_tb` VALUES ('58', '52', '105', 'returned', '1', '2016-10-16 13:35:31', '2025-09-11 11:13:55', 'Laptop Replacement');
INSERT INTO `transaction_tb` VALUES ('60', '133', '60', 'issued', '1', '2025-09-11 17:29:14', '0000-00-00 00:00:00', 'Replacement of OLD Monitor');
INSERT INTO `transaction_tb` VALUES ('61', '132', '181', 'issued', '1', '2025-09-11 17:32:33', '0000-00-00 00:00:00', 'Replacement of OLD Monitor');
INSERT INTO `transaction_tb` VALUES ('62', '135', '182', 'issued', '1', '2025-09-03 07:55:33', '0000-00-00 00:00:00', 'Replacement of Old IP Phone');
INSERT INTO `transaction_tb` VALUES ('63', '134', '183', 'issued', '1', '2025-09-04 07:55:58', '0000-00-00 00:00:00', 'Replacement of Old IP Phone');
INSERT INTO `transaction_tb` VALUES ('66', '100', '185', 'returned', '1', '2025-09-15 07:43:16', '2025-09-15 00:00:00', 'ok');
INSERT INTO `transaction_tb` VALUES ('67', '136', '184', 'issued', '1', '2025-08-15 08:48:16', '0000-00-00 00:00:00', 'New Biometrics');
INSERT INTO `transaction_tb` VALUES ('68', '137', '186', 'issued', '1', '2025-08-15 08:48:16', '0000-00-00 00:00:00', 'New Biometrics');
INSERT INTO `transaction_tb` VALUES ('69', '106', '187', 'returned', '1', '2025-09-15 10:08:56', '2025-09-15 00:00:00', 'OKay');
INSERT INTO `transaction_tb` VALUES ('70', '142', '188', 'returned', '1', '2025-06-05 09:46:53', '2025-09-16 00:00:00', 'Resigned');
INSERT INTO `transaction_tb` VALUES ('71', '143', '188', 'returned', '1', '2025-06-05 09:58:27', '2025-09-16 00:00:00', 'Resigned');
INSERT INTO `transaction_tb` VALUES ('72', '142', '189', 'issued', '1', '2025-09-16 15:47:33', '0000-00-00 00:00:00', 'Reissuance of Laptop');
INSERT INTO `transaction_tb` VALUES ('73', '143', '189', 'issued', '1', '2025-09-16 15:48:21', '0000-00-00 00:00:00', 'Reissuance of Laptop');
INSERT INTO `transaction_tb` VALUES ('76', '152', '191', 'issued', '1', '2025-09-22 09:22:13', '0000-00-00 00:00:00', 'Ink Refill for Printer');
INSERT INTO `transaction_tb` VALUES ('77', '144', '152', 'issued', '1', '2025-09-22 16:34:39', '0000-00-00 00:00:00', 'Issued');
INSERT INTO `transaction_tb` VALUES ('78', '147', '152', 'issued', '1', '2025-09-22 16:35:09', '0000-00-00 00:00:00', 'Issued');
INSERT INTO `transaction_tb` VALUES ('79', '145', '192', 'issued', '1', '2025-09-22 16:58:30', '0000-00-00 00:00:00', 'Issued');
INSERT INTO `transaction_tb` VALUES ('81', '146', '194', 'issued', '1', '2025-09-23 14:14:38', '0000-00-00 00:00:00', 'Issued to Danica ');
INSERT INTO `transaction_tb` VALUES ('82', '88', '48', 'issued', '1', '2025-09-23 15:04:21', '0000-00-00 00:00:00', 'Used for Afuangs Laptop');
INSERT INTO `transaction_tb` VALUES ('83', '153', '195', 'issued', '1', '2025-09-24 08:52:24', '0000-00-00 00:00:00', 'Replacement of Old Laptop');
INSERT INTO `transaction_tb` VALUES ('84', '159', '195', 'issued', '1', '2025-09-24 08:56:01', '0000-00-00 00:00:00', 'Laptop Charger');
INSERT INTO `transaction_tb` VALUES ('85', '160', '195', 'returned', '1', '2019-09-01 00:00:00', '2025-09-24 00:00:00', 'Laptop Replacement');
INSERT INTO `transaction_tb` VALUES ('86', '161', '195', 'returned', '1', '2019-09-01 00:00:00', '2025-09-24 00:00:00', 'Laptop Replacement');
INSERT INTO `transaction_tb` VALUES ('90', '151', '48', 'returned', '1', '2025-09-26 14:44:56', '2025-09-26 00:00:00', 'Returned\r\n');
INSERT INTO `transaction_tb` VALUES ('91', '164', '197', 'issued', '1', '2025-09-29 09:22:04', '0000-00-00 00:00:00', 'New Employee');
INSERT INTO `transaction_tb` VALUES ('92', '165', '197', 'issued', '1', '2025-09-29 09:22:29', '0000-00-00 00:00:00', 'New Employee');
INSERT INTO `transaction_tb` VALUES ('93', '84', '197', 'issued', '1', '2025-09-29 09:24:02', '0000-00-00 00:00:00', 'Issue for the new pc');
INSERT INTO `transaction_tb` VALUES ('94', '87', '197', 'issued', '1', '2025-09-29 09:30:43', '0000-00-00 00:00:00', 'New Employee');
INSERT INTO `transaction_tb` VALUES ('95', '85', '198', 'issued', '1', '2025-09-29 10:00:47', '0000-00-00 00:00:00', 'For new PC');
INSERT INTO `transaction_tb` VALUES ('96', '163', '198', 'issued', '1', '2025-09-29 10:01:22', '0000-00-00 00:00:00', 'New PC');
INSERT INTO `transaction_tb` VALUES ('97', '87', '198', 'issued', '1', '2025-09-29 13:17:14', '0000-00-00 00:00:00', 'New PC');
INSERT INTO `transaction_tb` VALUES ('100', '90', '203', 'issued', '1', '2025-10-01 16:26:13', '0000-00-00 00:00:00', 'Replacement');
INSERT INTO `transaction_tb` VALUES ('101', '90', '204', 'issued', '1', '2025-10-01 16:26:35', '0000-00-00 00:00:00', 'Replacement');
INSERT INTO `transaction_tb` VALUES ('102', '100', '185', 'returned', '1', '2025-10-01 16:27:17', '2025-10-01 00:00:00', 'Returned');
INSERT INTO `transaction_tb` VALUES ('103', '168', '205', 'issued', '1', '2025-10-07 08:31:33', '0000-00-00 00:00:00', 'Ink Refill');
INSERT INTO `transaction_tb` VALUES ('104', '170', '206', 'issued', '1', '2025-06-23 15:52:20', '0000-00-00 00:00:00', 'New Printer');
INSERT INTO `transaction_tb` VALUES ('105', '171', '191', 'issued', '1', '2025-10-07 16:06:23', '2026-01-18 15:22:10', 'For New Printer\r\n');
INSERT INTO `transaction_tb` VALUES ('106', '169', '207', 'issued', '1', '2025-10-07 16:16:26', '0000-00-00 00:00:00', 'New Printer');
INSERT INTO `transaction_tb` VALUES ('107', '174', '207', 'issued', '1', '2025-10-08 17:24:47', '0000-00-00 00:00:00', 'Ink for printer');
INSERT INTO `transaction_tb` VALUES ('108', '175', '207', 'issued', '1', '2025-10-08 17:24:59', '0000-00-00 00:00:00', 'Ink for printer');
INSERT INTO `transaction_tb` VALUES ('109', '176', '209', 'issued', '1', '2025-10-10 14:07:38', '0000-00-00 00:00:00', 'PC Upgrade');
INSERT INTO `transaction_tb` VALUES ('110', '121', '211', 'issued', '1', '2025-10-13 08:53:35', '0000-00-00 00:00:00', 'New Laptop for New Employee');
INSERT INTO `transaction_tb` VALUES ('111', '120', '211', 'issued', '1', '2025-10-13 08:54:05', '0000-00-00 00:00:00', 'New Laptop for New Employee');
INSERT INTO `transaction_tb` VALUES ('112', '112', '212', 'issued', '1', '2025-10-15 08:26:35', '0000-00-00 00:00:00', 'Laptop Reissuance');
INSERT INTO `transaction_tb` VALUES ('113', '52', '212', 'issued', '1', '2025-10-15 08:28:10', '0000-00-00 00:00:00', 'Laptop Charger');
INSERT INTO `transaction_tb` VALUES ('114', '177', '212', 'returned', '1', '2018-11-14 08:38:17', '2025-10-15 08:39:02', 'New Laptop');
INSERT INTO `transaction_tb` VALUES ('115', '99', '213', 'returned', '1', '2025-10-15 09:07:38', '2025-10-17 00:00:00', 'Returned Ok');
INSERT INTO `transaction_tb` VALUES ('116', '178', '185', 'issued', '1', '2025-10-16 08:54:51', '0000-00-00 00:00:00', 'AVR Replacement');
INSERT INTO `transaction_tb` VALUES ('117', '178', '213', 'issued', '1', '2025-10-16 08:55:12', '0000-00-00 00:00:00', 'AVR Replacement');
INSERT INTO `transaction_tb` VALUES ('118', '180', '214', 'issued', '1', '2025-10-21 10:48:03', '0000-00-00 00:00:00', 'Laptop Reissuance\r\n\r\nUpgrade:\r\nRAM: +8GB RAM DDR4\r\nROM: +1TB HDD');
INSERT INTO `transaction_tb` VALUES ('119', '181', '214', 'issued', '1', '2025-10-21 10:48:39', '0000-00-00 00:00:00', 'Laptop Charger for Lenovo');
INSERT INTO `transaction_tb` VALUES ('120', '173', '211', 'issued', '1', '2025-10-21 11:46:56', '0000-00-00 00:00:00', 'For Laptop Upgrade');
INSERT INTO `transaction_tb` VALUES ('121', '172', '215', 'issued', '1', '2025-10-21 11:48:19', '0000-00-00 00:00:00', 'Laptop Upgrade');
INSERT INTO `transaction_tb` VALUES ('122', '179', '216', 'issued', '1', '2025-10-22 15:06:26', '0000-00-00 00:00:00', 'Battery Replacement');
INSERT INTO `transaction_tb` VALUES ('123', '108', '217', 'issued', '1', '2025-11-03 09:03:25', '0000-00-00 00:00:00', 'New Laptop ');
INSERT INTO `transaction_tb` VALUES ('124', '109', '217', 'issued', '1', '2025-11-03 09:07:07', '0000-00-00 00:00:00', 'Charger for Dell Laptop');
INSERT INTO `transaction_tb` VALUES ('125', '183', '417', 'issued', '1', '2025-11-13 13:41:47', '2026-01-18 15:21:20', 'Replacement of borrowed ink');
INSERT INTO `transaction_tb` VALUES ('126', '151', '206', 'issued', '1', '2025-11-13 13:43:29', '0000-00-00 00:00:00', 'Borrowed cnc ink');
INSERT INTO `transaction_tb` VALUES ('127', '178', '218', 'issued', '1', '2025-11-13 13:57:02', '0000-00-00 00:00:00', 'AVR Replacement/Issuance');
INSERT INTO `transaction_tb` VALUES ('128', '178', '221', 'issued', '1', '2025-11-13 13:57:16', '0000-00-00 00:00:00', 'AVR Replacement/Issuance');
INSERT INTO `transaction_tb` VALUES ('129', '178', '219', 'issued', '1', '2025-11-13 13:57:30', '0000-00-00 00:00:00', 'AVR Replacement/Issuance');
INSERT INTO `transaction_tb` VALUES ('130', '178', '222', 'issued', '1', '2025-11-13 13:57:44', '0000-00-00 00:00:00', 'AVR Replacement/Issuance');
INSERT INTO `transaction_tb` VALUES ('131', '178', '220', 'issued', '1', '2025-11-13 13:58:05', '0000-00-00 00:00:00', 'AVR Replacement/Issuance');
INSERT INTO `transaction_tb` VALUES ('132', '187', '223', 'issued', '1', '2025-11-13 17:02:35', '0000-00-00 00:00:00', 'Laptop Upgrade');
INSERT INTO `transaction_tb` VALUES ('133', '195', '223', 'issued', '1', '2025-11-13 17:03:37', '0000-00-00 00:00:00', 'Laptop Upgrade');
INSERT INTO `transaction_tb` VALUES ('134', '194', '224', 'issued', '1', '2025-11-14 08:26:53', '0000-00-00 00:00:00', 'PC Upgrade');
INSERT INTO `transaction_tb` VALUES ('135', '191', '226', 'issued', '1', '2025-11-19 09:54:58', '0000-00-00 00:00:00', 'PC Upgrade');
INSERT INTO `transaction_tb` VALUES ('136', '186', '186', 'issued', '1', '2025-11-19 14:26:16', '0000-00-00 00:00:00', '');
INSERT INTO `transaction_tb` VALUES ('137', '185', '186', 'issued', '1', '2025-11-19 14:26:42', '0000-00-00 00:00:00', '');
INSERT INTO `transaction_tb` VALUES ('138', '139', '136', 'borrowed', '1', '2025-11-19 14:29:53', '0000-00-00 00:00:00', 'Backup Printer');
INSERT INTO `transaction_tb` VALUES ('139', '138', '227', 'issued', '1', '2025-11-19 14:31:48', '0000-00-00 00:00:00', '');
INSERT INTO `transaction_tb` VALUES ('140', '140', '186', 'issued', '1', '2025-11-19 14:33:15', '0000-00-00 00:00:00', '');
INSERT INTO `transaction_tb` VALUES ('142', '125', '230', 'issued', '1', '2025-10-23 15:52:27', '0000-00-00 00:00:00', 'Temporary Reissuance of Laptop');
INSERT INTO `transaction_tb` VALUES ('143', '126', '230', 'issued', '1', '2025-10-23 15:53:32', '0000-00-00 00:00:00', 'Temporary Reissuance of Laptop');
INSERT INTO `transaction_tb` VALUES ('144', '177', '228', 'issued', '1', '2025-10-30 15:59:33', '0000-00-00 00:00:00', 'Laptop Replacement');
INSERT INTO `transaction_tb` VALUES ('145', '99', '231', 'returned', '1', '2025-11-20 08:12:32', '2025-11-20 00:00:00', 'Returned');
INSERT INTO `transaction_tb` VALUES ('146', '193', '232', 'issued', '1', '2025-11-21 13:23:11', '0000-00-00 00:00:00', 'SN: 4P1322057334');
INSERT INTO `transaction_tb` VALUES ('147', '184', '206', 'issued', '1', '2025-11-24 08:36:30', '0000-00-00 00:00:00', 'INK Refill');
INSERT INTO `transaction_tb` VALUES ('148', '197', '233', 'borrowed', '1', '2025-11-24 10:32:07', '0000-00-00 00:00:00', 'Temporary because old laptop had problem');
INSERT INTO `transaction_tb` VALUES ('149', '196', '234', 'issued', '1', '2025-11-24 10:41:58', '0000-00-00 00:00:00', '4P1322057769 - \r\nOriginally for vilma \r\nInstalled to Jayson Laptop - to be replaced');
INSERT INTO `transaction_tb` VALUES ('150', '89', '235', 'issued', '79', '2025-11-24 16:51:40', '0000-00-00 00:00:00', '');
INSERT INTO `transaction_tb` VALUES ('152', '90', '235', 'issued', '13', '2025-11-25 11:41:13', '0000-00-00 00:00:00', 'Replacement of CMOS Battery');
INSERT INTO `transaction_tb` VALUES ('153', '99', '231', 'returned', '1', '2025-11-27 13:22:35', '2025-11-28 00:00:00', 'Returned OK');
INSERT INTO `transaction_tb` VALUES ('154', '198', '187', 'issued', '4', '2025-12-03 15:47:18', '0000-00-00 00:00:00', 'Epson Colored Ink Replacement');
INSERT INTO `transaction_tb` VALUES ('156', '193', '428', 'issued', '1', '2025-12-03 16:12:46', '0000-00-00 00:00:00', 'sn: 4P1322057775 for ruel');
INSERT INTO `transaction_tb` VALUES ('158', '196', '430', 'issued', '1', '2025-12-03 16:18:47', '0000-00-00 00:00:00', 'SN: 4P1322079237');
INSERT INTO `transaction_tb` VALUES ('159', '201', '431', 'issued', '1', '2025-12-04 10:38:04', '0000-00-00 00:00:00', 'New Employee');
INSERT INTO `transaction_tb` VALUES ('160', '182', '202', 'issued', '1', '2025-12-05 14:38:46', '0000-00-00 00:00:00', 'Laptop Upgrade');
INSERT INTO `transaction_tb` VALUES ('161', '193', '433', 'issued', '1', '2025-12-12 14:52:31', '0000-00-00 00:00:00', '4P1322055830 \r\nOriginally for hector, used by Cary. Need LMR for replacement\r\n');
INSERT INTO `transaction_tb` VALUES ('162', '206', '435', 'issued', '1', '2025-12-16 11:38:04', '0000-00-00 00:00:00', 'SN: 192523208459');
INSERT INTO `transaction_tb` VALUES ('163', '206', '434', 'issued', '1', '2025-12-16 11:38:47', '0000-00-00 00:00:00', 'SN: 192523208456');
INSERT INTO `transaction_tb` VALUES ('164', '208', '230', 'issued', '1', '2025-12-17 14:25:05', '0000-00-00 00:00:00', 'New Employee Laptop Issuance\r\nMAC ADDRESS: D8:3B:BF:03:F3:C6');
INSERT INTO `transaction_tb` VALUES ('165', '209', '436', 'issued', '1', '2025-12-18 12:36:42', '0000-00-00 00:00:00', 'Laptop Replacement\r\nMAC- 54:8D:5A:F4:C8:F1');
INSERT INTO `transaction_tb` VALUES ('166', '210', '437', 'issued', '1', '2025-12-18 12:38:32', '0000-00-00 00:00:00', 'Laptop Replacement\r\nMAC: 54:8D:5A:F4:78:7E');
INSERT INTO `transaction_tb` VALUES ('167', '203', '432', 'issued', '3', '2025-12-18 14:58:51', '0000-00-00 00:00:00', 'For wifi backup');
INSERT INTO `transaction_tb` VALUES ('168', '205', '438', 'issued', '1', '2025-12-22 08:56:32', '0000-00-00 00:00:00', 'SN: 192523208694');
INSERT INTO `transaction_tb` VALUES ('169', '212', '448', 'issued', '1', '2026-01-05 11:59:39', '2026-01-18 11:12:53', 'IP Phone Replacement');
INSERT INTO `transaction_tb` VALUES ('170', '213', '441', 'issued', '1', '2026-01-05 13:44:07', '0000-00-00 00:00:00', 'Replacement of IP Phone');
INSERT INTO `transaction_tb` VALUES ('171', '214', '440', 'issued', '1', '2026-01-05 13:45:55', '0000-00-00 00:00:00', 'Replacement of IP Phone');
INSERT INTO `transaction_tb` VALUES ('172', '221', '441', 'borrowed', '1', '2026-01-06 11:03:58', '0000-00-00 00:00:00', 'Temporary Replacement of Defective Monitor');
INSERT INTO `transaction_tb` VALUES ('173', '216', '111', 'issued', '1', '2026-01-15 16:33:01', '0000-00-00 00:00:00', 'IP Phone Replacement');
INSERT INTO `transaction_tb` VALUES ('176', '190', '254', 'issued', '1', '2026-01-16 16:40:54', '0000-00-00 00:00:00', 'Upgrade NVMe 256GB SSD Main Drive to ADATA LEGEND 710 NVMe 512GB M.2 SSD');
INSERT INTO `transaction_tb` VALUES ('177', '189', '255', 'issued', '1', '2026-01-16 16:41:27', '0000-00-00 00:00:00', 'Upgrade NVMe 256GB SSD Main Drive to ADATA LEGEND 710 NVMe 512GB M.2 SSD');
INSERT INTO `transaction_tb` VALUES ('178', '224', '422', 'issued', '1', '2025-10-13 16:08:52', '0000-00-00 00:00:00', 'EPSON ECOTANK M15140 MONO A3 WIFI AOI INK TANK PRINTER\r\nFOR PURCHASING DEPT FROM MAVEN');
INSERT INTO `transaction_tb` VALUES ('179', '205', '438', 'issued', '1', '2026-01-20 07:38:27', '0000-00-00 00:00:00', 'SN: 192523208460');
INSERT INTO `transaction_tb` VALUES ('180', '205', '454', 'issued', '1', '2026-01-20 07:40:05', '0000-00-00 00:00:00', 'SN: 192523208700');
INSERT INTO `transaction_tb` VALUES ('181', '228', '130', 'issued', '1', '2026-01-21 08:54:10', '0000-00-00 00:00:00', 'Old Monitor Replacement');
INSERT INTO `transaction_tb` VALUES ('182', '227', '456', 'issued', '1', '2026-01-21 08:54:56', '0000-00-00 00:00:00', 'Old Monitor Replacement ');
INSERT INTO `transaction_tb` VALUES ('183', '226', '455', 'issued', '1', '2026-01-21 08:56:30', '0000-00-00 00:00:00', 'Old Monitor Replacement');
INSERT INTO `transaction_tb` VALUES ('184', '232', '46', 'returned', '1', '2026-01-23 10:30:29', '2026-01-28 00:00:00', '');
INSERT INTO `transaction_tb` VALUES ('185', '233', '46', 'returned', '1', '2026-01-23 10:30:54', '2026-01-28 00:00:00', 'For new laptop');
INSERT INTO `transaction_tb` VALUES ('186', '229', '457', 'issued', '1', '2026-01-23 11:15:14', '0000-00-00 00:00:00', 'OLD Monitor Replacement');


-- --------------------------------------------------------
-- Table structure for table `user_desktop_tb`
-- --------------------------------------------------------
CREATE TABLE `user_desktop_tb` (
  `user_desktop_id` int(11) NOT NULL AUTO_INCREMENT,
  `user_id` int(11) NOT NULL,
  `desktop_id` int(11) NOT NULL,
  `date_created` datetime DEFAULT current_timestamp(),
  PRIMARY KEY (`user_desktop_id`),
  UNIQUE KEY `unique_user_desktop` (`user_id`,`desktop_id`),
  KEY `desktop_id` (`desktop_id`),
  CONSTRAINT `user_desktop_tb_ibfk_1` FOREIGN KEY (`user_id`) REFERENCES `user_tb` (`user_id`) ON DELETE CASCADE,
  CONSTRAINT `user_desktop_tb_ibfk_2` FOREIGN KEY (`desktop_id`) REFERENCES `desktop_tb` (`desktop_id`) ON DELETE CASCADE
) ENGINE=InnoDB AUTO_INCREMENT=65 DEFAULT CHARSET=utf8mb4 COLLATE=utf8mb4_general_ci;

-- Dumping data for table `user_desktop_tb`
--
INSERT INTO `user_desktop_tb` VALUES ('1', '185', '11', '2025-11-25 17:45:51');
INSERT INTO `user_desktop_tb` VALUES ('2', '213', '12', '2025-12-01 15:53:30');
INSERT INTO `user_desktop_tb` VALUES ('3', '240', '1', '2025-12-01 16:08:10');
INSERT INTO `user_desktop_tb` VALUES ('5', '219', '8', '2025-12-01 16:15:22');
INSERT INTO `user_desktop_tb` VALUES ('6', '241', '7', '2025-12-01 16:17:32');
INSERT INTO `user_desktop_tb` VALUES ('7', '243', '6', '2025-12-01 16:20:31');
INSERT INTO `user_desktop_tb` VALUES ('8', '244', '5', '2025-12-01 16:22:38');
INSERT INTO `user_desktop_tb` VALUES ('10', '401', '3', '2025-12-03 11:41:09');
INSERT INTO `user_desktop_tb` VALUES ('11', '386', '2', '2025-12-03 11:44:28');
INSERT INTO `user_desktop_tb` VALUES ('14', '402', '10', '2025-12-03 11:56:33');
INSERT INTO `user_desktop_tb` VALUES ('15', '249', '9', '2025-12-03 12:00:17');
INSERT INTO `user_desktop_tb` VALUES ('16', '405', '14', '2025-12-03 15:18:19');
INSERT INTO `user_desktop_tb` VALUES ('18', '204', '15', '2025-12-03 15:19:01');
INSERT INTO `user_desktop_tb` VALUES ('19', '203', '16', '2025-12-03 15:19:36');
INSERT INTO `user_desktop_tb` VALUES ('20', '407', '17', '2025-12-03 15:20:51');
INSERT INTO `user_desktop_tb` VALUES ('22', '409', '18', '2025-12-03 15:24:10');
INSERT INTO `user_desktop_tb` VALUES ('23', '411', '19', '2025-12-03 15:24:34');
INSERT INTO `user_desktop_tb` VALUES ('24', '410', '20', '2025-12-03 15:24:56');
INSERT INTO `user_desktop_tb` VALUES ('25', '413', '21', '2025-12-03 15:25:12');
INSERT INTO `user_desktop_tb` VALUES ('26', '415', '22', '2025-12-03 15:25:27');
INSERT INTO `user_desktop_tb` VALUES ('28', '417', '23', '2025-12-03 15:29:06');
INSERT INTO `user_desktop_tb` VALUES ('30', '419', '25', '2025-12-03 15:29:43');
INSERT INTO `user_desktop_tb` VALUES ('33', '224', '29', '2025-12-03 15:33:10');
INSERT INTO `user_desktop_tb` VALUES ('34', '238', '30', '2025-12-03 15:33:32');
INSERT INTO `user_desktop_tb` VALUES ('35', '426', '31', '2025-12-03 15:33:43');
INSERT INTO `user_desktop_tb` VALUES ('36', '428', '32', '2025-12-03 15:34:00');
INSERT INTO `user_desktop_tb` VALUES ('37', '232', '33', '2025-12-03 15:34:38');
INSERT INTO `user_desktop_tb` VALUES ('38', '226', '35', '2025-12-03 15:34:55');
INSERT INTO `user_desktop_tb` VALUES ('40', '444', '13', '2026-01-19 13:12:34');
INSERT INTO `user_desktop_tb` VALUES ('41', '420', '38', '2026-01-19 13:52:39');
INSERT INTO `user_desktop_tb` VALUES ('42', '422', '39', '2026-01-19 13:53:05');
INSERT INTO `user_desktop_tb` VALUES ('43', '183', '40', '2026-01-19 13:53:22');
INSERT INTO `user_desktop_tb` VALUES ('44', '220', '43', '2026-01-19 13:53:55');
INSERT INTO `user_desktop_tb` VALUES ('45', '182', '44', '2026-01-19 13:54:08');
INSERT INTO `user_desktop_tb` VALUES ('46', '450', '41', '2026-01-19 14:09:27');
INSERT INTO `user_desktop_tb` VALUES ('47', '451', '42', '2026-01-19 14:09:37');
INSERT INTO `user_desktop_tb` VALUES ('48', '449', '45', '2026-01-19 14:09:51');
INSERT INTO `user_desktop_tb` VALUES ('49', '452', '46', '2026-01-19 14:10:45');
INSERT INTO `user_desktop_tb` VALUES ('50', '303', '47', '2026-01-19 14:11:27');
INSERT INTO `user_desktop_tb` VALUES ('51', '453', '48', '2026-01-19 14:12:53');
INSERT INTO `user_desktop_tb` VALUES ('52', '306', '49', '2026-01-19 14:13:04');
INSERT INTO `user_desktop_tb` VALUES ('53', '198', '50', '2026-01-19 14:13:15');
INSERT INTO `user_desktop_tb` VALUES ('55', '197', '55', '2026-01-19 14:14:47');
INSERT INTO `user_desktop_tb` VALUES ('56', '307', '54', '2026-01-19 14:14:58');
INSERT INTO `user_desktop_tb` VALUES ('58', '458', '51', '2026-01-24 11:07:20');
INSERT INTO `user_desktop_tb` VALUES ('59', '459', '52', '2026-01-24 11:07:30');
INSERT INTO `user_desktop_tb` VALUES ('60', '460', '53', '2026-01-24 11:07:37');
INSERT INTO `user_desktop_tb` VALUES ('61', '440', '56', '2026-01-24 11:50:29');
INSERT INTO `user_desktop_tb` VALUES ('63', '432', '60', '2026-01-24 13:08:50');
INSERT INTO `user_desktop_tb` VALUES ('64', '227', '99', '2026-01-24 13:10:51');


-- --------------------------------------------------------
-- Table structure for table `user_tb`
-- --------------------------------------------------------
CREATE TABLE `user_tb` (
  `user_id` int(11) NOT NULL AUTO_INCREMENT,
  `emp_id` varchar(50) NOT NULL,
  `fullname` varchar(150) NOT NULL,
  `position` varchar(100) NOT NULL,
  `email` varchar(150) DEFAULT NULL,
  `department` varchar(100) DEFAULT NULL,
  `company` varchar(50) NOT NULL,
  `area` varchar(150) NOT NULL,
  `user_type` varchar(30) NOT NULL,
  `date_hired` timestamp NOT NULL DEFAULT current_timestamp() ON UPDATE current_timestamp(),
  `date_resigned` varchar(100) DEFAULT NULL,
  `created_at` timestamp NOT NULL DEFAULT current_timestamp(),
  `password` varchar(255) DEFAULT NULL,
  `is_active` tinyint(1) NOT NULL DEFAULT 1,
  PRIMARY KEY (`user_id`)
) ENGINE=InnoDB AUTO_INCREMENT=461 DEFAULT CHARSET=utf8mb4 COLLATE=utf8mb4_general_ci;

-- Dumping data for table `user_tb`
--
INSERT INTO `user_tb` VALUES ('35', 'BEB091890', 'Barbacena, Eleuterio Buen', 'OIC QA/QC', 'N/A', 'QA/QC', 'HEEC', 'Mandaluyong', 'user', '1990-09-18 00:00:00', NULL, '2025-09-10 08:34:40', NULL, '1');
INSERT INTO `user_tb` VALUES ('36', 'VDS032091', 'Varanal, Diomedes Separa', 'OIC Testing & Commissioning', 'N/A', 'Testing & Commissioning', 'HEEC', 'Mandaluyong', 'user', '1991-03-20 00:00:00', NULL, '2025-09-10 08:34:40', NULL, '1');
INSERT INTO `user_tb` VALUES ('37', 'PDG010196', 'Pasumbal, Danilo Gonzales', 'Sales Manager', 'N/A', 'A/C Sales', 'HEEC', 'Mandaluyong', 'user', '1996-01-01 00:00:00', NULL, '2025-09-10 08:34:40', NULL, '1');
INSERT INTO `user_tb` VALUES ('38', 'TTP092997', 'Tano, Teodomiro Pasquil', 'Technician III', 'N/A', 'Service', 'HEEC', 'Mandaluyong', 'user', '1997-09-29 00:00:00', NULL, '2025-09-10 08:34:40', NULL, '1');
INSERT INTO `user_tb` VALUES ('39', 'MAS041299', 'Miguel, Allan Singca', 'Technician III - Asst. Leadman', 'N/A', 'Service', 'HEEC', 'Mandaluyong', 'user', '1999-04-12 00:00:00', NULL, '2025-09-10 08:34:40', NULL, '1');
INSERT INTO `user_tb` VALUES ('40', 'DRG011801', 'Dalit, Rolando Galvez', 'Foreman', 'N/A', 'Service', 'HEEC', 'Mandaluyong', 'user', '2001-01-18 00:00:00', NULL, '2025-09-10 08:34:40', NULL, '1');
INSERT INTO `user_tb` VALUES ('41', 'DMB071805', 'Delfin, Macdonald Bibit', 'Testing & Commissioning Engineer', 'N/A', 'Testing & Commissioning', 'HEEC', 'Mandaluyong', 'user', '2005-07-18 00:00:00', NULL, '2025-09-10 08:34:40', NULL, '1');
INSERT INTO `user_tb` VALUES ('42', 'ABB110706', 'Antonio, Bob', 'Technician II', 'N/A', 'Service', 'HEEC', 'Mandaluyong', 'user', '2026-01-19 14:21:18', '2024-04-05', '2025-09-10 08:34:40', NULL, '0');
INSERT INTO `user_tb` VALUES ('43', 'AFHS073007', 'Antiporta, Francis Harvey Sandigan', 'Department Coordinator', 'N/A', 'Operations', 'HEEC', 'Mandaluyong', 'user', '2007-07-30 00:00:00', NULL, '2025-09-10 08:34:40', NULL, '1');
INSERT INTO `user_tb` VALUES ('44', 'BMD042608', 'Bravo, Marvin Dimaano', 'Technician I', 'N/A', 'Service', 'HEEC', 'Mandaluyong', 'user', '2008-04-26 00:00:00', NULL, '2025-09-10 08:34:40', NULL, '1');
INSERT INTO `user_tb` VALUES ('45', 'MGB042608', 'Maga, Gilbert Bautista', 'Service Technician', 'N/A', 'Service', 'HEEC', 'Mandaluyong', 'user', '2008-04-26 00:00:00', NULL, '2025-09-10 08:34:40', NULL, '1');
INSERT INTO `user_tb` VALUES ('46', 'VMC100308', 'Valerio, Marlon Cristobal', 'Service Coordinator', 'N/A', 'Service', 'HEEC', 'Mandaluyong', 'user', '2008-10-03 00:00:00', NULL, '2025-09-10 08:34:40', NULL, '1');
INSERT INTO `user_tb` VALUES ('47', 'UPC111208', 'Uy, Pinky Chua', 'Service Sales Coordinator', 'N/A', 'Service', 'HEEC', 'Mandaluyong', 'user', '2008-11-12 00:00:00', NULL, '2025-09-10 08:34:40', NULL, '1');
INSERT INTO `user_tb` VALUES ('48', 'AMJB112710', 'Afuang, Mark Jason Bendaña', 'Sr. Technical Engineering Supervisor', 'N/A', 'Service', 'HEEC', 'Mandaluyong', 'user', '2010-11-27 00:00:00', NULL, '2025-09-10 08:34:40', NULL, '1');
INSERT INTO `user_tb` VALUES ('49', 'JJM082611', 'Jamayo, Jerry', 'Maintenance Engineer', 'N/A', 'Service', 'HEEC', 'Iloilo', 'user', '2026-01-19 14:21:18', '2023-09-30', '2025-09-10 08:36:33', NULL, '0');
INSERT INTO `user_tb` VALUES ('50', 'ACA042015', 'Arsolon, Charlie Abecilla', 'Technician', 'N/A', 'Service', 'HEEC', 'Mandaluyong', 'user', '2015-04-20 00:00:00', NULL, '2025-09-10 08:36:33', NULL, '1');
INSERT INTO `user_tb` VALUES ('51', 'BJR051215', 'Begardon, Jose Rellores', 'Foreman', 'N/A', 'Operations', 'HEEC', 'Mandaluyong', 'user', '2015-05-12 00:00:00', NULL, '2025-09-10 08:36:33', NULL, '1');
INSERT INTO `user_tb` VALUES ('52', 'MRL100515', 'Manalo, Raymart Lagamia', 'Service Troubleshooting Supervisor', 'N/A', 'Service', 'HEEC', 'Mandaluyong', 'user', '2015-10-05 00:00:00', NULL, '2025-09-10 08:36:33', NULL, '1');
INSERT INTO `user_tb` VALUES ('53', 'FJA122015', 'Fugaban, Jolito Agub', 'EL/ES Technician', 'N/A', 'Service', 'HEEC', 'Mandaluyong', 'user', '2015-12-20 00:00:00', NULL, '2025-09-10 08:36:33', NULL, '1');
INSERT INTO `user_tb` VALUES ('54', 'MJL032816', 'Malonzo, John Robert Libardo', 'Sales Engr.', 'N/A', 'EL Sales', 'HEEC', 'Mandaluyong', 'user', '2016-03-28 00:00:00', NULL, '2025-09-10 08:36:33', NULL, '1');
INSERT INTO `user_tb` VALUES ('55', 'SMS042616', 'Sagun, Marc Joseph Socito', 'Service Technician', 'N/A', 'Service', 'HEEC', 'Mandaluyong', 'user', '2016-04-26 00:00:00', NULL, '2025-09-10 08:36:33', NULL, '1');
INSERT INTO `user_tb` VALUES ('56', 'AAM050416', 'Avila, Archie Miguel', 'Foreman', 'N/A', 'Operations', 'HEEC', 'Mandaluyong', 'user', '2016-05-04 00:00:00', NULL, '2025-09-10 08:36:33', NULL, '1');
INSERT INTO `user_tb` VALUES ('57', 'ABP0511162', 'Altura, Bernard', 'Jr. Service Engineer', 'N/A', 'Service', 'HEEC', 'Mandaluyong', 'user', '2026-01-19 14:21:18', '2023-02-10', '2025-09-10 08:36:33', NULL, '0');
INSERT INTO `user_tb` VALUES ('58', 'AJC090516', 'Arguelles, Juan Gerwin Capulso', 'Sr. Service Engineering Supervisor', 'N/A', 'Service', 'HEEC', 'Mandaluyong', 'user', '2016-09-05 00:00:00', NULL, '2025-09-10 08:36:33', NULL, '1');
INSERT INTO `user_tb` VALUES ('59', 'EJM092617', 'Escobar, Jonathan Millare', 'Foreman', 'N/A', 'Operations', 'HEEC', 'Mandaluyong', 'user', '2017-09-26 00:00:00', NULL, '2025-09-10 08:36:33', NULL, '1');
INSERT INTO `user_tb` VALUES ('60', 'BMB031218', 'Bernardo, Mary Rose Bautista', 'Sr. Accounting Specialist', 'N/A', 'Accounting', 'HEEC', 'Mandaluyong', 'user', '2018-03-12 00:00:00', NULL, '2025-09-10 08:36:33', NULL, '1');
INSERT INTO `user_tb` VALUES ('61', 'IRM060118', 'Infante, Rudy Magistrado', 'EL/ES Technician', 'N/A', 'Service', 'HEEC', 'Mandaluyong', 'user', '2018-06-01 00:00:00', NULL, '2025-09-10 08:36:33', NULL, '1');
INSERT INTO `user_tb` VALUES ('62', 'PEF062618', 'Pura, Eugene Floralde', 'Safety Officer', 'N/A', 'Operations', 'HEEC', 'Mandaluyong', 'user', '2018-06-26 00:00:00', NULL, '2025-09-10 08:36:33', NULL, '1');
INSERT INTO `user_tb` VALUES ('63', 'RNB090318', 'Rarugal, Nathaniel Baunsit', 'Jr. Sales Engineer', 'N/A', 'EL Sales', 'HEEC', 'Mandaluyong', 'user', '2018-09-03 00:00:00', NULL, '2025-09-10 08:36:33', NULL, '1');
INSERT INTO `user_tb` VALUES ('64', 'LPL102318', 'Lee, Paul Rosell', 'Jr. Service Engineer', 'N/A', 'Service', 'HEEC', 'Mandaluyong', 'user', '2026-01-19 14:21:18', '2023-03-27', '2025-09-10 08:36:33', NULL, '0');
INSERT INTO `user_tb` VALUES ('65', 'MJT010719', 'Mendoza, Jonathan Calixto Taña', 'Jr. Service Engineer', 'N/A', 'Service', 'HEEC', 'Mandaluyong', 'user', '2019-01-07 00:00:00', NULL, '2025-09-10 08:36:33', NULL, '1');
INSERT INTO `user_tb` VALUES ('66', 'BKV031819', 'Bernardino, Kristian Valencia', 'Jr. Service Engineer', 'N/A', 'Service', 'HEEC', 'Mandaluyong', 'user', '2019-03-18 00:00:00', NULL, '2025-09-10 08:36:33', NULL, '1');
INSERT INTO `user_tb` VALUES ('67', 'SRV062619', 'Soria, Rowell Vingno', 'Jr. Service Engineer', 'N/A', 'Service', 'HEEC', 'Mandaluyong', 'user', '2026-01-19 14:21:18', '2024-05-10', '2025-09-10 08:36:33', NULL, '0');
INSERT INTO `user_tb` VALUES ('68', 'SGG070419', 'Sael, Gerrine Galendez', 'Messenger/Collector', 'N/A', 'Accounting', 'HEEC', 'Mandaluyong', 'user', '2026-01-19 14:21:18', '2024-06-30', '2025-09-10 08:36:33', NULL, '0');
INSERT INTO `user_tb` VALUES ('69', 'DGM022620', 'De Ocampo, Gary Marqueses', 'Sales Admin', 'N/A', 'EL Sales', 'HEEC', 'Mandaluyong', 'user', '2020-02-26 00:00:00', NULL, '2025-09-10 08:36:33', NULL, '1');
INSERT INTO `user_tb` VALUES ('70', 'DAD022720', 'Delos Reyes, Andre Patrick Dela Cruz', 'Inventory Assistant', 'N/A', 'Accounting', 'HEEC', 'Mandaluyong', 'user', '2020-02-27 00:00:00', NULL, '2025-09-10 08:36:33', NULL, '1');
INSERT INTO `user_tb` VALUES ('71', 'KIC112320', 'Kalacas, Idriss Kyle', 'Jr. Service Engineer', 'N/A', 'Service', 'HEEC', 'Mandaluyong', 'user', '2026-01-19 14:21:18', '2023-03-04', '2025-09-10 08:36:33', NULL, '0');
INSERT INTO `user_tb` VALUES ('72', 'PIB121720', 'Pasculado, Jr., Isagani Bermudo', 'EL/ES Technician', 'N/A', 'Service', 'HEEC', 'Mandaluyong', 'user', '2020-12-17 00:00:00', NULL, '2025-09-10 08:36:33', NULL, '1');
INSERT INTO `user_tb` VALUES ('73', 'LJHB091421', 'Lawenko, Jose Hilario Berango', 'Sales Manager', 'N/A', 'EL Sales', 'HEEC', 'Mandaluyong', 'user', '2021-09-14 00:00:00', NULL, '2025-09-10 08:36:33', NULL, '1');
INSERT INTO `user_tb` VALUES ('74', 'MAM030122', 'Mallorca, Arjay', 'Operations Manager', 'N/A', 'Operations', 'HEEC', 'Mandaluyong', 'user', '2026-01-19 14:21:18', '2023-08-10', '2025-09-10 08:36:33', NULL, '0');
INSERT INTO `user_tb` VALUES ('75', 'MKC032222', 'Moreto, Kim Harold Cuevas', 'Jr. Service Engineer', 'N/A', 'Service', 'HEEC', 'Mandaluyong', 'user', '2022-03-22 00:00:00', NULL, '2025-09-10 08:36:33', NULL, '1');
INSERT INTO `user_tb` VALUES ('76', 'CJE041822', 'Colango, Jemuel Ian', 'Service Technician', 'N/A', 'Service', 'HEEC', 'Mandaluyong', 'user', '2026-01-19 14:21:18', '2022-12-28', '2025-09-10 08:36:33', NULL, '0');
INSERT INTO `user_tb` VALUES ('77', 'CEC041822', 'Cunanan, Ezequiel Sedgwig', 'Project Engineer / AutoCad Operator', 'N/A', 'Operations', 'HEEC', 'Mandaluyong', 'user', '2022-04-18 00:00:00', NULL, '2025-09-10 08:36:33', NULL, '1');
INSERT INTO `user_tb` VALUES ('78', 'PMF041822', 'Paragao, Mark Rolan', 'Jr. Service Engineer', 'N/A', 'Service', 'HEEC', 'Mandaluyong', 'user', '2026-01-19 14:21:18', '2023-02-03', '2025-09-10 08:36:33', NULL, '0');
INSERT INTO `user_tb` VALUES ('79', 'TJZ041822', 'Torres, Joshua', 'Service Technician', 'N/A', 'Service', 'HEEC', 'Mandaluyong', 'user', '2026-01-19 14:21:18', '2024-01-16', '2025-09-10 08:36:33', NULL, '0');
INSERT INTO `user_tb` VALUES ('80', 'MDT080222', 'Mamalayan, Danica Lyra Tiangco', 'Accounting Assistant', 'N/A', 'Accounting', 'HEEC', 'Mandaluyong', 'user', '2022-08-02 00:00:00', NULL, '2025-09-10 08:36:33', NULL, '1');
INSERT INTO `user_tb` VALUES ('81', 'CJD110222', 'Castro, Junith Donio', 'Jr. Service Engineer', 'N/A', 'Service', 'HEEC', 'Mandaluyong', 'user', '2022-11-02 00:00:00', NULL, '2025-09-10 08:36:33', NULL, '1');
INSERT INTO `user_tb` VALUES ('82', 'DZR022223', 'De Villa, Zionlee Zicri Raguro', 'Jr. Service Engineer', 'N/A', 'Service', 'HEEC', 'Mandaluyong', 'user', '2023-02-22 00:00:00', NULL, '2025-09-10 08:36:33', NULL, '1');
INSERT INTO `user_tb` VALUES ('83', 'YMM032123', 'Yniguez, Marco Vincent', 'Jr. Project Engineer / AutoCad Operator', 'N/A', 'Operations', 'HEEC', 'Mandaluyong', 'user', '2026-01-19 14:21:18', '2023-06-16', '2025-09-10 08:36:33', NULL, '0');
INSERT INTO `user_tb` VALUES ('84', 'YRV030623', 'Yulas, Ricky Voces', 'Jr. Service Engineer', 'N/A', 'Service', 'HEEC', 'Mandaluyong', 'user', '2023-03-06 00:00:00', NULL, '2025-09-10 08:36:33', NULL, '1');
INSERT INTO `user_tb` VALUES ('85', 'RMC032123', 'Rosales, Miguel Alfonso Constantino', 'Jr. Project Engineer/AutoCAD Operator', 'N/A', 'Operations', 'HEEC', 'Mandaluyong', 'user', '2023-03-21 00:00:00', NULL, '2025-09-10 08:39:55', NULL, '1');
INSERT INTO `user_tb` VALUES ('86', 'MDN032723', 'Melendres, Daniel Nocidal', 'Jr. Service Engineer', 'N/A', 'Service', 'HEEC', 'Mandaluyong', 'user', '2023-03-27 00:00:00', NULL, '2025-09-10 08:39:55', NULL, '1');
INSERT INTO `user_tb` VALUES ('87', 'DJA061323', 'Dellova, Jesse Lemuel', 'Jr. Testing & Commissioning Engineer', 'N/A', 'Testing & Commissioning', 'HEEC', 'Mandaluyong', 'user', '2026-01-19 14:21:18', '2024-02-14', '2025-09-10 08:39:55', NULL, '0');
INSERT INTO `user_tb` VALUES ('88', 'NWD071023', 'Natividad, Wilson Dulatre', 'Testing & Commissioning Sup/Project Engr.', 'N/A', 'Testing & Commissioning', 'HEEC', 'Mandaluyong', 'user', '2023-07-10 00:00:00', NULL, '2025-09-10 08:39:55', NULL, '1');
INSERT INTO `user_tb` VALUES ('89', 'BVG071823', 'Briones, Vince Joseph Gargoles', 'Jr. Service Engineer', 'N/A', 'Service', 'HEEC', 'Mandaluyong', 'user', '2023-07-18 00:00:00', NULL, '2025-09-10 08:39:55', NULL, '1');
INSERT INTO `user_tb` VALUES ('90', 'FMP071823', 'Francisco, Mark Gerald', 'Jr. Service Engineer', 'N/A', 'Service', 'HEEC', 'Mandaluyong', 'user', '2026-01-19 14:21:18', '2024-04-01', '2025-09-10 08:39:55', NULL, '0');
INSERT INTO `user_tb` VALUES ('91', 'BJB080123', 'Barrio, Jodiel', 'Jr. Project Engineer', 'N/A', 'Operations', 'HEEC', 'Mandaluyong', 'user', '2026-01-19 14:21:18', '2024-04-04', '2025-09-10 08:39:55', NULL, '0');
INSERT INTO `user_tb` VALUES ('92', 'MLD091323', 'Matavia, Lorenel Destriza', 'EL Installer', 'N/A', 'Operations', 'HEEC', 'Mandaluyong', 'user', '2023-09-13 00:00:00', NULL, '2025-09-10 08:39:55', NULL, '1');
INSERT INTO `user_tb` VALUES ('93', 'CGL101623', 'Caramat, Gabrielle Keneth Lim', 'Jr. Service Engineer', 'N/A', 'Service', 'HEEC', 'Mandaluyong', 'user', '2023-10-16 00:00:00', NULL, '2025-09-10 08:39:55', NULL, '1');
INSERT INTO `user_tb` VALUES ('94', 'EGB101623', 'Esquivel, Gerick Bayudang', 'Jr. Service Engineer', 'N/A', 'Service', 'HEEC', 'Mandaluyong', 'user', '2023-10-16 00:00:00', NULL, '2025-09-10 08:39:55', NULL, '1');
INSERT INTO `user_tb` VALUES ('95', 'LJL101623', 'Lunar, John Russell Lavarez', 'Jr. Testing & Commissioning Engineer', 'N/A', 'Testing & Commissioning', 'HEEC', 'Mandaluyong', 'user', '2023-10-16 00:00:00', NULL, '2025-09-10 08:39:55', NULL, '1');
INSERT INTO `user_tb` VALUES ('96', 'MVT101623', 'Mina, Vergilio', 'Jr. Testing & Commissioning Engineer', 'N/A', 'Testing & Commissioning', 'HEEC', 'Mandaluyong', 'user', '2026-01-19 14:21:18', '2024-02-24', '2025-09-10 08:39:55', NULL, '0');
INSERT INTO `user_tb` VALUES ('97', 'BMP111623', 'Bantog, Mark Anthony', 'EL Installer', 'N/A', 'Operations', 'HEEC', 'Mandaluyong', 'user', '2026-01-19 14:21:18', '2024-01-03', '2025-09-10 08:39:55', NULL, '0');
INSERT INTO `user_tb` VALUES ('98', 'NJA112023', 'Nabora, Jeffrey Altares', 'Service Technician', 'N/A', 'Operations', 'HEEC', 'Mandaluyong', 'user', '2023-11-20 00:00:00', NULL, '2025-09-10 08:39:55', NULL, '1');
INSERT INTO `user_tb` VALUES ('99', 'TVT040124', 'Tolentino, Van Dham Tolentino', 'Jr. Testing & Commissioning Engineer', 'N/A', 'Testing & Commissioning', 'HEEC', 'Mandaluyong', 'user', '2024-04-01 00:00:00', NULL, '2025-09-10 08:39:55', NULL, '1');
INSERT INTO `user_tb` VALUES ('100', 'CJD041124', 'Cordero, John Carl Victor De Asis', 'Sales Engineer', 'N/A', 'EL Sales', 'HEEC', 'Iloilo', 'user', '2024-04-11 00:00:00', NULL, '2025-09-10 08:39:55', NULL, '1');
INSERT INTO `user_tb` VALUES ('101', 'CRR041124', 'Cuyos, Renz Marion Rosell', 'Sales Engineer', 'N/A', 'EL Sales', 'HEEC', 'Cebu', 'user', '2024-04-11 00:00:00', NULL, '2025-09-10 08:39:55', NULL, '1');
INSERT INTO `user_tb` VALUES ('102', 'FEA090897', 'Fajardo, Edgar Angeles', 'Operations Manager', 'N/A', 'A/C Operations', 'HI-AIRE', 'Mandaluyong', 'user', '1997-09-08 00:00:00', NULL, '2025-09-10 08:39:55', NULL, '1');
INSERT INTO `user_tb` VALUES ('103', 'ONE091604', 'Olazo, Nelson Edang', 'A/C Leadman', 'N/A', 'A/C Operations', 'HI-AIRE', 'Mandaluyong', 'user', '2004-09-16 00:00:00', NULL, '2025-09-10 08:39:55', NULL, '1');
INSERT INTO `user_tb` VALUES ('104', 'MFI072805', 'Macaraig, Fortunato Ibon', 'Collector', 'N/A', 'Accounting', 'HI-AIRE', 'Mandaluyong', 'user', '2005-07-28 00:00:00', NULL, '2025-09-10 08:39:55', NULL, '1');
INSERT INTO `user_tb` VALUES ('105', 'SRJO110705', 'Sangil, Ronaldo Joseph Olayao', 'Sales Officer', 'N/A', 'A/C Sales', 'HI-AIRE', 'Mandaluyong', 'user', '2005-11-07 00:00:00', NULL, '2025-09-10 08:39:55', NULL, '1');
INSERT INTO `user_tb` VALUES ('106', 'MRL010606', 'Martin, Reynaldo Lumugdang', 'A/C Technician', 'N/A', 'A/C Service', 'HI-AIRE', 'Mandaluyong', 'user', '2006-01-06 00:00:00', NULL, '2025-09-10 08:39:55', NULL, '1');
INSERT INTO `user_tb` VALUES ('107', 'RWB020208', 'Relevo, Willy Barrios', 'Sr. Project Engineer I', 'N/A', 'A/C Operations', 'HI-AIRE', 'Mandaluyong', 'user', '2008-02-02 00:00:00', NULL, '2025-09-10 08:39:55', NULL, '1');
INSERT INTO `user_tb` VALUES ('108', 'DSD060609', 'Deuna, Sandy Deocareza', 'A/C Ductman/Fabricator', 'N/A', 'A/C Operations', 'HI-AIRE', 'Mandaluyong', 'user', '2009-06-06 00:00:00', NULL, '2025-09-10 08:39:55', NULL, '1');
INSERT INTO `user_tb` VALUES ('109', 'DMP091779', 'Diangson, Marivic Parilla', 'Corporate Secretary/Purchasing Manager', 'N/A', 'EO/Purchasing', 'HIMC', 'Mandaluyong', 'user', '1979-09-17 00:00:00', NULL, '2025-09-10 08:39:55', NULL, '1');
INSERT INTO `user_tb` VALUES ('110', 'HMJ080288', 'Hernandez, Marcelo Jabeguero', 'T & D Helper', 'N/A', 'Traffic', 'HIMC', 'Mandaluyong', 'user', '1988-08-02 00:00:00', NULL, '2025-09-10 08:39:55', NULL, '1');
INSERT INTO `user_tb` VALUES ('111', 'PJA020193', 'Pasumbal, Juliet Antonio', 'Executive Secretary/OIC Logistics', 'N/A', 'Executive Office', 'HIMC', 'Mandaluyong', 'user', '1993-02-01 00:00:00', NULL, '2025-09-10 08:39:55', NULL, '1');
INSERT INTO `user_tb` VALUES ('112', 'PCS040193', 'Phi, Christina Sy', 'Credit & Collection/Service Contracts & Parts Manager', 'N/A', 'Accounting', 'HIMC', 'Mandaluyong', 'user', '1993-04-01 00:00:00', NULL, '2025-09-10 08:39:55', NULL, '1');
INSERT INTO `user_tb` VALUES ('113', 'LJG040112', 'Lape, Josefina Geraldez', 'General Manager', 'N/A', 'HEEC Sales', 'HIMC', 'Mandaluyong', 'user', '1994-05-16 00:00:00', NULL, '2025-09-10 08:39:55', NULL, '1');
INSERT INTO `user_tb` VALUES ('114', 'PJM111695', 'PulumbariT, Jonah Mauricio', 'Sales Secretary', 'N/A', 'A/C Sales', 'HIMC', 'Mandaluyong', 'user', '1995-11-16 00:00:00', NULL, '2025-09-10 08:39:55', NULL, '1');
INSERT INTO `user_tb` VALUES ('115', 'UAR111696', 'Ubongen, Angel Rapadas', 'Warehouse Checker', 'N/A', 'Warehouse', 'HIMC', 'Taguig', 'user', '1996-11-16 00:00:00', NULL, '2025-09-10 08:39:55', NULL, '1');
INSERT INTO `user_tb` VALUES ('116', 'VNT061697', 'Vecina, Norman Tolidana', 'T & D Helper', 'N/A', 'Traffic', 'HIMC', 'MANDALUYONG', 'user', '1997-06-16 00:00:00', NULL, '2025-09-10 08:47:13', NULL, '1');
INSERT INTO `user_tb` VALUES ('117', 'BFD092199', 'Bo, Ferdinand Dacay', 'T & D Helper', 'N/A', 'Traffic', 'HIMC', 'MANDALUYONG', 'user', '1999-09-21 00:00:00', NULL, '2025-09-10 08:47:13', NULL, '1');
INSERT INTO `user_tb` VALUES ('118', 'RMP101299', 'Retuerma, Manuelito Padaon', 'T & D Driver', 'N/A', 'Traffic', 'HIMC', 'MANDALUYONG', 'user', '1999-10-12 00:00:00', NULL, '2025-09-10 08:47:13', NULL, '1');
INSERT INTO `user_tb` VALUES ('119', 'HADG100104', 'Hernandez, Ariel De Guzman', 'Warehouseman', 'N/A', 'Warehouse', 'HIMC', 'MANDALUYONG', 'user', '2004-10-01 00:00:00', NULL, '2025-09-10 08:47:13', NULL, '1');
INSERT INTO `user_tb` VALUES ('120', 'DGMD041105', 'Deles, Garry Melvin Diarota', 'Asst. Sales Manager', 'N/A', 'A/C Sales', 'HIMC', 'MANDALUYONG', 'user', '2005-04-11 00:00:00', NULL, '2025-09-10 08:47:13', NULL, '1');
INSERT INTO `user_tb` VALUES ('121', 'FMB041205', 'Francisco, Mel Burce', 'Forklift Operator', 'N/A', 'Warehouse', 'HIMC', 'TAGUIG', 'user', '2005-04-12 00:00:00', NULL, '2025-09-10 08:47:13', NULL, '1');
INSERT INTO `user_tb` VALUES ('122', 'RAM051305', 'Revilloza, Aristrothel Meron', 'T & D Driver', 'N/A', 'Traffic', 'HIMC', 'MANDALUYONG', 'user', '2005-05-13 00:00:00', NULL, '2025-09-10 08:47:13', NULL, '1');
INSERT INTO `user_tb` VALUES ('123', 'AGO112105', 'Adano, Gered Ombrog', 'T & D Driver', 'N/A', 'Traffic', 'HIMC', 'MANDALUYONG', 'user', '2005-11-21 00:00:00', NULL, '2025-09-10 08:47:13', NULL, '1');
INSERT INTO `user_tb` VALUES ('124', 'LCC111208', 'Labian, Cornelio Cabilin', 'T & D Driver', 'N/A', 'Traffic', 'HIMC', 'MANDALUYONG', 'user', '2008-11-12 00:00:00', NULL, '2025-09-10 08:47:13', NULL, '1');
INSERT INTO `user_tb` VALUES ('125', 'ALAP041309', 'Fabito, Leslie Ann Andrade', 'Purchasing Assistant', 'N/A', 'Purchasing', 'HIMC', 'MANDALUYONG', 'user', '2009-04-13 00:00:00', NULL, '2025-09-10 08:47:13', NULL, '1');
INSERT INTO `user_tb` VALUES ('126', 'AND012910', 'Apostol, Nenita Domdom', 'Credit & Collection Assistant', 'N/A', 'Accounting', 'HIMC', 'MANDALUYONG', 'user', '2010-01-29 00:00:00', NULL, '2025-09-10 08:47:13', NULL, '1');
INSERT INTO `user_tb` VALUES ('127', 'DEP021910', 'Cruz, Evangeline', 'Sales Engineer', 'N/A', 'Sales', 'HIMC', 'MANDALUYONG', 'user', '2026-01-19 14:21:18', '2023-09-25', '2025-09-10 08:47:13', NULL, '0');
INSERT INTO `user_tb` VALUES ('128', 'ACI022610', 'Torrejos, Christine Aguzar', 'HR Supervisor', 'N/A', 'HR/Admin', 'HIMC', 'MANDALUYONG', 'user', '2010-02-26 00:00:00', NULL, '2025-09-10 08:47:13', NULL, '1');
INSERT INTO `user_tb` VALUES ('129', 'ATC050413', 'Andag, Tracy Caballero', 'Accounting Assistant', 'N/A', 'Accounting', 'HIMC', 'MANDALUYONG', 'user', '2013-05-04 00:00:00', NULL, '2025-09-10 08:47:13', NULL, '1');
INSERT INTO `user_tb` VALUES ('130', 'FMG062413', 'Fusilero, Melvin Gustoir', 'Sr. A/C Design & Estimate Engineer', 'N/A', 'AC Operation', 'HI-AIRE', 'MANDALUYONG', 'user', '2013-06-24 00:00:00', NULL, '2025-09-10 08:47:13', NULL, '1');
INSERT INTO `user_tb` VALUES ('131', 'JCA052114', 'Javier, Cheryllyn Antalan', 'Credit & Collection Assistant', 'N/A', 'Accounting', 'HIMC', 'MANDALUYONG', 'user', '2014-05-21 00:00:00', NULL, '2025-09-10 08:47:13', NULL, '1');
INSERT INTO `user_tb` VALUES ('132', 'RDK081116', 'Refuerzo, Didith', 'Accounting Supervisor', 'N/A', 'Finance', 'HIMC', 'MANDALUYONG', 'user', '2026-01-19 14:21:18', '2023-05-03', '2025-09-10 08:47:13', NULL, '0');
INSERT INTO `user_tb` VALUES ('133', 'MRD101117', 'Molato, Rogy Dayo', 'A/C Leadman', 'N/A', 'A/C Operations', 'HIMC', 'MANDALUYONG', 'user', '2017-10-11 00:00:00', NULL, '2025-09-10 08:47:13', NULL, '1');
INSERT INTO `user_tb` VALUES ('134', 'PJC021918', 'Pascua, Jimmy Boy', 'AutoCad Operator', 'N/A', 'Engineering', 'HIMC', 'MANDALUYONG', 'user', '2026-01-19 14:21:18', '2023-06-10', '2025-09-10 08:47:13', NULL, '0');
INSERT INTO `user_tb` VALUES ('135', 'BMM060418', 'Baluyot, Mhon Azel Marquez', 'Warehouse Assistant', 'N/A', 'Warehouse', 'HIMC', 'MANDALUYONG', 'user', '2018-06-04 00:00:00', NULL, '2025-09-10 08:47:13', NULL, '1');
INSERT INTO `user_tb` VALUES ('136', 'DRR073018', 'Diaz, Rowelyn Requina', 'Accounting Assistant-AP', 'N/A', 'Accounting', 'HIMC', 'MANDALUYONG', 'user', '2018-07-30 00:00:00', NULL, '2025-09-10 08:47:13', NULL, '1');
INSERT INTO `user_tb` VALUES ('137', 'BAM090318', 'Bautista, Anne Grace Mabalot', 'HR Assistant', 'N/A', 'HR/Admin', 'HIMC', 'MANDALUYONG', 'user', '2018-09-03 00:00:00', NULL, '2025-09-10 08:47:13', NULL, '1');
INSERT INTO `user_tb` VALUES ('138', 'GJT100118', 'Gutierrez, Jamaica Tabile', 'General Accountant', 'N/A', 'Accounting', 'HIMC', 'MANDALUYONG', 'user', '2026-01-19 14:21:18', '2024-05-03', '2025-09-10 08:47:13', NULL, '0');
INSERT INTO `user_tb` VALUES ('139', 'GJC060719', 'Gayon, John Cedrick Coronacion', 'A/C Installer', 'N/A', 'A/C Operations', 'HIMC', 'MANDALUYONG', 'user', '2019-06-07 00:00:00', NULL, '2025-09-10 08:47:13', NULL, '1');
INSERT INTO `user_tb` VALUES ('140', 'MRM060719', 'Mahinay, Richard Mancao', 'A/C Installer', 'N/A', 'A/C Operations', 'HIMC', 'MANDALUYONG', 'user', '2019-06-07 00:00:00', NULL, '2025-09-10 08:47:13', NULL, '1');
INSERT INTO `user_tb` VALUES ('141', 'FEG062619', 'Laporie, Elyza Leah Fullente', 'Accounting Assistant', 'N/A', 'Accounting', 'HIMC', 'MANDALUYONG', 'user', '2026-01-19 14:21:18', '2024-02-29', '2025-09-10 08:47:13', NULL, '0');
INSERT INTO `user_tb` VALUES ('142', 'FWU070819', 'Fortuno, Whillem Usero', 'Purchasing Assistant', 'N/A', 'Purchasing', 'HIMC', 'MANDALUYONG', 'user', '2019-07-08 00:00:00', NULL, '2025-09-10 08:47:13', NULL, '1');
INSERT INTO `user_tb` VALUES ('143', 'DGB0041221', 'Derano, Gerry Berdera', 'Import Assistant', 'N/A', 'Import', 'HIMC', 'MANDALUYONG', 'user', '2021-04-12 00:00:00', NULL, '2025-09-10 08:47:13', NULL, '1');
INSERT INTO `user_tb` VALUES ('144', 'MG092021', 'Mainot, Genevieve', 'Office Assistant', 'N/A', 'Finance', 'HIMC', 'MANDALUYONG', 'user', '2026-01-19 14:21:18', '2023-07-07', '2025-09-10 08:47:13', NULL, '0');
INSERT INTO `user_tb` VALUES ('145', 'JJD101821', 'Jocson, John Jordan Dionisio', 'Jr. Project Engineer', 'N/A', 'A/C Operations', 'HIMC', 'MANDALUYONG', 'user', '2026-01-19 14:21:18', '2023-08-17', '2025-09-10 08:47:13', NULL, '0');
INSERT INTO `user_tb` VALUES ('146', 'RJF112521', 'Reyes, Jenica Fabricante', 'Receptionist/Purchasing Assistant', 'N/A', 'Purchasing', 'HIMC', 'MANDALUYONG', 'user', '2026-01-19 14:21:18', '2024-05-30', '2025-09-10 08:47:13', NULL, '0');
INSERT INTO `user_tb` VALUES ('147', 'DJL120921', 'De Alday, Jhonver', 'Jr. Sales Engineer', 'N/A', 'Sales', 'HIMC', 'MANDALUYONG', 'user', '2026-01-19 14:21:18', '2023-03-14', '2025-09-10 08:47:13', NULL, '0');
INSERT INTO `user_tb` VALUES ('148', 'EMT022322', 'Evardo, Marino Torrejas', 'Inventory Assistant', 'N/A', 'Accounting', 'HIMC', 'MANDALUYONG', 'user', '2022-02-23 00:00:00', NULL, '2025-09-10 08:47:13', NULL, '1');
INSERT INTO `user_tb` VALUES ('149', 'PFC041822', 'Pitogo, Frederick Cruz', 'T & D Driver', 'N/A', 'Traffic', 'HIMC', 'MANDALUYONG', 'user', '2022-04-18 00:00:00', NULL, '2025-09-10 08:47:13', NULL, '1');
INSERT INTO `user_tb` VALUES ('150', 'LRC052622', 'Lopez, Ryan Cuevas', 'A/C Installer', 'N/A', 'A/C Operations', 'HIMC', 'MANDALUYONG', 'user', '2022-05-26 00:00:00', NULL, '2025-09-10 08:47:13', NULL, '1');
INSERT INTO `user_tb` VALUES ('151', 'VAT052622', 'Villas, Amber Archie', 'AC Installer', 'N/A', 'Operations', 'HIMC', 'MANDALUYONG', 'user', '2026-01-19 14:21:18', '2024-01-08', '2025-09-10 08:47:13', NULL, '0');
INSERT INTO `user_tb` VALUES ('152', 'MJM032123', 'Moyo, John Albert Masayda', 'Jr. Sales Engineer 1', 'N/A', 'A/C Sales', 'HIMC', 'MANDALUYONG', 'user', '2023-03-21 00:00:00', NULL, '2025-09-10 08:47:13', NULL, '1');
INSERT INTO `user_tb` VALUES ('153', 'RPC062623', 'Rodriguez, Pauline Joy Catura', 'Office Assistant', 'N/A', 'Import', 'HIMC', 'MANDALUYONG', 'user', '2023-06-26 00:00:00', NULL, '2025-09-10 08:47:13', NULL, '1');
INSERT INTO `user_tb` VALUES ('154', 'DKM091923', 'Dela Cruz, Kim', 'AutoCad Operator', 'N/A', 'Engineering', 'HIMC', 'MANDALUYONG', 'user', '2026-01-19 14:21:18', '2024-01-31', '2025-09-10 08:47:13', NULL, '0');
INSERT INTO `user_tb` VALUES ('155', 'ARB091123', 'Arquiza, Ritchie Barreras', 'Logistic Assistant/Driver', 'N/A', 'Traffic', 'HIMC', 'MANDALUYONG', 'user', '2023-09-11 00:00:00', NULL, '2025-09-10 08:47:13', NULL, '1');
INSERT INTO `user_tb` VALUES ('156', 'DSD101123', 'De Leon, Sheyna April Dullano', 'Jr. Sales Engineer 1', 'N/A', 'A/C Sales', 'HIMC', 'MANDALUYONG', 'user', '2026-01-19 14:21:18', '2024-05-10', '2025-09-10 08:47:13', NULL, '0');
INSERT INTO `user_tb` VALUES ('157', 'JAC101123', 'Junio, Abegail Claro', 'Junior QA/QC Engineer', 'N/A', 'EL QA/QC', 'HIMC', 'MANDALUYONG', 'user', '2023-10-11 00:00:00', NULL, '2025-09-10 08:47:13', NULL, '1');
INSERT INTO `user_tb` VALUES ('158', 'GLF042224', 'Gonzales, Lovely Ness Fernandez', 'AutoCad Operator', 'N/A', 'Engineering', 'HIMC', 'MANDALUYONG', 'user', '2024-04-22 00:00:00', NULL, '2025-09-10 08:47:13', NULL, '1');
INSERT INTO `user_tb` VALUES ('159', 'GET110380', 'Guanzon, Elizabeth', 'Sales Secretary', 'N/A', 'Sales', 'HIMC', 'MANDALUYONG', 'user', '2026-01-19 14:21:18', '2014-03-25', '2025-09-10 08:56:05', NULL, '0');
INSERT INTO `user_tb` VALUES ('160', 'RFG102912', 'Reyes, Francis Jim', 'Sales Engineer', 'N/A', 'Sales', 'HIMC', 'MANDALUYONG', 'user', '2026-01-19 14:21:18', '2014-06-03', '2025-09-10 08:56:05', NULL, '0');
INSERT INTO `user_tb` VALUES ('161', 'PNE111109', 'Pedracio, Nieves', 'Accounting Supervisor', 'N/A', 'Finance', 'HIMC', 'MANDALUYONG', 'user', '2026-01-19 14:21:18', '2014-06-22', '2025-09-10 08:56:05', NULL, '0');
INSERT INTO `user_tb` VALUES ('162', 'TJA010709', 'Tam, Joseph', 'Messenger/Collector', 'N/A', 'Finance', 'HEEC', 'MANDALUYONG', 'user', '2026-01-19 14:21:18', '2013-07-08', '2025-09-10 08:56:05', NULL, '0');
INSERT INTO `user_tb` VALUES ('163', 'BWC112710', 'Bautista, William', 'Jr. Service Engineer', 'N/A', 'Service', 'HEEC', 'MANDALUYONG', 'user', '2026-01-19 14:21:18', '2013-08-23', '2025-09-10 08:56:05', NULL, '0');
INSERT INTO `user_tb` VALUES ('164', 'BMC061913', 'Bolleno, Madelle May', 'Receptionist/HR Assistant', 'N/A', 'HR', 'HIMC', 'MANDALUYONG', 'user', '2026-01-19 14:21:18', '2013-09-10', '2025-09-10 08:56:05', NULL, '0');
INSERT INTO `user_tb` VALUES ('165', 'VRJC091211', 'Villaruz, Ryan Jozef', 'Sales Engineer', 'sample@koppel.ph', 'Sales', 'HEEC', 'MANDALUYONG', 'user', '2026-01-19 14:21:18', '2013-11-30', '2025-09-10 08:56:05', NULL, '0');
INSERT INTO `user_tb` VALUES ('181', 'MAV071524', 'Angel Malazzab', 'Purchasing Assistant', 'N/A', 'Purchasing ', 'HIMC', 'MANDALUYONG', 'user', '2024-07-15 00:00:00', NULL, '2025-09-11 17:31:38', NULL, '1');
INSERT INTO `user_tb` VALUES ('182', '25-8230', 'Sander Mike Rondilla', 'Customer Support', 'N/A', 'Service', 'Koppel Inc.', 'Mandaluyong', 'user', '2026-01-16 16:48:29', NULL, '2025-09-12 07:47:57', NULL, '1');
INSERT INTO `user_tb` VALUES ('183', '34241', 'Laarni Pacayra', 'Customer Support', 'N/A', 'Service', 'Koppel Inc.', 'Mandaluyong', 'user', '2026-01-16 16:48:29', NULL, '2025-09-12 07:49:41', NULL, '1');
INSERT INTO `user_tb` VALUES ('184', 'QJT111323', 'Jane Quinquiño', 'Accounting Assistant', 'N/A', 'Accounting', 'Koppel Inc.', 'CDO', 'user', '2026-01-16 16:48:29', NULL, '2025-09-12 08:12:11', NULL, '1');
INSERT INTO `user_tb` VALUES ('185', 'CMR', 'Ralph Capinig', 'Digital Marketing', '-', 'Marketing', 'Koppel Inc.', 'Mandaluyong', 'user', '2026-01-16 16:48:29', NULL, '2025-09-15 07:42:44', NULL, '1');
INSERT INTO `user_tb` VALUES ('186', 'AGS102610', 'G Apura', 'Branch Sales Manager', '-', 'Sales', 'Koppel Inc.', 'Iloilo', 'user', '2026-01-16 16:48:29', NULL, '2025-09-15 08:45:12', NULL, '1');
INSERT INTO `user_tb` VALUES ('187', 'N/A', 'Alfonso Bleza', 'Corporate Attorney', '-', 'Legal', 'Koppel Inc.', 'Mandaluyong', 'user', '2026-01-16 16:48:29', NULL, '2025-09-15 10:07:47', NULL, '1');
INSERT INTO `user_tb` VALUES ('188', 'MRR071523', 'Rovic Macabalo', 'Technical Engineer', '-', 'Refrigeration', 'Koppel Inc.', 'Mandaluyong', 'user', '2026-01-16 16:48:29', NULL, '2025-09-16 09:46:18', NULL, '1');
INSERT INTO `user_tb` VALUES ('189', 'TEG091225', 'Earl Garret G. Tekiko', 'Design Engineer', '-', 'Refrigeration', 'Koppel Inc.', 'Mandaluyong', 'user', '2026-01-16 16:48:29', NULL, '2025-09-16 15:46:53', NULL, '1');
INSERT INTO `user_tb` VALUES ('191', 'N/A', 'Anna Marie Basa', 'Manager', '', 'CNC', 'Koppel Inc.', 'Mandaluyong', 'user', '2026-01-16 16:48:29', NULL, '2025-09-22 09:21:35', NULL, '1');
INSERT INTO `user_tb` VALUES ('192', 'N/A', 'Miguel Rosales', 'Design Engineer', '-', 'Elevators', 'HEEC', 'Mandaluyong', 'user', '2025-09-22 16:58:08', NULL, '2025-09-22 16:58:00', NULL, '1');
INSERT INTO `user_tb` VALUES ('194', 'N/A', 'Danica Villamor', 'N/A', '-', 'HI-AIRE', 'HI-AIRE', 'Mandaluyong', 'user', '2025-10-01 16:23:59', NULL, '2025-09-23 14:14:12', NULL, '1');
INSERT INTO `user_tb` VALUES ('195', 'DJT111109', 'JC Dacuycuy', 'Assistant Manager', '-', 'Sales', 'Koppel Inc.', 'Mandaluyong', 'user', '2026-01-16 16:48:29', NULL, '2025-09-24 08:51:44', NULL, '1');
INSERT INTO `user_tb` VALUES ('197', 'GWC-00005', 'Rosemarie Larana', 'Parts Admin', '-', 'Service', 'Koppel Inc.', 'Mandaluyong', 'user', '2026-01-16 16:48:29', NULL, '2025-09-29 09:13:41', NULL, '1');
INSERT INTO `user_tb` VALUES ('198', 'CGP102925', 'Gabriel Nikko Calabano', 'Parts Analyst', '-', 'Service', 'Koppel Inc.', 'Mandaluyong', 'user', '2026-01-16 16:48:29', NULL, '2025-09-29 09:14:13', NULL, '1');
INSERT INTO `user_tb` VALUES ('200', 'SCC051925', 'Cyrus Sacramento', 'Sales Engineer', '-', 'VRF-SPG', 'Koppel Inc.', 'Mandaluyong', 'user', '2026-01-16 16:48:29', NULL, '2025-09-29 17:52:42', NULL, '1');
INSERT INTO `user_tb` VALUES ('202', 'N/A', 'Alvin Salazar', 'VRF Manager', '-', 'VRF', 'Koppel Inc.', 'Mandaluyong', 'user', '2026-01-16 16:48:29', NULL, '2025-10-01 16:23:51', NULL, '1');
INSERT INTO `user_tb` VALUES ('203', 'N/A', 'Alex Ascano', 'VRF Senior Supervisor', '-', 'VRF', 'Koppel Inc.', 'Mandaluyong', 'user', '2026-01-16 16:48:29', NULL, '2025-10-01 16:24:40', NULL, '1');
INSERT INTO `user_tb` VALUES ('204', 'N/A', 'Dexter Asuncion', 'VRF Supervisor', '-', 'VRF', 'Koppel Inc.', 'Mandaluyong', 'user', '2026-01-16 16:48:29', NULL, '2025-10-01 16:25:16', NULL, '1');
INSERT INTO `user_tb` VALUES ('205', 'N/A', 'RB Agustin', 'HR Manager', 'ragustin@koppel.ph', 'HR', 'Koppel Inc.', 'Mandaluyong', 'user', '2026-01-16 16:48:29', NULL, '2025-10-07 08:31:15', NULL, '1');
INSERT INTO `user_tb` VALUES ('206', 'N/A', 'Sales Dept', 'Sales Dept', '-', 'Sales Dept', 'Koppel Inc.', 'Mandaluyong', 'user', '2026-01-16 16:48:29', NULL, '2025-10-07 15:51:58', NULL, '1');
INSERT INTO `user_tb` VALUES ('207', 'N/A', 'Cebu Branch', 'Cebu Branch', '-', 'Cebu Branch', 'Koppel Inc.', 'Cebu', 'user', '2026-01-16 16:48:29', NULL, '2025-10-07 15:54:27', NULL, '1');
INSERT INTO `user_tb` VALUES ('209', 'RPE052125', 'Paul Martin  Rimpillo', 'Purchasing Assistant', '-', 'Purchasing', 'Koppel Inc.', 'Mandaluyong', 'user', '2026-01-16 16:48:29', NULL, '2025-10-10 14:07:17', NULL, '1');
INSERT INTO `user_tb` VALUES ('211', 'NEB101325', 'Edmark B. Namoro', 'Application Engineer', '-', 'VRF-SPG', 'Koppel Inc.', 'Mandaluyong', 'user', '2026-01-16 16:48:29', NULL, '2025-10-13 08:53:01', NULL, '1');
INSERT INTO `user_tb` VALUES ('212', 'OMG111109', 'Michell Openano-Young', 'GMA Contractor Sales', 'mopenano@koppel.ph', 'Sales', 'Koppel Inc.', 'Mandaluyong', 'user', '2026-01-16 16:48:29', NULL, '2025-10-15 08:24:13', NULL, '1');
INSERT INTO `user_tb` VALUES ('213', 'RCC060925', 'Chris Rendon', 'Graphics Designer', 'artworks@koppel.ph', 'Marketing', 'Koppel Inc.', 'Mandaluyong', 'user', '2026-01-16 16:48:29', NULL, '2025-10-15 09:07:16', NULL, '1');
INSERT INTO `user_tb` VALUES ('214', 'PAL060115', 'Allan Jay L. Pedrosa', 'Sales Specialist', 'apedrosa@koppel.ph', 'Sales', 'Koppel Inc.', 'Davao', 'user', '2026-01-16 16:48:29', NULL, '2025-10-21 10:32:51', NULL, '1');
INSERT INTO `user_tb` VALUES ('215', 'N/A', 'Tere Coronado', 'Sales', 'tconorado@koppel.ph', 'Sales', 'Koppel Inc.', 'Mandaluyong', 'user', '2026-01-16 16:48:29', NULL, '2025-10-21 11:48:00', NULL, '1');
INSERT INTO `user_tb` VALUES ('216', 'N/A', 'Bryan Olano', 'Sales Specialist', 'bolano@koppel.ph', 'Sales', 'Koppel Inc.', 'Mandaluyong', 'user', '2026-01-16 16:48:29', NULL, '2025-10-22 15:05:52', NULL, '1');
INSERT INTO `user_tb` VALUES ('217', 'OZF110325', 'Zena F. Orinday', 'Assistant Manager', '', 'CNC Dept', 'Koppel Inc.', 'Mandaluyong', 'user', '2026-01-16 16:48:29', NULL, '2025-11-03 08:33:47', NULL, '1');
INSERT INTO `user_tb` VALUES ('218', 'N/A', 'QA/QC', 'QA/QC', '', 'Service', 'Koppel Inc.', 'Mandaluyong', 'user', '2026-01-16 16:48:29', NULL, '2025-11-13 13:53:52', NULL, '1');
INSERT INTO `user_tb` VALUES ('219', 'MAS051925', 'Allen Jacob Mandreza', 'Service Engineer - Central I', '', 'Service', 'Koppel Inc.', 'Mandaluyong', 'user', '2026-01-16 16:48:29', NULL, '2025-11-13 13:54:39', NULL, '1');
INSERT INTO `user_tb` VALUES ('220', 'N/A', 'Jona', 'Customer Support - Central', '', 'Service', 'Koppel Inc.', 'Mandaluyong', 'user', '2026-01-16 16:48:29', NULL, '2025-11-13 13:55:36', NULL, '1');
INSERT INTO `user_tb` VALUES ('221', 'N/A', 'Service Engineer - North', 'Service Engineer - North', '', 'Service', 'Koppel Inc.', 'Mandaluyong', 'user', '2026-01-16 16:48:29', NULL, '2025-11-13 13:55:55', NULL, '1');
INSERT INTO `user_tb` VALUES ('222', 'N/A', 'Service Engineer - South', 'Service Engineer - South', '', 'Service', 'Koppel Inc.', 'Mandaluyong', 'user', '2026-01-16 16:48:29', NULL, '2025-11-13 13:56:29', NULL, '1');
INSERT INTO `user_tb` VALUES ('223', 'N/A', 'Abby Mina', 'VRF ', '', 'VRF', 'Koppel Inc.', 'Mandaluyong', 'user', '2026-01-16 16:48:29', NULL, '2025-11-13 17:02:11', NULL, '1');
INSERT INTO `user_tb` VALUES ('224', 'BAR072623', 'Alessandra Nicole R. Biadoy', 'Accounting Analyst - AP', '', 'Accounting', 'Koppel Inc.', 'Mandaluyong', 'user', '2026-01-16 16:48:29', NULL, '2025-11-14 08:26:12', NULL, '1');
INSERT INTO `user_tb` VALUES ('226', 'N/A', 'Nhing', 'Accounting ', '', 'Accounting ', 'Koppel Inc.', 'Mandaluyong', 'user', '2026-01-16 16:48:29', NULL, '2025-11-19 09:47:05', NULL, '1');
INSERT INTO `user_tb` VALUES ('227', 'N/A', 'Rachelle Paala', 'HR', '', 'HR', 'Koppel Inc.', 'Canlubang', 'user', '2026-01-16 00:00:00', NULL, '2025-11-19 14:31:22', NULL, '1');
INSERT INTO `user_tb` VALUES ('228', 'MJL102124', 'Jaymilly Magpusao', 'Jr. Project Engineer', '', 'Service', 'HEEC', 'Mandaluyong', 'user', '2024-10-21 00:00:00', NULL, '2025-11-19 14:35:09', NULL, '1');
INSERT INTO `user_tb` VALUES ('229', 'N/A', 'Test', 'Test', '', 'IT Department', 'Koppel Inc.', 'Mandaluyong', 'user', '2026-01-16 16:48:29', NULL, '2025-11-19 15:28:49', NULL, '1');
INSERT INTO `user_tb` VALUES ('230', 'BMA102025 ', 'Mariah Kristelie A. Berdin ', 'Sales Engineer', '', 'Sales', 'Koppel Inc.', 'Mandaluyong', 'user', '2026-01-16 16:48:29', NULL, '2025-11-19 15:51:10', NULL, '1');
INSERT INTO `user_tb` VALUES ('231', 'N/A', 'Dexter Rivera', 'Service', '', 'Service', 'HI-AIRE', 'Mandaluyong', 'user', '2025-11-20 08:11:38', NULL, '2025-11-20 08:11:38', NULL, '1');
INSERT INTO `user_tb` VALUES ('232', 'N/A', 'RJ', 'Accounting', '', 'Accounting', 'Koppel Inc.', 'Mandaluyong', 'user', '2026-01-16 16:48:29', NULL, '2025-11-21 13:22:50', NULL, '1');
INSERT INTO `user_tb` VALUES ('233', 'NRC022624', 'Rio Navarro', 'Application Engineer', 'rnavarro@koppel.ph', 'VRF', 'Koppel Inc.', 'Mandaluyong', 'user', '2026-01-16 16:48:29', NULL, '2025-11-24 09:39:23', NULL, '1');
INSERT INTO `user_tb` VALUES ('234', 'N/A', 'Jayson Almadrones', 'N/A', '', 'Accounting', 'Koppel Inc.', 'Canlubang', 'user', '2026-01-16 16:48:29', NULL, '2025-11-24 10:40:52', NULL, '1');
INSERT INTO `user_tb` VALUES ('235', 'N/A', 'IT Dept', 'IT Dept', '', 'IT', 'Koppel Inc.', 'Mandaluyong', 'user', '2026-01-16 16:48:29', NULL, '2025-11-24 16:51:08', NULL, '1');
INSERT INTO `user_tb` VALUES ('238', 'N/A', 'Vilma', 'Accounting', '', 'Accounting', 'Koppel Inc.', 'Mandaluyong', 'user', '2026-01-16 16:48:29', NULL, '2025-11-28 11:09:51', NULL, '1');
INSERT INTO `user_tb` VALUES ('240', 'CR081825', 'Ryan Vincent Cuerdo', 'QA/QC Engineer', '', 'Service', 'Koppel Inc.', 'Mandaluyong', 'user', '2026-01-16 16:48:29', NULL, '2025-12-01 16:06:46', NULL, '1');
INSERT INTO `user_tb` VALUES ('241', 'MDD081825', 'Dominic Domingono Miranda', 'Service Engineer - North II', '', 'Service', 'Koppel Inc.', 'Mandaluyong', 'user', '2026-01-16 16:48:29', NULL, '2025-12-01 16:07:28', NULL, '1');
INSERT INTO `user_tb` VALUES ('243', 'SJ031124', 'John Eric Serrano', 'Service Engineer - North II', '', 'Service', 'Koppel Inc.', 'Mandaluyong', 'user', '2026-01-16 16:48:29', NULL, '2025-12-01 16:19:53', NULL, '1');
INSERT INTO `user_tb` VALUES ('244', 'BAC111423', 'Angelo Bendal', 'Service Engineer - Institutional', '', 'Service', 'Koppel Inc.', 'Mandaluyong', 'user', '2026-01-16 16:48:29', NULL, '2025-12-01 16:21:54', NULL, '1');
INSERT INTO `user_tb` VALUES ('249', 'LSS062325', 'Sergio Lopez,Jr', 'Service Engineer - Central II', '', 'Service', 'Koppel Inc.', 'Mandaluyong', 'user', '2026-01-16 16:48:29', NULL, '2025-12-01 17:33:42', NULL, '1');
INSERT INTO `user_tb` VALUES ('250', 'SNS090808', 'Sabanal, Neil Francis S', 'Parts Coordinator', '', 'Service', 'Koppel Inc.', 'Cebu', 'user', '2008-09-08 00:00:00', NULL, '2025-12-01 17:43:49', '', '1');
INSERT INTO `user_tb` VALUES ('251', 'NAA011113', 'Nuera, Adrian A', 'Aircon Technician', '', 'Service', 'Koppel Inc.', 'Mandaluyong', 'user', '2013-01-11 00:00:00', NULL, '2025-12-01 17:43:49', '', '1');
INSERT INTO `user_tb` VALUES ('252', 'LDM100714', 'Legutan, Dioniver M', 'Regional Service Supervisor', '', 'Service', 'Koppel Inc.', 'Cebu', 'user', '2014-10-07 00:00:00', NULL, '2025-12-01 17:43:49', '', '1');
INSERT INTO `user_tb` VALUES ('254', 'MAM122615', 'Mangrobang, Mirriam A', 'Service Manager', '', 'Service', 'Koppel Inc.', 'Mandaluyong', 'user', '2015-12-26 00:00:00', NULL, '2025-12-01 17:43:49', '', '1');
INSERT INTO `user_tb` VALUES ('255', 'VCJ122615', 'Vargas, Jeffrey C', 'Assistant Service Manager', '', 'Service', 'Koppel Inc.', 'Mandaluyong', 'user', '2015-12-26 00:00:00', NULL, '2025-12-01 17:43:49', '', '1');
INSERT INTO `user_tb` VALUES ('256', 'GAM022717', 'Garcia, Marlon A', 'Aircon Technician', '', 'Service', 'Koppel Inc.', 'Mandaluyong', 'user', '2026-01-19 14:21:18', '2020-11-19', '2025-12-01 17:43:49', '', '0');
INSERT INTO `user_tb` VALUES ('257', 'MJF022717', 'Mislang, Fernando J', 'Aircon Technician', '', 'Service', 'Koppel Inc.', 'Mandaluyong', 'user', '2026-01-19 14:21:18', '2022-01-01', '2025-12-01 17:43:49', '', '0');
INSERT INTO `user_tb` VALUES ('258', 'PUM022717', 'Panagsagan, Medel U', 'Aircon Technician', '', 'Service', 'Koppel Inc.', 'Mandaluyong', 'user', '2017-02-27 00:00:00', NULL, '2025-12-01 17:43:49', '', '1');
INSERT INTO `user_tb` VALUES ('259', 'BPK060117', 'Benjamin, Kathleen Grace P', 'Parts Analyst', '', 'Service', 'Koppel Inc.', 'Iloilo', 'user', '2017-06-01 00:00:00', NULL, '2025-12-01 17:43:49', '', '1');
INSERT INTO `user_tb` VALUES ('260', 'PEJ110617', 'Permaran, Rafael James E', 'Technical Engineer', '', 'Service', 'Koppel Inc.', 'Mandaluyong', 'user', '2026-01-19 14:21:18', '2021-03-05', '2025-12-01 17:43:49', '', '0');
INSERT INTO `user_tb` VALUES ('261', 'CMO010818', 'Capundag, Oliver M', 'Aircon Technician', '', 'Service', 'Koppel Inc.', 'Cebu', 'user', '2018-01-08 00:00:00', NULL, '2025-12-01 17:43:49', '', '1');
INSERT INTO `user_tb` VALUES ('262', 'VCR010818', 'Velasquez, Raul C', 'Aircon Technician', '', 'Service', 'Koppel Inc.', 'Cebu', 'user', '2018-01-08 00:00:00', NULL, '2025-12-01 17:43:49', '', '1');
INSERT INTO `user_tb` VALUES ('263', 'LCR070218', 'Luga, Ric Kevien Jay C', 'Service Engineer', '', 'Service', 'Koppel Inc.', 'Mandaluyong', 'user', '2026-01-19 14:21:18', '2020-12-29', '2025-12-01 17:43:49', '', '0');
INSERT INTO `user_tb` VALUES ('264', 'TTJ120418', 'Tabulinar, Jello T', 'Service Engineer', '', 'Service', 'Koppel Inc.', 'Iloilo', 'user', '2018-12-04 00:00:00', NULL, '2025-12-01 17:43:49', '', '1');
INSERT INTO `user_tb` VALUES ('265', 'PJM010719', 'Picson, Maria Nicole J', 'Cs Supervisor', '', 'Service', 'Koppel Inc.', 'Mandaluyong', 'user', '2026-01-19 14:21:18', '2023-06-25', '2025-12-01 17:43:49', '', '0');
INSERT INTO `user_tb` VALUES ('266', 'CON021119', 'Cruz, John Nikko O', 'Service Engineer', '', 'Service', 'Koppel Inc.', 'Mandaluyong', 'user', '2026-01-19 14:21:18', '2021-03-12', '2025-12-01 17:43:49', '', '0');
INSERT INTO `user_tb` VALUES ('267', 'MVJ031219', 'Moloboco, Jeremiah V', 'Service Engineer', '', 'Service', 'Koppel Inc.', 'Mandaluyong', 'user', '2026-01-19 14:21:18', '2021-10-22', '2025-12-01 17:43:49', '', '0');
INSERT INTO `user_tb` VALUES ('268', 'MAR032719', 'Magpatoc, Regie A', 'Aircon Technician', '', 'Service', 'Koppel Inc.', 'Cdo', 'user', '2026-01-19 14:21:18', '2021-04-23', '2025-12-01 17:43:49', '', '0');
INSERT INTO `user_tb` VALUES ('269', 'QTA050219', 'Quitco, Augusto T', 'Service Director', '', 'Service', 'Koppel Inc.', 'Mandaluyong', 'user', '2019-05-02 00:00:00', NULL, '2025-12-01 17:43:49', '', '1');
INSERT INTO `user_tb` VALUES ('270', 'TAJ052819', 'Timog, Jasper A', 'Technical Engineer', '', 'Service', 'Koppel Inc.', 'Mandaluyong', 'user', '2026-01-19 14:21:18', '2021-03-05', '2025-12-01 17:43:49', '', '0');
INSERT INTO `user_tb` VALUES ('271', 'GPA071519', 'Gallor, Warlito P', 'Service Engineer', '', 'Service', 'Koppel Inc.', 'Davao', 'user', '2026-01-19 14:21:18', '2021-08-06', '2025-12-01 17:43:49', '', '0');
INSERT INTO `user_tb` VALUES ('272', 'PGN071519', 'Patindol, Ronnie G', 'Aircon Technician', '', 'Service', 'Koppel Inc.', 'Davao', 'user', '2026-01-19 14:21:18', '2022-03-31', '2025-12-01 17:43:49', '', '0');
INSERT INTO `user_tb` VALUES ('273', 'TDR072319', 'Tocson, Remilyn D', 'Parts Analyst', '', 'Service', 'Koppel Inc.', 'Mandaluyong', 'user', '2026-01-19 14:21:18', '2021-05-28', '2025-12-01 17:43:49', '', '0');
INSERT INTO `user_tb` VALUES ('274', 'BNR082719', 'Bual, Richard N', 'Aircon Technician', '', 'Service', 'Koppel Inc.', 'Davao', 'user', '2026-01-19 14:21:18', '2023-09-30', '2025-12-01 17:43:49', '', '0');
INSERT INTO `user_tb` VALUES ('275', 'YBJ082819', 'Yasto, Jason Martin B', 'Service Engineer', '', 'Service', 'Koppel Inc.', 'Mandaluyong', 'user', '2026-01-19 14:21:18', '2021-03-07', '2025-12-01 17:43:49', '', '0');
INSERT INTO `user_tb` VALUES ('277', 'CPJ092319', 'Cali, Jonalyn P', 'Parts Analyst', '', 'Service', 'Koppel Inc.', 'Mandaluyong', 'user', '2026-01-19 14:21:18', '2021-12-16', '2025-12-01 17:43:49', '', '0');
INSERT INTO `user_tb` VALUES ('278', 'LRB101119', 'Llaneta, Bernard R', 'Parts Analyst', '', 'Service', 'Koppel Inc.', 'Mandaluyong', 'user', '2026-01-19 14:21:18', '2024-06-21', '2025-12-01 17:43:49', '', '0');
INSERT INTO `user_tb` VALUES ('279', 'SSF111119', 'Sobrepeña, Ferden S', 'Service Engineer', '', 'Service', 'Koppel Inc.', 'Davao', 'user', '2026-01-19 14:21:18', '2021-03-31', '2025-12-01 17:43:49', '', '0');
INSERT INTO `user_tb` VALUES ('280', 'ADP031620', 'Aquino, Paulo Delfin D', 'Service Engineer', '', 'Service', 'Koppel Inc.', 'Cebu', 'user', '2026-01-19 14:21:18', '2022-04-21', '2025-12-01 17:43:49', '', '0');
INSERT INTO `user_tb` VALUES ('281', 'AMM061620', 'Allecer, Sarah Mae M', 'Parts Analyst', '', 'Service', 'Koppel Inc.', 'Cdo', 'user', '2020-06-16 00:00:00', NULL, '2025-12-01 17:43:49', '', '1');
INSERT INTO `user_tb` VALUES ('282', 'EEE041921', 'Ebaldone, Deo E', 'Aircon Technician', '', 'Service', 'Koppel Inc.', 'Iloilo', 'user', '2021-04-19 00:00:00', NULL, '2025-12-01 17:43:49', '', '1');
INSERT INTO `user_tb` VALUES ('283', 'DQH050421', 'Del Mundo, Harold Q', 'Service Engineer', '', 'Service', 'Koppel Inc.', 'Mandaluyong', 'user', '2026-01-19 14:21:18', '2023-03-17', '2025-12-01 17:43:49', '', '0');
INSERT INTO `user_tb` VALUES ('284', 'RCJ050421', 'Realisan, Jabel Emerson C', 'Qa/Qc Service Engineer', '', 'Service', 'Koppel Inc.', 'Mandaluyong', 'user', '2026-01-19 14:21:18', '2021-11-03', '2025-12-01 17:43:49', '', '0');
INSERT INTO `user_tb` VALUES ('285', 'SMJ050421', 'Soriano, Jerome M', 'Service Engineer', '', 'Service', 'Koppel Inc.', 'Mandaluyong', 'user', '2026-01-19 14:21:18', '2022-05-04', '2025-12-01 17:43:49', '', '0');
INSERT INTO `user_tb` VALUES ('286', 'AIR051121', 'Aguila, Rayster I', 'Technical Engineer', '', 'Service', 'Koppel Inc.', 'Mandaluyong', 'user', '2026-01-19 14:21:18', '2023-03-21', '2025-12-01 17:43:49', '', '0');
INSERT INTO `user_tb` VALUES ('287', 'ODA051121', 'Opeña, Bernon Allen D', 'Technical Engineer', '', 'Service', 'Koppel Inc.', 'Mandaluyong', 'user', '2026-01-19 14:21:18', '2022-12-02', '2025-12-01 17:43:49', '', '0');
INSERT INTO `user_tb` VALUES ('288', 'CLE052621', 'Cagatin, Edmar Dave L', 'Service Engineer', '', 'Service', 'Koppel Inc.', 'Cdo', 'user', '2026-01-19 14:21:18', '2021-08-05', '2025-12-01 17:43:49', '', '0');
INSERT INTO `user_tb` VALUES ('289', 'BBC060121', 'BaldoVino, Carl Luis B', 'Service Engineer', '', 'Service', 'Koppel Inc.', 'Mandaluyong', 'user', '2026-01-19 14:21:18', '2022-03-11', '2025-12-01 17:43:49', '', '0');
INSERT INTO `user_tb` VALUES ('290', 'CAR071221', 'Caniban, Reyman A', 'Parts Analyst', '', 'Service', 'Koppel Inc.', 'Davao', 'user', '2026-01-19 14:21:18', '2021-09-17', '2025-12-01 17:43:49', '', '0');
INSERT INTO `user_tb` VALUES ('291', 'TSE071221', 'Tiongson, Elmar S', 'Parts Analyst', '', 'Service', 'Koppel Inc.', 'Mandaluyong', 'user', '2026-01-19 14:21:18', '2022-11-11', '2025-12-01 17:43:49', '', '0');
INSERT INTO `user_tb` VALUES ('292', 'BBJ091521', 'Bacaron, Jayvee B', 'Service Engineer', '', 'Service', 'Koppel Inc.', 'Davao', 'user', '2026-01-19 14:21:18', '2021-12-15', '2025-12-01 17:43:49', '', '0');
INSERT INTO `user_tb` VALUES ('293', 'KAJ102521', 'Kinakin, Jhon Lester A', 'Service Engineer', '', 'Service', 'Koppel Inc.', 'Cdo', 'user', '2026-01-19 14:21:18', '2022-03-07', '2025-12-01 17:43:49', '', '0');
INSERT INTO `user_tb` VALUES ('294', 'IGN102621', 'Inojales, Nephi Jether G', 'Parts Analyst', '', 'Service', 'Koppel Inc.', 'Davao', 'user', '2026-01-19 14:21:18', '2023-07-10', '2025-12-01 17:43:49', '', '0');
INSERT INTO `user_tb` VALUES ('295', 'HPJ010322', 'Hequibal, Ryan Jerameel P', 'Qa/Qc Engineer', '', 'Service', 'Koppel Inc.', 'Mandaluyong', 'user', '2026-01-19 14:21:18', '2024-01-15', '2025-12-01 17:43:49', '', '0');
INSERT INTO `user_tb` VALUES ('296', 'PDR010322', 'Petilo, Raymart D', 'Service Engineer', '', 'Service', 'Koppel Inc.', 'Mandaluyong', 'user', '2026-01-19 14:21:18', '2023-05-26', '2025-12-01 17:43:49', '', '0');
INSERT INTO `user_tb` VALUES ('297', 'SEJ010322', 'Sapungan, John Carlo E', 'Qa/Qc Engineer', '', 'Service', 'Koppel Inc.', 'Mandaluyong', 'user', '2026-01-19 14:21:18', '2023-10-31', '2025-12-01 17:43:49', '', '0');
INSERT INTO `user_tb` VALUES ('298', 'BGL022822', 'Bajao, Lebrando G', 'Aircon Technician', '', 'Service', 'Koppel Inc.', 'Cdo', 'user', '2026-01-19 14:21:18', '2024-01-15', '2025-12-01 17:43:49', '', '0');
INSERT INTO `user_tb` VALUES ('299', 'BCJ051222', 'Buccat, John Carl B', 'Service Manager', '', 'Service', 'Koppel Inc.', 'Mandaluyong', 'user', '2026-01-19 14:21:18', '2023-01-23', '2025-12-01 17:43:49', '', '0');
INSERT INTO `user_tb` VALUES ('300', 'MRJ053022', 'Relacion, John Paul M', 'Service Engineer', '', 'Service', 'Koppel Inc.', 'Cdo', 'user', '2026-01-19 14:21:18', '2024-05-17', '2025-12-01 17:43:49', '', '0');
INSERT INTO `user_tb` VALUES ('301', 'SCA062722', 'Sagay, Arjay C', 'Service Engineer', '', 'Service', 'Koppel Inc.', 'Mandaluyong', 'user', '2026-01-19 14:21:18', '2022-08-15', '2025-12-01 17:43:49', '', '0');
INSERT INTO `user_tb` VALUES ('302', 'TLJ062722', 'Tejada, Jan Marlou L', 'Service Engineer', '', 'Service', 'Koppel Inc.', 'Mandaluyong', 'user', '2026-01-19 14:21:18', '2022-09-01', '2025-12-01 17:43:49', '', '0');
INSERT INTO `user_tb` VALUES ('303', 'UGE070422', 'Untalan, Ericson G', 'Parts Analyst', '', 'Service', 'Koppel Inc.', 'Mandaluyong', 'user', '2022-07-04 00:00:00', NULL, '2025-12-01 17:43:49', '', '1');
INSERT INTO `user_tb` VALUES ('304', 'FTL091222', 'Flores, Lester T', 'Service Engineer', '', 'Service', 'Koppel Inc.', 'Mandaluyong', 'user', '2026-01-19 14:21:18', 'AWOL', '2025-12-01 17:43:49', '', '0');
INSERT INTO `user_tb` VALUES ('305', 'CHJ121222', 'Canela, Jeremy H', 'Technical Engineer', '', 'Service', 'Koppel Inc.', 'Mandaluyong', 'user', '2026-01-19 14:21:18', '2024-04-19', '2025-12-01 17:43:49', '', '0');
INSERT INTO `user_tb` VALUES ('306', 'LCF013023', 'Labian, Coleen Faye C', 'Parts Analyst', '', 'Service', 'Koppel Inc.', 'Mandaluyong', 'user', '2023-01-30 00:00:00', NULL, '2025-12-01 17:43:49', '', '1');
INSERT INTO `user_tb` VALUES ('307', 'RVM022023', 'Rocero, Mc Aldrine V', 'Parts Sales Staff', '', 'Service', 'Koppel Inc.', 'Mandaluyong', 'user', '2023-02-20 00:00:00', NULL, '2025-12-01 17:43:49', '', '1');
INSERT INTO `user_tb` VALUES ('308', 'BTZ022123', 'Bustamante, Adrian Zedrick T', 'Service Engineer', '', 'Service', 'Koppel Inc.', 'Mandaluyong', 'user', '2023-02-21 00:00:00', NULL, '2025-12-01 17:43:49', '', '1');
INSERT INTO `user_tb` VALUES ('309', 'DGJ030923', 'De Roxas, Joffrey G', 'Service Engineer', '', 'Service', 'Koppel Inc.', 'Mandaluyong', 'user', '2026-01-19 14:21:18', '2024-04-30', '2025-12-01 17:43:49', '', '0');
INSERT INTO `user_tb` VALUES ('310', 'BDE032023', 'Buena, Earl Joshua D', 'Service Engineer', '', 'Service', 'Koppel Inc.', 'Mandaluyong', 'user', '2023-03-20 00:00:00', NULL, '2025-12-01 17:43:49', '', '1');
INSERT INTO `user_tb` VALUES ('311', 'DLI040423', 'Dionela, Ivan L', 'Service Engineer', '', 'Service', 'Koppel Inc.', 'Mandaluyong', 'user', '2023-04-04 00:00:00', NULL, '2025-12-01 17:43:49', '', '1');
INSERT INTO `user_tb` VALUES ('313', 'CUJ042423', 'Calayag, Jeanelle U', 'Qa/Qc Engineer', '', 'Service', 'Koppel Inc.', 'Mandaluyong', 'user', '2026-01-19 14:21:18', '2024-06-21', '2025-12-01 17:43:49', '', '0');
INSERT INTO `user_tb` VALUES ('314', 'NLR080723', 'Naypa, Randie L', 'Service Technician', '', 'Service', 'Koppel Inc.', 'Davao', 'user', '2023-08-07 00:00:00', NULL, '2025-12-01 17:43:49', '', '1');
INSERT INTO `user_tb` VALUES ('315', 'LLK091223', 'Lumiares, Kerith Ravine L', 'Service Engineer', '', 'Service', 'Koppel Inc.', 'Davao', 'user', '2026-01-19 14:21:18', '2024-01-31', '2025-12-01 17:43:49', '', '0');
INSERT INTO `user_tb` VALUES ('316', 'ACE100223', 'Arbitrario, Elma C', 'Cs Supervisor', '', 'Service', 'Koppel Inc.', 'Mandaluyong', 'user', '2026-01-19 14:21:18', '2023-10-03', '2025-12-01 17:43:49', '', '0');
INSERT INTO `user_tb` VALUES ('317', 'BCA111423', 'Bendal, Angelo C', 'Service Engineer', '', 'Service', 'Koppel Inc.', 'Mandaluyong', 'user', '2023-11-14 00:00:00', NULL, '2025-12-01 17:43:49', '', '1');
INSERT INTO `user_tb` VALUES ('318', 'DCA111423', 'Domingo, Alvin C', 'Cs Supervisor', '', 'Service', 'Koppel Inc.', 'Mandaluyong', 'user', '2023-11-14 00:00:00', NULL, '2025-12-01 17:43:49', '', '1');
INSERT INTO `user_tb` VALUES ('319', 'LMJ030424', 'Ladion, John Roy M', 'Aircon Technician', '', 'Service', 'Koppel Inc.', 'Cdo', 'user', '2024-03-04 00:00:00', NULL, '2025-12-01 17:43:49', '', '1');
INSERT INTO `user_tb` VALUES ('320', 'SEJ031124', 'Serrano, John Eric', 'Service Engineer', '', 'Service', 'Koppel Inc.', 'Mandaluyong', 'user', '2024-03-11 00:00:00', NULL, '2025-12-01 17:43:49', '', '1');
INSERT INTO `user_tb` VALUES ('321', 'MBA040124', 'Malubay, Annika Cassandra B', 'Service Engineer', '', 'Service', 'Koppel Inc.', 'Mandaluyong', 'user', '2024-04-01 00:00:00', NULL, '2025-12-01 17:43:49', '', '1');
INSERT INTO `user_tb` VALUES ('322', 'DRM042524', 'Delos Reyes, Mae Lendl M', 'Technical Engineer', '', 'Service', 'Koppel Inc.', 'Mandaluyong', 'user', '2024-04-25 00:00:00', NULL, '2025-12-01 17:43:49', '', '1');
INSERT INTO `user_tb` VALUES ('323', 'MHH042524', 'Mag-Abo, Marlowe H', 'Service Engineer', '', 'Service', 'Koppel Inc.', 'Cdo', 'user', '2024-04-25 00:00:00', NULL, '2025-12-01 17:43:49', '', '1');
INSERT INTO `user_tb` VALUES ('350', 'AGJ092319', 'Andrion, John Ray G', 'Service Engineer', '', 'Service', 'Koppel Inc.', 'Mandaluyong', 'user', '2026-01-19 14:21:18', '2022-02-18', '2025-12-01 17:43:50', '', '0');
INSERT INTO `user_tb` VALUES ('386', 'BMN041123', 'Buenaventura, Ninn M', 'Qa/Qc Engineer', '', 'Service', 'Koppel Inc.', 'Mandaluyong', 'user', '2023-04-11 00:00:00', NULL, '2025-12-01 17:43:50', '', '1');
INSERT INTO `user_tb` VALUES ('401', 'DZJ051925', 'Zedrick Vincent J. Del Rosario', 'Service Engineer - South', '', 'Service', 'Koppel Inc.', 'Mandaluyong', 'user', '2026-01-16 16:48:29', NULL, '2025-12-03 11:39:38', NULL, '1');
INSERT INTO `user_tb` VALUES ('402', 'DRS022607', 'Rodolfo S. Duldulao Sr.', 'Service Operation Supervisor', 'rduldulao@koppel.ph', 'Service', 'Koppel Inc.', 'Mandaluyong', 'user', '2026-01-16 16:48:29', NULL, '2025-12-03 11:55:27', NULL, '1');
INSERT INTO `user_tb` VALUES ('405', 'N/A', 'Renz Emelson Ang', 'Design and Estimate Engineer', '', 'VRF', 'Koppel Inc.', 'Mandaluyong', 'user', '2026-01-16 16:48:29', NULL, '2025-12-03 15:15:58', NULL, '1');
INSERT INTO `user_tb` VALUES ('407', 'N/A', 'Arleli', 'VRF Sales', '', 'VRF', 'Koppel Inc.', 'Mandaluyong', 'user', '2026-01-16 16:48:29', NULL, '2025-12-03 15:20:09', NULL, '1');
INSERT INTO `user_tb` VALUES ('409', 'N/A', 'Weng Vergara', 'Senior Sales Admin', '', 'Sales', 'Koppel Inc.', 'Mandaluyong', 'user', '2026-01-16 16:48:29', NULL, '2025-12-03 15:21:30', NULL, '1');
INSERT INTO `user_tb` VALUES ('410', 'N/A', 'Joseph Unday', 'Sales Admin', '', 'Sales', 'Koppel Inc.', 'Mandaluyong', 'user', '2026-01-16 16:48:29', NULL, '2025-12-03 15:21:46', NULL, '1');
INSERT INTO `user_tb` VALUES ('411', 'N/A', 'Rodhalia', 'Sales Admin', '', 'Sales', 'Koppel Inc.', 'Mandaluyong', 'user', '2026-01-16 16:48:29', NULL, '2025-12-03 15:22:16', NULL, '1');
INSERT INTO `user_tb` VALUES ('413', 'N/A', 'Katrina Montes', 'HR Assistant', '', 'HR', 'Koppel Inc.', 'Mandaluyong', 'user', '2026-01-16 16:48:29', NULL, '2025-12-03 15:23:26', NULL, '1');
INSERT INTO `user_tb` VALUES ('415', 'N/A', 'Sol ', 'HR Assistant', '', 'HR', 'Koppel Inc.', 'Mandaluyong', 'user', '2026-01-19 14:49:05', NULL, '2025-12-03 15:23:42', NULL, '1');
INSERT INTO `user_tb` VALUES ('417', 'N/A', 'Oscar', 'CNC Staff', '', 'Credit and Collection', 'Koppel Inc.', 'Mandaluyong', 'user', '2026-01-16 16:48:29', NULL, '2025-12-03 15:26:32', NULL, '1');
INSERT INTO `user_tb` VALUES ('418', 'N/A', 'Marriane', 'Accounting', '', 'Accounting', 'Koppel Inc.', 'Mandaluyong', 'user', '2026-01-16 16:48:29', NULL, '2025-12-03 15:27:08', NULL, '1');
INSERT INTO `user_tb` VALUES ('419', 'N/A', 'Cheng Javier', 'Accounting', '', 'Accounting', 'HIMC', 'Mandaluyong', 'user', '2025-12-03 15:27:27', NULL, '2025-12-03 15:27:27', NULL, '1');
INSERT INTO `user_tb` VALUES ('420', 'N/A', 'Belle Disamburun', 'Purchasing Assistant', '', 'Purchasing', 'Koppel Inc.', 'Mandaluyong', 'user', '2026-01-16 16:48:29', NULL, '2025-12-03 15:27:57', NULL, '1');
INSERT INTO `user_tb` VALUES ('422', 'N/A', 'Ronnie Amante', 'Senior Purchasing Supervisor', '', 'Purchasing ', 'Koppel Inc.', 'Mandaluyong', 'user', '2026-01-16 16:48:29', NULL, '2025-12-03 15:28:38', NULL, '1');
INSERT INTO `user_tb` VALUES ('426', 'N/A', 'Hector Columbino', ' Accounting Supervisor', '', 'Accounting', 'Koppel Inc.', 'Mandaluyong', 'user', '2026-01-16 16:48:29', NULL, '2025-12-03 15:31:47', NULL, '1');
INSERT INTO `user_tb` VALUES ('428', 'N/A', 'Ruel', 'Accounting', '', 'Accounting', 'Koppel Inc.', 'Mandaluyong', 'user', '2026-01-16 16:48:29', NULL, '2025-12-03 15:32:02', NULL, '1');
INSERT INTO `user_tb` VALUES ('430', 'N/A', 'Technical Engineer', 'Technical Engineer', '', 'Service', 'Koppel Inc.', 'Mandaluyong', 'user', '2026-01-16 16:48:29', NULL, '2025-12-03 16:18:16', NULL, '1');
INSERT INTO `user_tb` VALUES ('431', 'N/A', 'Technical Engineer 2', 'Technical Engineer', '', 'Service', 'Koppel Inc.', 'Mandaluyong', 'user', '2026-01-16 16:48:29', NULL, '2025-12-04 10:36:24', NULL, '1');
INSERT INTO `user_tb` VALUES ('432', 'VLE090108', 'Ed Villapando  ', 'Warehouse Supervisor', '', 'Sucat Warehouse', 'Koppel Inc.', 'Sucat ', 'user', '2026-01-16 16:48:29', NULL, '2025-12-11 10:49:34', NULL, '1');
INSERT INTO `user_tb` VALUES ('433', 'MCP101325', 'Cary Frances Maunahan', 'DCC Staff ', 'N/A', 'QA ', 'Koppel Inc.', 'Canlubang', 'user', '2026-01-16 16:48:29', NULL, '2025-12-12 14:50:41', NULL, '1');
INSERT INTO `user_tb` VALUES ('434', 'N/A', 'Reniel Mejia', 'JR. Project Engineer', '', 'AC Operation', 'HI-AIRE', 'Mandaluyong', 'user', '2025-12-16 11:36:39', NULL, '2025-12-16 11:36:39', NULL, '1');
INSERT INTO `user_tb` VALUES ('435', 'N/A', 'Willy Relevo', 'SR. Project Engineer', '', 'AC Operation', 'HI-AIRE', 'Mandaluyong', 'user', '2025-12-16 11:37:04', NULL, '2025-12-16 11:37:04', NULL, '1');
INSERT INTO `user_tb` VALUES ('436', 'RSC011211', 'Sara Rioveros', 'Sales Supervisor', '', 'Sales', 'Koppel Inc.', 'Mandaluyong', 'user', '2026-01-16 16:48:29', NULL, '2025-12-18 12:27:40', NULL, '1');
INSERT INTO `user_tb` VALUES ('437', 'PMP050114', 'Manuel Penas', 'Sales Executive', '', 'Sales', 'Koppel Inc.', 'Mandaluyong', 'user', '2026-01-16 16:48:29', NULL, '2025-12-18 12:28:18', NULL, '1');
INSERT INTO `user_tb` VALUES ('438', 'N/A', 'PDED Design', 'PDED Design', '-', 'PDED Department', 'Koppel Inc.', 'Canlubang', 'user', '2026-01-16 16:48:29', NULL, '2025-12-22 08:55:52', NULL, '1');
INSERT INTO `user_tb` VALUES ('440', 'EJC100208', 'Joselito Eva', 'Warehouse Supervisor', '', 'Warehouse', 'Koppel Inc.', 'Mandaluyong', 'user', '2008-10-02 00:00:00', NULL, '2026-01-05 13:15:59', NULL, '1');
INSERT INTO `user_tb` VALUES ('441', 'AFV052818', 'Felice Marie Araya', 'Sales Admin', '', 'Sales', 'Koppel Inc.', 'Mandaluyong', 'user', '2018-05-28 00:00:00', NULL, '2026-01-05 13:18:02', '$2y$10$tC2CrAEQrjdUOPFgsmxVeOJ1tzMK7X97ZY7bqDAYJG9IhWCShjvGm', '1');
INSERT INTO `user_tb` VALUES ('444', 'VEC081325', 'Lenin Villarin', 'Administrator', 'it@koppel.ph', 'IT Department', 'Koppel Inc.', 'Mandaluyong', 'admin', '2026-01-23 08:23:58', NULL, '2026-01-16 08:55:20', '$2y$10$HFWlK0M.JnjNRo.FdVF.ZOycZydW4U.vmmHXn9BH0b1VlSUpBqXba', '1');
INSERT INTO `user_tb` VALUES ('445', 'GER010526', 'Erwin R. Gallardo', 'Administrator', 'itsupervisor@koppel.ph', 'IT Department', 'Koppel Inc.', 'Mandaluyong', 'admin', '2026-01-29 11:25:22', NULL, '2026-01-16 09:00:51', '$2y$10$7U3vTZf7Q44JAFVimDNm3enfLSHuQ45uQSNsFVcyS3wU9vVZ/iodi', '1');
INSERT INTO `user_tb` VALUES ('446', 'CAH101424', 'Aljon Cardeno', 'Administrator', 'acardeno@koppel.ph', 'IT Department', 'Koppel Inc.', 'Mandaluyong', 'admin', '2024-10-14 00:00:00', NULL, '2026-01-16 09:06:19', '$2y$10$n5XnQ2FDIUG7g0zknp.DWuSKiKn2CFfW1VYcZJCX4WpESxlZGnYve', '1');
INSERT INTO `user_tb` VALUES ('448', 'YKC020413', 'Kimberly Yu', 'Administrator', 'kyu@koppel.ph', 'IT & Purchasing Department', 'Koppel Inc.', 'Mandaluyong', 'admin', '2013-02-04 00:00:00', NULL, '2026-01-18 04:11:41', '$2y$10$gD4vlLzCHQTn8uooVlkrLeAJ3aeZKDU49BX0AgKKrOzxqUcyeH76K', '1');
INSERT INTO `user_tb` VALUES ('449', '51160', 'Ray Marvin C. Labra', 'Call Taker', '', 'Service', 'Koppel Inc.', 'Mandaluyong', 'user', '2026-01-19 14:07:56', NULL, '2026-01-19 14:07:26', NULL, '1');
INSERT INTO `user_tb` VALUES ('450', 'N/A', 'Analiza Cabil', 'Customer Support', '', 'Service', 'Koppel Inc.', 'Mandaluyong', 'user', '2026-01-19 14:08:27', NULL, '2026-01-19 14:08:27', NULL, '1');
INSERT INTO `user_tb` VALUES ('451', 'N/A', 'Jessebel', 'Customer Support', '', 'Service', 'Koppel Inc.', 'Mandaluyong', 'user', '2026-01-19 14:09:09', NULL, '2026-01-19 14:09:09', NULL, '1');
INSERT INTO `user_tb` VALUES ('452', 'N/A', 'Mel', 'Call Taker', '', 'Service', 'Koppel Inc.', 'Mandaluyong', 'user', '2026-01-19 14:10:14', NULL, '2026-01-19 14:10:14', NULL, '1');
INSERT INTO `user_tb` VALUES ('453', 'N/A', 'Jean Rose', 'Assistant Supervisor', '', 'Service', 'Koppel Inc.', 'Mandaluyong', 'user', '2026-01-19 14:21:35', NULL, '2026-01-19 14:12:39', NULL, '1');
INSERT INTO `user_tb` VALUES ('454', 'N/A', 'Christopher', 'PDED Design Engineer', '-', 'PDED Design', 'Koppel Inc.', 'Canlubang', 'user', '2026-01-20 07:39:17', NULL, '2026-01-20 07:39:17', NULL, '1');
INSERT INTO `user_tb` VALUES ('455', 'BOM070725', 'Owen Bryle M. Baladad', 'Jr. Design & Estimate Engineer', '-', 'AC Operation', 'HI-AIRE', 'Mandaluyong', 'user', '2025-07-07 00:00:00', NULL, '2026-01-20 15:32:06', NULL, '1');
INSERT INTO `user_tb` VALUES ('456', 'BJM102725', 'Juan Miguel Baylon', 'Jr. Design & Estimate Engr.', '-', 'AC - Operations', 'HI-AIRE', 'Mandaluyong', 'user', '2026-01-30 14:57:22', NULL, '2026-01-20 16:13:51', '$2y$10$ruAhtlfxgmNskYcBkDdsfe/An7qufB6GTWWG9/gwCxdf6lh.NL8cC', '1');
INSERT INTO `user_tb` VALUES ('457', 'PRP102725', 'Rochelle P. Paciola', 'VRF BOM Engineer', '', 'PDED-OEM', 'Koppel Inc.', 'Canlubang', 'user', '2026-01-30 11:43:23', NULL, '2026-01-23 08:23:27', '$2y$10$nr0vu68tAt31uB2CiUEyIOC8Gqx/b6RPgxjgTUUl/rZGaeSqIbpbC', '1');
INSERT INTO `user_tb` VALUES ('458', 'N/A', 'Heycel', 'N/A', '', 'Service', 'Koppel Inc.', 'Mandaluyong', 'user', '2026-01-24 11:06:01', NULL, '2026-01-24 11:06:01', NULL, '1');
INSERT INTO `user_tb` VALUES ('459', 'N/A', 'Kia', 'N/A', '', 'Service', 'Koppel Inc.', 'Mandaluyong', 'user', '2026-01-24 11:06:35', NULL, '2026-01-24 11:06:35', NULL, '1');
INSERT INTO `user_tb` VALUES ('460', 'N/A', 'Riri', 'N/A', '', 'Service', 'Koppel Inc.', 'Mandaluyong', 'user', '2026-01-24 11:06:49', NULL, '2026-01-24 11:06:49', NULL, '1');


-- --------------------------------------------------------
-- Table structure for table `user_tb_backup`
-- --------------------------------------------------------
CREATE TABLE `user_tb_backup` (
  `user_id` int(11) NOT NULL DEFAULT 0,
  `emp_id` varchar(50) NOT NULL,
  `fullname` varchar(150) NOT NULL,
  `position` varchar(100) NOT NULL,
  `email` varchar(150) DEFAULT NULL,
  `department` varchar(100) DEFAULT NULL,
  `company` varchar(50) NOT NULL,
  `area` varchar(150) NOT NULL,
  `user_type` varchar(30) NOT NULL,
  `date_hired` timestamp NOT NULL DEFAULT current_timestamp() ON UPDATE current_timestamp(),
  `date_resigned` varchar(100) DEFAULT NULL,
  `created_at` timestamp NOT NULL DEFAULT current_timestamp(),
  `password` varchar(70) DEFAULT NULL
) ENGINE=InnoDB DEFAULT CHARSET=utf8mb4 COLLATE=utf8mb4_general_ci;

-- Dumping data for table `user_tb_backup`
--
INSERT INTO `user_tb_backup` VALUES ('35', 'BEB091890', 'Barbacena, Eleuterio Buen', 'OIC QA/QC', 'N/A', 'QA/QC', 'HEEC', 'Mandaluyong', 'user', '1990-09-18 00:00:00', NULL, '2025-09-10 08:34:40', NULL);
INSERT INTO `user_tb_backup` VALUES ('36', 'VDS032091', 'Varanal, Diomedes Separa', 'OIC Testing & Commissioning', 'N/A', 'Testing & Commissioning', 'HEEC', 'Mandaluyong', 'user', '1991-03-20 00:00:00', NULL, '2025-09-10 08:34:40', NULL);
INSERT INTO `user_tb_backup` VALUES ('37', 'PDG010196', 'Pasumbal, Danilo Gonzales', 'Sales Manager', 'N/A', 'A/C Sales', 'HEEC', 'Mandaluyong', 'user', '1996-01-01 00:00:00', NULL, '2025-09-10 08:34:40', NULL);
INSERT INTO `user_tb_backup` VALUES ('38', 'TTP092997', 'Tano, Teodomiro Pasquil', 'Technician III', 'N/A', 'Service', 'HEEC', 'Mandaluyong', 'user', '1997-09-29 00:00:00', NULL, '2025-09-10 08:34:40', NULL);
INSERT INTO `user_tb_backup` VALUES ('39', 'MAS041299', 'Miguel, Allan Singca', 'Technician III - Asst. Leadman', 'N/A', 'Service', 'HEEC', 'Mandaluyong', 'user', '1999-04-12 00:00:00', NULL, '2025-09-10 08:34:40', NULL);
INSERT INTO `user_tb_backup` VALUES ('40', 'DRG011801', 'Dalit, Rolando Galvez', 'Foreman', 'N/A', 'Service', 'HEEC', 'Mandaluyong', 'user', '2001-01-18 00:00:00', NULL, '2025-09-10 08:34:40', NULL);
INSERT INTO `user_tb_backup` VALUES ('41', 'DMB071805', 'Delfin, Macdonald Bibit', 'Testing & Commissioning Engineer', 'N/A', 'Testing & Commissioning', 'HEEC', 'Mandaluyong', 'user', '2005-07-18 00:00:00', NULL, '2025-09-10 08:34:40', NULL);
INSERT INTO `user_tb_backup` VALUES ('42', 'ABB110706', 'Antonio, Bob', 'Technician II', 'N/A', 'Service', 'HEEC', 'Mandaluyong', 'user', '2006-11-07 00:00:00', '2024-04-05', '2025-09-10 08:34:40', NULL);
INSERT INTO `user_tb_backup` VALUES ('43', 'AFHS073007', 'Antiporta, Francis Harvey Sandigan', 'Department Coordinator', 'N/A', 'Operations', 'HEEC', 'Mandaluyong', 'user', '2007-07-30 00:00:00', NULL, '2025-09-10 08:34:40', NULL);
INSERT INTO `user_tb_backup` VALUES ('44', 'BMD042608', 'Bravo, Marvin Dimaano', 'Technician I', 'N/A', 'Service', 'HEEC', 'Mandaluyong', 'user', '2008-04-26 00:00:00', NULL, '2025-09-10 08:34:40', NULL);
INSERT INTO `user_tb_backup` VALUES ('45', 'MGB042608', 'Maga, Gilbert Bautista', 'Service Technician', 'N/A', 'Service', 'HEEC', 'Mandaluyong', 'user', '2008-04-26 00:00:00', NULL, '2025-09-10 08:34:40', NULL);
INSERT INTO `user_tb_backup` VALUES ('46', 'VMC100308', 'Valerio, Marlon Cristobal', 'Service Coordinator', 'N/A', 'Service', 'HEEC', 'Mandaluyong', 'user', '2008-10-03 00:00:00', NULL, '2025-09-10 08:34:40', NULL);
INSERT INTO `user_tb_backup` VALUES ('47', 'UPC111208', 'Uy, Pinky Chua', 'Service Sales Coordinator', 'N/A', 'Service', 'HEEC', 'Mandaluyong', 'user', '2008-11-12 00:00:00', NULL, '2025-09-10 08:34:40', NULL);
INSERT INTO `user_tb_backup` VALUES ('48', 'AMJB112710', 'Afuang, Mark Jason Bendaña', 'Sr. Technical Engineering Supervisor', 'N/A', 'Service', 'HEEC', 'Mandaluyong', 'user', '2010-11-27 00:00:00', NULL, '2025-09-10 08:34:40', NULL);
INSERT INTO `user_tb_backup` VALUES ('49', 'JJM082611', 'Jamayo, Jerry', 'Maintenance Engineer', 'N/A', 'Service', 'HEEC', 'Iloilo', 'user', '2011-08-26 00:00:00', '2023-09-30', '2025-09-10 08:36:33', NULL);
INSERT INTO `user_tb_backup` VALUES ('50', 'ACA042015', 'Arsolon, Charlie Abecilla', 'Technician', 'N/A', 'Service', 'HEEC', 'Mandaluyong', 'user', '2015-04-20 00:00:00', NULL, '2025-09-10 08:36:33', NULL);
INSERT INTO `user_tb_backup` VALUES ('51', 'BJR051215', 'Begardon, Jose Rellores', 'Foreman', 'N/A', 'Operations', 'HEEC', 'Mandaluyong', 'user', '2015-05-12 00:00:00', NULL, '2025-09-10 08:36:33', NULL);
INSERT INTO `user_tb_backup` VALUES ('52', 'MRL100515', 'Manalo, Raymart Lagamia', 'Service Troubleshooting Supervisor', 'N/A', 'Service', 'HEEC', 'Mandaluyong', 'user', '2015-10-05 00:00:00', NULL, '2025-09-10 08:36:33', NULL);
INSERT INTO `user_tb_backup` VALUES ('53', 'FJA122015', 'Fugaban, Jolito Agub', 'EL/ES Technician', 'N/A', 'Service', 'HEEC', 'Mandaluyong', 'user', '2015-12-20 00:00:00', NULL, '2025-09-10 08:36:33', NULL);
INSERT INTO `user_tb_backup` VALUES ('54', 'MJL032816', 'Malonzo, John Robert Libardo', 'Sales Engr.', 'N/A', 'EL Sales', 'HEEC', 'Mandaluyong', 'user', '2016-03-28 00:00:00', NULL, '2025-09-10 08:36:33', NULL);
INSERT INTO `user_tb_backup` VALUES ('55', 'SMS042616', 'Sagun, Marc Joseph Socito', 'Service Technician', 'N/A', 'Service', 'HEEC', 'Mandaluyong', 'user', '2016-04-26 00:00:00', NULL, '2025-09-10 08:36:33', NULL);
INSERT INTO `user_tb_backup` VALUES ('56', 'AAM050416', 'Avila, Archie Miguel', 'Foreman', 'N/A', 'Operations', 'HEEC', 'Mandaluyong', 'user', '2016-05-04 00:00:00', NULL, '2025-09-10 08:36:33', NULL);
INSERT INTO `user_tb_backup` VALUES ('57', 'ABP0511162', 'Altura, Bernard', 'Jr. Service Engineer', 'N/A', 'Service', 'HEEC', 'Mandaluyong', 'user', '2016-05-11 00:00:00', '2023-02-10', '2025-09-10 08:36:33', NULL);
INSERT INTO `user_tb_backup` VALUES ('58', 'AJC090516', 'Arguelles, Juan Gerwin Capulso', 'Sr. Service Engineering Supervisor', 'N/A', 'Service', 'HEEC', 'Mandaluyong', 'user', '2016-09-05 00:00:00', NULL, '2025-09-10 08:36:33', NULL);
INSERT INTO `user_tb_backup` VALUES ('59', 'EJM092617', 'Escobar, Jonathan Millare', 'Foreman', 'N/A', 'Operations', 'HEEC', 'Mandaluyong', 'user', '2017-09-26 00:00:00', NULL, '2025-09-10 08:36:33', NULL);
INSERT INTO `user_tb_backup` VALUES ('60', 'BMB031218', 'Bernardo, Mary Rose Bautista', 'Sr. Accounting Specialist', 'N/A', 'Accounting', 'HEEC', 'Mandaluyong', 'user', '2018-03-12 00:00:00', NULL, '2025-09-10 08:36:33', NULL);
INSERT INTO `user_tb_backup` VALUES ('61', 'IRM060118', 'Infante, Rudy Magistrado', 'EL/ES Technician', 'N/A', 'Service', 'HEEC', 'Mandaluyong', 'user', '2018-06-01 00:00:00', NULL, '2025-09-10 08:36:33', NULL);
INSERT INTO `user_tb_backup` VALUES ('62', 'PEF062618', 'Pura, Eugene Floralde', 'Safety Officer', 'N/A', 'Operations', 'HEEC', 'Mandaluyong', 'user', '2018-06-26 00:00:00', NULL, '2025-09-10 08:36:33', NULL);
INSERT INTO `user_tb_backup` VALUES ('63', 'RNB090318', 'Rarugal, Nathaniel Baunsit', 'Jr. Sales Engineer', 'N/A', 'EL Sales', 'HEEC', 'Mandaluyong', 'user', '2018-09-03 00:00:00', NULL, '2025-09-10 08:36:33', NULL);
INSERT INTO `user_tb_backup` VALUES ('64', 'LPL102318', 'Lee, Paul Rosell', 'Jr. Service Engineer', 'N/A', 'Service', 'HEEC', 'Mandaluyong', 'user', '2018-10-23 00:00:00', '2023-03-27', '2025-09-10 08:36:33', NULL);
INSERT INTO `user_tb_backup` VALUES ('65', 'MJT010719', 'Mendoza, Jonathan Calixto Taña', 'Jr. Service Engineer', 'N/A', 'Service', 'HEEC', 'Mandaluyong', 'user', '2019-01-07 00:00:00', NULL, '2025-09-10 08:36:33', NULL);
INSERT INTO `user_tb_backup` VALUES ('66', 'BKV031819', 'Bernardino, Kristian Valencia', 'Jr. Service Engineer', 'N/A', 'Service', 'HEEC', 'Mandaluyong', 'user', '2019-03-18 00:00:00', NULL, '2025-09-10 08:36:33', NULL);
INSERT INTO `user_tb_backup` VALUES ('67', 'SRV062619', 'Soria, Rowell Vingno', 'Jr. Service Engineer', 'N/A', 'Service', 'HEEC', 'Mandaluyong', 'user', '2019-06-26 00:00:00', '2024-05-10', '2025-09-10 08:36:33', NULL);
INSERT INTO `user_tb_backup` VALUES ('68', 'SGG070419', 'Sael, Gerrine Galendez', 'Messenger/Collector', 'N/A', 'Accounting', 'HEEC', 'Mandaluyong', 'user', '2019-07-04 00:00:00', '2024-06-30', '2025-09-10 08:36:33', NULL);
INSERT INTO `user_tb_backup` VALUES ('69', 'DGM022620', 'De Ocampo, Gary Marqueses', 'Sales Admin', 'N/A', 'EL Sales', 'HEEC', 'Mandaluyong', 'user', '2020-02-26 00:00:00', NULL, '2025-09-10 08:36:33', NULL);
INSERT INTO `user_tb_backup` VALUES ('70', 'DAD022720', 'Delos Reyes, Andre Patrick Dela Cruz', 'Inventory Assistant', 'N/A', 'Accounting', 'HEEC', 'Mandaluyong', 'user', '2020-02-27 00:00:00', NULL, '2025-09-10 08:36:33', NULL);
INSERT INTO `user_tb_backup` VALUES ('71', 'KIC112320', 'Kalacas, Idriss Kyle', 'Jr. Service Engineer', 'N/A', 'Service', 'HEEC', 'Mandaluyong', 'user', '2020-11-23 00:00:00', '2023-03-04', '2025-09-10 08:36:33', NULL);
INSERT INTO `user_tb_backup` VALUES ('72', 'PIB121720', 'Pasculado, Jr., Isagani Bermudo', 'EL/ES Technician', 'N/A', 'Service', 'HEEC', 'Mandaluyong', 'user', '2020-12-17 00:00:00', NULL, '2025-09-10 08:36:33', NULL);
INSERT INTO `user_tb_backup` VALUES ('73', 'LJHB091421', 'Lawenko, Jose Hilario Berango', 'Sales Manager', 'N/A', 'EL Sales', 'HEEC', 'Mandaluyong', 'user', '2021-09-14 00:00:00', NULL, '2025-09-10 08:36:33', NULL);
INSERT INTO `user_tb_backup` VALUES ('74', 'MAM030122', 'Mallorca, Arjay', 'Operations Manager', 'N/A', 'Operations', 'HEEC', 'Mandaluyong', 'user', '2022-03-01 00:00:00', '2023-08-10', '2025-09-10 08:36:33', NULL);
INSERT INTO `user_tb_backup` VALUES ('75', 'MKC032222', 'Moreto, Kim Harold Cuevas', 'Jr. Service Engineer', 'N/A', 'Service', 'HEEC', 'Mandaluyong', 'user', '2022-03-22 00:00:00', NULL, '2025-09-10 08:36:33', NULL);
INSERT INTO `user_tb_backup` VALUES ('76', 'CJE041822', 'Colango, Jemuel Ian', 'Service Technician', 'N/A', 'Service', 'HEEC', 'Mandaluyong', 'user', '2022-04-18 00:00:00', '2022-12-28', '2025-09-10 08:36:33', NULL);
INSERT INTO `user_tb_backup` VALUES ('77', 'CEC041822', 'Cunanan, Ezequiel Sedgwig', 'Project Engineer / AutoCad Operator', 'N/A', 'Operations', 'HEEC', 'Mandaluyong', 'user', '2022-04-18 00:00:00', NULL, '2025-09-10 08:36:33', NULL);
INSERT INTO `user_tb_backup` VALUES ('78', 'PMF041822', 'Paragao, Mark Rolan', 'Jr. Service Engineer', 'N/A', 'Service', 'HEEC', 'Mandaluyong', 'user', '2022-04-18 00:00:00', '2023-02-03', '2025-09-10 08:36:33', NULL);
INSERT INTO `user_tb_backup` VALUES ('79', 'TJZ041822', 'Torres, Joshua', 'Service Technician', 'N/A', 'Service', 'HEEC', 'Mandaluyong', 'user', '2022-04-18 00:00:00', '2024-01-16', '2025-09-10 08:36:33', NULL);
INSERT INTO `user_tb_backup` VALUES ('80', 'MDT080222', 'Mamalayan, Danica Lyra Tiangco', 'Accounting Assistant', 'N/A', 'Accounting', 'HEEC', 'Mandaluyong', 'user', '2022-08-02 00:00:00', NULL, '2025-09-10 08:36:33', NULL);
INSERT INTO `user_tb_backup` VALUES ('81', 'CJD110222', 'Castro, Junith Donio', 'Jr. Service Engineer', 'N/A', 'Service', 'HEEC', 'Mandaluyong', 'user', '2022-11-02 00:00:00', NULL, '2025-09-10 08:36:33', NULL);
INSERT INTO `user_tb_backup` VALUES ('82', 'DZR022223', 'De Villa, Zionlee Zicri Raguro', 'Jr. Service Engineer', 'N/A', 'Service', 'HEEC', 'Mandaluyong', 'user', '2023-02-22 00:00:00', NULL, '2025-09-10 08:36:33', NULL);
INSERT INTO `user_tb_backup` VALUES ('83', 'YMM032123', 'Yniguez, Marco Vincent', 'Jr. Project Engineer / AutoCad Operator', 'N/A', 'Operations', 'HEEC', 'Mandaluyong', 'user', '2023-03-01 00:00:00', '2023-06-16', '2025-09-10 08:36:33', NULL);
INSERT INTO `user_tb_backup` VALUES ('84', 'YRV030623', 'Yulas, Ricky Voces', 'Jr. Service Engineer', 'N/A', 'Service', 'HEEC', 'Mandaluyong', 'user', '2023-03-06 00:00:00', NULL, '2025-09-10 08:36:33', NULL);
INSERT INTO `user_tb_backup` VALUES ('85', 'RMC032123', 'Rosales, Miguel Alfonso Constantino', 'Jr. Project Engineer/AutoCAD Operator', 'N/A', 'Operations', 'HEEC', 'Mandaluyong', 'user', '2023-03-21 00:00:00', NULL, '2025-09-10 08:39:55', NULL);
INSERT INTO `user_tb_backup` VALUES ('86', 'MDN032723', 'Melendres, Daniel Nocidal', 'Jr. Service Engineer', 'N/A', 'Service', 'HEEC', 'Mandaluyong', 'user', '2023-03-27 00:00:00', NULL, '2025-09-10 08:39:55', NULL);
INSERT INTO `user_tb_backup` VALUES ('87', 'DJA061323', 'Dellova, Jesse Lemuel', 'Jr. Testing & Commissioning Engineer', 'N/A', 'Testing & Commissioning', 'HEEC', 'Mandaluyong', 'user', '2023-06-13 00:00:00', '2024-02-14', '2025-09-10 08:39:55', NULL);
INSERT INTO `user_tb_backup` VALUES ('88', 'NWD071023', 'Natividad, Wilson Dulatre', 'Testing & Commissioning Sup/Project Engr.', 'N/A', 'Testing & Commissioning', 'HEEC', 'Mandaluyong', 'user', '2023-07-10 00:00:00', NULL, '2025-09-10 08:39:55', NULL);
INSERT INTO `user_tb_backup` VALUES ('89', 'BVG071823', 'Briones, Vince Joseph Gargoles', 'Jr. Service Engineer', 'N/A', 'Service', 'HEEC', 'Mandaluyong', 'user', '2023-07-18 00:00:00', NULL, '2025-09-10 08:39:55', NULL);
INSERT INTO `user_tb_backup` VALUES ('90', 'FMP071823', 'Francisco, Mark Gerald', 'Jr. Service Engineer', 'N/A', 'Service', 'HEEC', 'Mandaluyong', 'user', '2023-07-18 00:00:00', '2024-04-01', '2025-09-10 08:39:55', NULL);
INSERT INTO `user_tb_backup` VALUES ('91', 'BJB080123', 'Barrio, Jodiel', 'Jr. Project Engineer', 'N/A', 'Operations', 'HEEC', 'Mandaluyong', 'user', '2023-08-01 00:00:00', '2024-04-04', '2025-09-10 08:39:55', NULL);
INSERT INTO `user_tb_backup` VALUES ('92', 'MLD091323', 'Matavia, Lorenel Destriza', 'EL Installer', 'N/A', 'Operations', 'HEEC', 'Mandaluyong', 'user', '2023-09-13 00:00:00', NULL, '2025-09-10 08:39:55', NULL);
INSERT INTO `user_tb_backup` VALUES ('93', 'CGL101623', 'Caramat, Gabrielle Keneth Lim', 'Jr. Service Engineer', 'N/A', 'Service', 'HEEC', 'Mandaluyong', 'user', '2023-10-16 00:00:00', NULL, '2025-09-10 08:39:55', NULL);
INSERT INTO `user_tb_backup` VALUES ('94', 'EGB101623', 'Esquivel, Gerick Bayudang', 'Jr. Service Engineer', 'N/A', 'Service', 'HEEC', 'Mandaluyong', 'user', '2023-10-16 00:00:00', NULL, '2025-09-10 08:39:55', NULL);
INSERT INTO `user_tb_backup` VALUES ('95', 'LJL101623', 'Lunar, John Russell Lavarez', 'Jr. Testing & Commissioning Engineer', 'N/A', 'Testing & Commissioning', 'HEEC', 'Mandaluyong', 'user', '2023-10-16 00:00:00', NULL, '2025-09-10 08:39:55', NULL);
INSERT INTO `user_tb_backup` VALUES ('96', 'MVT101623', 'Mina, Vergilio', 'Jr. Testing & Commissioning Engineer', 'N/A', 'Testing & Commissioning', 'HEEC', 'Mandaluyong', 'user', '2023-10-16 00:00:00', '2024-02-24', '2025-09-10 08:39:55', NULL);
INSERT INTO `user_tb_backup` VALUES ('97', 'BMP111623', 'Bantog, Mark Anthony', 'EL Installer', 'N/A', 'Operations', 'HEEC', 'Mandaluyong', 'user', '2023-11-16 00:00:00', '2024-01-03', '2025-09-10 08:39:55', NULL);
INSERT INTO `user_tb_backup` VALUES ('98', 'NJA112023', 'Nabora, Jeffrey Altares', 'Service Technician', 'N/A', 'Operations', 'HEEC', 'Mandaluyong', 'user', '2023-11-20 00:00:00', NULL, '2025-09-10 08:39:55', NULL);
INSERT INTO `user_tb_backup` VALUES ('99', 'TVT040124', 'Tolentino, Van Dham Tolentino', 'Jr. Testing & Commissioning Engineer', 'N/A', 'Testing & Commissioning', 'HEEC', 'Mandaluyong', 'user', '2024-04-01 00:00:00', NULL, '2025-09-10 08:39:55', NULL);
INSERT INTO `user_tb_backup` VALUES ('100', 'CJD041124', 'Cordero, John Carl Victor De Asis', 'Sales Engineer', 'N/A', 'EL Sales', 'HEEC', 'Iloilo', 'user', '2024-04-11 00:00:00', NULL, '2025-09-10 08:39:55', NULL);
INSERT INTO `user_tb_backup` VALUES ('101', 'CRR041124', 'Cuyos, Renz Marion Rosell', 'Sales Engineer', 'N/A', 'EL Sales', 'HEEC', 'Cebu', 'user', '2024-04-11 00:00:00', NULL, '2025-09-10 08:39:55', NULL);
INSERT INTO `user_tb_backup` VALUES ('102', 'FEA090897', 'Fajardo, Edgar Angeles', 'Operations Manager', 'N/A', 'A/C Operations', 'HI-AIRE', 'Mandaluyong', 'user', '1997-09-08 00:00:00', NULL, '2025-09-10 08:39:55', NULL);
INSERT INTO `user_tb_backup` VALUES ('103', 'ONE091604', 'Olazo, Nelson Edang', 'A/C Leadman', 'N/A', 'A/C Operations', 'HI-AIRE', 'Mandaluyong', 'user', '2004-09-16 00:00:00', NULL, '2025-09-10 08:39:55', NULL);
INSERT INTO `user_tb_backup` VALUES ('104', 'MFI072805', 'Macaraig, Fortunato Ibon', 'Collector', 'N/A', 'Accounting', 'HI-AIRE', 'Mandaluyong', 'user', '2005-07-28 00:00:00', NULL, '2025-09-10 08:39:55', NULL);
INSERT INTO `user_tb_backup` VALUES ('105', 'SRJO110705', 'Sangil, Ronaldo Joseph Olayao', 'Sales Officer', 'N/A', 'A/C Sales', 'HI-AIRE', 'Mandaluyong', 'user', '2005-11-07 00:00:00', NULL, '2025-09-10 08:39:55', NULL);
INSERT INTO `user_tb_backup` VALUES ('106', 'MRL010606', 'Martin, Reynaldo Lumugdang', 'A/C Technician', 'N/A', 'A/C Service', 'HI-AIRE', 'Mandaluyong', 'user', '2006-01-06 00:00:00', NULL, '2025-09-10 08:39:55', NULL);
INSERT INTO `user_tb_backup` VALUES ('107', 'RWB020208', 'Relevo, Willy Barrios', 'Sr. Project Engineer I', 'N/A', 'A/C Operations', 'HI-AIRE', 'Mandaluyong', 'user', '2008-02-02 00:00:00', NULL, '2025-09-10 08:39:55', NULL);
INSERT INTO `user_tb_backup` VALUES ('108', 'DSD060609', 'Deuna, Sandy Deocareza', 'A/C Ductman/Fabricator', 'N/A', 'A/C Operations', 'HI-AIRE', 'Mandaluyong', 'user', '2009-06-06 00:00:00', NULL, '2025-09-10 08:39:55', NULL);
INSERT INTO `user_tb_backup` VALUES ('109', 'DMP091779', 'Diangson, Marivic Parilla', 'Corporate Secretary/Purchasing Manager', 'N/A', 'EO/Purchasing', 'HIMC', 'Mandaluyong', 'user', '1979-09-17 00:00:00', NULL, '2025-09-10 08:39:55', NULL);
INSERT INTO `user_tb_backup` VALUES ('110', 'HMJ080288', 'Hernandez, Marcelo Jabeguero', 'T & D Helper', 'N/A', 'Traffic', 'HIMC', 'Mandaluyong', 'user', '1988-08-02 00:00:00', NULL, '2025-09-10 08:39:55', NULL);
INSERT INTO `user_tb_backup` VALUES ('111', 'PJA020193', 'Pasumbal, Juliet Antonio', 'Executive Secretary/OIC Logistics', 'N/A', 'Executive Office', 'HIMC', 'Mandaluyong', 'user', '1993-02-01 00:00:00', NULL, '2025-09-10 08:39:55', NULL);
INSERT INTO `user_tb_backup` VALUES ('112', 'PCS040193', 'Phi, Christina Sy', 'Credit & Collection/Service Contracts & Parts Manager', 'N/A', 'Accounting', 'HIMC', 'Mandaluyong', 'user', '1993-04-01 00:00:00', NULL, '2025-09-10 08:39:55', NULL);
INSERT INTO `user_tb_backup` VALUES ('113', 'LJG040112', 'Lape, Josefina Geraldez', 'General Manager', 'N/A', 'HEEC Sales', 'HIMC', 'Mandaluyong', 'user', '1994-05-16 00:00:00', NULL, '2025-09-10 08:39:55', NULL);
INSERT INTO `user_tb_backup` VALUES ('114', 'PJM111695', 'PulumbariT, Jonah Mauricio', 'Sales Secretary', 'N/A', 'A/C Sales', 'HIMC', 'Mandaluyong', 'user', '1995-11-16 00:00:00', NULL, '2025-09-10 08:39:55', NULL);
INSERT INTO `user_tb_backup` VALUES ('115', 'UAR111696', 'Ubongen, Angel Rapadas', 'Warehouse Checker', 'N/A', 'Warehouse', 'HIMC', 'Taguig', 'user', '1996-11-16 00:00:00', NULL, '2025-09-10 08:39:55', NULL);
INSERT INTO `user_tb_backup` VALUES ('116', 'VNT061697', 'Vecina, Norman Tolidana', 'T & D Helper', 'N/A', 'Traffic', 'HIMC', 'MANDALUYONG', 'user', '1997-06-16 00:00:00', NULL, '2025-09-10 08:47:13', NULL);
INSERT INTO `user_tb_backup` VALUES ('117', 'BFD092199', 'Bo, Ferdinand Dacay', 'T & D Helper', 'N/A', 'Traffic', 'HIMC', 'MANDALUYONG', 'user', '1999-09-21 00:00:00', NULL, '2025-09-10 08:47:13', NULL);
INSERT INTO `user_tb_backup` VALUES ('118', 'RMP101299', 'Retuerma, Manuelito Padaon', 'T & D Driver', 'N/A', 'Traffic', 'HIMC', 'MANDALUYONG', 'user', '1999-10-12 00:00:00', NULL, '2025-09-10 08:47:13', NULL);
INSERT INTO `user_tb_backup` VALUES ('119', 'HADG100104', 'Hernandez, Ariel De Guzman', 'Warehouseman', 'N/A', 'Warehouse', 'HIMC', 'MANDALUYONG', 'user', '2004-10-01 00:00:00', NULL, '2025-09-10 08:47:13', NULL);
INSERT INTO `user_tb_backup` VALUES ('120', 'DGMD041105', 'Deles, Garry Melvin Diarota', 'Asst. Sales Manager', 'N/A', 'A/C Sales', 'HIMC', 'MANDALUYONG', 'user', '2005-04-11 00:00:00', NULL, '2025-09-10 08:47:13', NULL);
INSERT INTO `user_tb_backup` VALUES ('121', 'FMB041205', 'Francisco, Mel Burce', 'Forklift Operator', 'N/A', 'Warehouse', 'HIMC', 'TAGUIG', 'user', '2005-04-12 00:00:00', NULL, '2025-09-10 08:47:13', NULL);
INSERT INTO `user_tb_backup` VALUES ('122', 'RAM051305', 'Revilloza, Aristrothel Meron', 'T & D Driver', 'N/A', 'Traffic', 'HIMC', 'MANDALUYONG', 'user', '2005-05-13 00:00:00', NULL, '2025-09-10 08:47:13', NULL);
INSERT INTO `user_tb_backup` VALUES ('123', 'AGO112105', 'Adano, Gered Ombrog', 'T & D Driver', 'N/A', 'Traffic', 'HIMC', 'MANDALUYONG', 'user', '2005-11-21 00:00:00', NULL, '2025-09-10 08:47:13', NULL);
INSERT INTO `user_tb_backup` VALUES ('124', 'LCC111208', 'Labian, Cornelio Cabilin', 'T & D Driver', 'N/A', 'Traffic', 'HIMC', 'MANDALUYONG', 'user', '2008-11-12 00:00:00', NULL, '2025-09-10 08:47:13', NULL);
INSERT INTO `user_tb_backup` VALUES ('125', 'ALAP041309', 'Fabito, Leslie Ann Andrade', 'Purchasing Assistant', 'N/A', 'Purchasing', 'HIMC', 'MANDALUYONG', 'user', '2009-04-13 00:00:00', NULL, '2025-09-10 08:47:13', NULL);
INSERT INTO `user_tb_backup` VALUES ('126', 'AND012910', 'Apostol, Nenita Domdom', 'Credit & Collection Assistant', 'N/A', 'Accounting', 'HIMC', 'MANDALUYONG', 'user', '2010-01-29 00:00:00', NULL, '2025-09-10 08:47:13', NULL);
INSERT INTO `user_tb_backup` VALUES ('127', 'DEP021910', 'Cruz, Evangeline', 'Sales Engineer', 'N/A', 'Sales', 'HIMC', 'MANDALUYONG', 'user', '2010-02-19 00:00:00', '2023-09-25', '2025-09-10 08:47:13', NULL);
INSERT INTO `user_tb_backup` VALUES ('128', 'ACI022610', 'Torrejos, Christine Aguzar', 'HR Supervisor', 'N/A', 'HR/Admin', 'HIMC', 'MANDALUYONG', 'user', '2010-02-26 00:00:00', NULL, '2025-09-10 08:47:13', NULL);
INSERT INTO `user_tb_backup` VALUES ('129', 'ATC050413', 'Andag, Tracy Caballero', 'Accounting Assistant', 'N/A', 'Accounting', 'HIMC', 'MANDALUYONG', 'user', '2013-05-04 00:00:00', NULL, '2025-09-10 08:47:13', NULL);
INSERT INTO `user_tb_backup` VALUES ('130', 'FMG062413', 'Fusilero, Melvin Gustoir', 'Sr. A/C Design & Estimate Engineer', 'N/A', 'Engineering', 'HIMC', 'MANDALUYONG', 'user', '2013-06-24 00:00:00', NULL, '2025-09-10 08:47:13', NULL);
INSERT INTO `user_tb_backup` VALUES ('131', 'JCA052114', 'Javier, Cheryllyn Antalan', 'Credit & Collection Assistant', 'N/A', 'Accounting', 'HIMC', 'MANDALUYONG', 'user', '2014-05-21 00:00:00', NULL, '2025-09-10 08:47:13', NULL);
INSERT INTO `user_tb_backup` VALUES ('132', 'RDK081116', 'Refuerzo, Didith', 'Accounting Supervisor', 'N/A', 'Finance', 'HIMC', 'MANDALUYONG', 'user', '2016-08-11 00:00:00', '2023-05-03', '2025-09-10 08:47:13', NULL);
INSERT INTO `user_tb_backup` VALUES ('133', 'MRD101117', 'Molato, Rogy Dayo', 'A/C Leadman', 'N/A', 'A/C Operations', 'HIMC', 'MANDALUYONG', 'user', '2017-10-11 00:00:00', NULL, '2025-09-10 08:47:13', NULL);
INSERT INTO `user_tb_backup` VALUES ('134', 'PJC021918', 'Pascua, Jimmy Boy', 'AutoCad Operator', 'N/A', 'Engineering', 'HIMC', 'MANDALUYONG', 'user', '2018-02-19 00:00:00', '2023-06-10', '2025-09-10 08:47:13', NULL);
INSERT INTO `user_tb_backup` VALUES ('135', 'BMM060418', 'Baluyot, Mhon Azel Marquez', 'Warehouse Assistant', 'N/A', 'Warehouse', 'HIMC', 'MANDALUYONG', 'user', '2018-06-04 00:00:00', NULL, '2025-09-10 08:47:13', NULL);
INSERT INTO `user_tb_backup` VALUES ('136', 'DRR073018', 'Diaz, Rowelyn Requina', 'Accounting Assistant-AP', 'N/A', 'Accounting', 'HIMC', 'MANDALUYONG', 'user', '2018-07-30 00:00:00', NULL, '2025-09-10 08:47:13', NULL);
INSERT INTO `user_tb_backup` VALUES ('137', 'BAM090318', 'Bautista, Anne Grace Mabalot', 'HR Assistant', 'N/A', 'HR/Admin', 'HIMC', 'MANDALUYONG', 'user', '2018-09-03 00:00:00', NULL, '2025-09-10 08:47:13', NULL);
INSERT INTO `user_tb_backup` VALUES ('138', 'GJT100118', 'Gutierrez, Jamaica Tabile', 'General Accountant', 'N/A', 'Accounting', 'HIMC', 'MANDALUYONG', 'user', '2018-10-01 00:00:00', '2024-05-03', '2025-09-10 08:47:13', NULL);
INSERT INTO `user_tb_backup` VALUES ('139', 'GJC060719', 'Gayon, John Cedrick Coronacion', 'A/C Installer', 'N/A', 'A/C Operations', 'HIMC', 'MANDALUYONG', 'user', '2019-06-07 00:00:00', NULL, '2025-09-10 08:47:13', NULL);
INSERT INTO `user_tb_backup` VALUES ('140', 'MRM060719', 'Mahinay, Richard Mancao', 'A/C Installer', 'N/A', 'A/C Operations', 'HIMC', 'MANDALUYONG', 'user', '2019-06-07 00:00:00', NULL, '2025-09-10 08:47:13', NULL);
INSERT INTO `user_tb_backup` VALUES ('141', 'FEG062619', 'Laporie, Elyza Leah Fullente', 'Accounting Assistant', 'N/A', 'Accounting', 'HIMC', 'MANDALUYONG', 'user', '2019-06-26 00:00:00', '2024-02-29', '2025-09-10 08:47:13', NULL);
INSERT INTO `user_tb_backup` VALUES ('142', 'FWU070819', 'Fortuno, Whillem Usero', 'Purchasing Assistant', 'N/A', 'Purchasing', 'HIMC', 'MANDALUYONG', 'user', '2019-07-08 00:00:00', NULL, '2025-09-10 08:47:13', NULL);
INSERT INTO `user_tb_backup` VALUES ('143', 'DGB0041221', 'Derano, Gerry Berdera', 'Import Assistant', 'N/A', 'Import', 'HIMC', 'MANDALUYONG', 'user', '2021-04-12 00:00:00', NULL, '2025-09-10 08:47:13', NULL);
INSERT INTO `user_tb_backup` VALUES ('144', 'MG092021', 'Mainot, Genevieve', 'Office Assistant', 'N/A', 'Finance', 'HIMC', 'MANDALUYONG', 'user', '2021-09-20 00:00:00', '2023-07-07', '2025-09-10 08:47:13', NULL);
INSERT INTO `user_tb_backup` VALUES ('145', 'JJD101821', 'Jocson, John Jordan Dionisio', 'Jr. Project Engineer', 'N/A', 'A/C Operations', 'HIMC', 'MANDALUYONG', 'user', '2021-10-18 00:00:00', '2023-08-17', '2025-09-10 08:47:13', NULL);
INSERT INTO `user_tb_backup` VALUES ('146', 'RJF112521', 'Reyes, Jenica Fabricante', 'Receptionist/Purchasing Assistant', 'N/A', 'Purchasing', 'HIMC', 'MANDALUYONG', 'user', '2021-11-25 00:00:00', '2024-05-30', '2025-09-10 08:47:13', NULL);
INSERT INTO `user_tb_backup` VALUES ('147', 'DJL120921', 'De Alday, Jhonver', 'Jr. Sales Engineer', 'N/A', 'Sales', 'HIMC', 'MANDALUYONG', 'user', '2021-12-09 00:00:00', '2023-03-14', '2025-09-10 08:47:13', NULL);
INSERT INTO `user_tb_backup` VALUES ('148', 'EMT022322', 'Evardo, Marino Torrejas', 'Inventory Assistant', 'N/A', 'Accounting', 'HIMC', 'MANDALUYONG', 'user', '2022-02-23 00:00:00', NULL, '2025-09-10 08:47:13', NULL);
INSERT INTO `user_tb_backup` VALUES ('149', 'PFC041822', 'Pitogo, Frederick Cruz', 'T & D Driver', 'N/A', 'Traffic', 'HIMC', 'MANDALUYONG', 'user', '2022-04-18 00:00:00', NULL, '2025-09-10 08:47:13', NULL);
INSERT INTO `user_tb_backup` VALUES ('150', 'LRC052622', 'Lopez, Ryan Cuevas', 'A/C Installer', 'N/A', 'A/C Operations', 'HIMC', 'MANDALUYONG', 'user', '2022-05-26 00:00:00', NULL, '2025-09-10 08:47:13', NULL);
INSERT INTO `user_tb_backup` VALUES ('151', 'VAT052622', 'Villas, Amber Archie', 'AC Installer', 'N/A', 'Operations', 'HIMC', 'MANDALUYONG', 'user', '2022-05-26 00:00:00', '2024-01-08', '2025-09-10 08:47:13', NULL);
INSERT INTO `user_tb_backup` VALUES ('152', 'MJM032123', 'Moyo, John Albert Masayda', 'Jr. Sales Engineer 1', 'N/A', 'A/C Sales', 'HIMC', 'MANDALUYONG', 'user', '2023-03-21 00:00:00', NULL, '2025-09-10 08:47:13', NULL);
INSERT INTO `user_tb_backup` VALUES ('153', 'RPC062623', 'Rodriguez, Pauline Joy Catura', 'Office Assistant', 'N/A', 'Import', 'HIMC', 'MANDALUYONG', 'user', '2023-06-26 00:00:00', NULL, '2025-09-10 08:47:13', NULL);
INSERT INTO `user_tb_backup` VALUES ('154', 'DKM091923', 'Dela Cruz, Kim', 'AutoCad Operator', 'N/A', 'Engineering', 'HIMC', 'MANDALUYONG', 'user', '2023-09-09 00:00:00', '2024-01-31', '2025-09-10 08:47:13', NULL);
INSERT INTO `user_tb_backup` VALUES ('155', 'ARB091123', 'Arquiza, Ritchie Barreras', 'Logistic Assistant/Driver', 'N/A', 'Traffic', 'HIMC', 'MANDALUYONG', 'user', '2023-09-11 00:00:00', NULL, '2025-09-10 08:47:13', NULL);
INSERT INTO `user_tb_backup` VALUES ('156', 'DSD101123', 'De Leon, Sheyna April Dullano', 'Jr. Sales Engineer 1', 'N/A', 'A/C Sales', 'HIMC', 'MANDALUYONG', 'user', '2023-10-11 00:00:00', '2024-05-10', '2025-09-10 08:47:13', NULL);
INSERT INTO `user_tb_backup` VALUES ('157', 'JAC101123', 'Junio, Abegail Claro', 'Junior QA/QC Engineer', 'N/A', 'EL QA/QC', 'HIMC', 'MANDALUYONG', 'user', '2023-10-11 00:00:00', NULL, '2025-09-10 08:47:13', NULL);
INSERT INTO `user_tb_backup` VALUES ('158', 'GLF042224', 'Gonzales, Lovely Ness Fernandez', 'AutoCad Operator', 'N/A', 'Engineering', 'HIMC', 'MANDALUYONG', 'user', '2024-04-22 00:00:00', NULL, '2025-09-10 08:47:13', NULL);
INSERT INTO `user_tb_backup` VALUES ('159', 'GET110380', 'Guanzon, Elizabeth', 'Sales Secretary', 'N/A', 'Sales', 'HIMC', 'MANDALUYONG', 'user', '1980-11-03 00:00:00', '2014-03-25', '2025-09-10 08:56:05', NULL);
INSERT INTO `user_tb_backup` VALUES ('160', 'RFG102912', 'Reyes, Francis Jim', 'Sales Engineer', 'N/A', 'Sales', 'HIMC', 'MANDALUYONG', 'user', '2012-10-29 00:00:00', '2014-06-03', '2025-09-10 08:56:05', NULL);
INSERT INTO `user_tb_backup` VALUES ('161', 'PNE111109', 'Pedracio, Nieves', 'Accounting Supervisor', 'N/A', 'Finance', 'HIMC', 'MANDALUYONG', 'user', '2009-11-11 00:00:00', '2014-06-22', '2025-09-10 08:56:05', NULL);
INSERT INTO `user_tb_backup` VALUES ('162', 'TJA010709', 'Tam, Joseph', 'Messenger/Collector', 'N/A', 'Finance', 'HEEC', 'MANDALUYONG', 'user', '2009-01-07 00:00:00', '2013-07-08', '2025-09-10 08:56:05', NULL);
INSERT INTO `user_tb_backup` VALUES ('163', 'BWC112710', 'Bautista, William', 'Jr. Service Engineer', 'N/A', 'Service', 'HEEC', 'MANDALUYONG', 'user', '2010-11-27 00:00:00', '2013-08-23', '2025-09-10 08:56:05', NULL);
INSERT INTO `user_tb_backup` VALUES ('164', 'BMC061913', 'Bolleno, Madelle May', 'Receptionist/HR Assistant', 'N/A', 'HR', 'HIMC', 'MANDALUYONG', 'user', '2013-06-19 00:00:00', '2013-09-10', '2025-09-10 08:56:05', NULL);
INSERT INTO `user_tb_backup` VALUES ('165', 'VRJC091211', 'Villaruz, Ryan Jozef', 'Sales Engineer', 'sample@koppel.ph', 'Sales', 'HEEC', 'MANDALUYONG', 'user', '2025-09-10 11:06:43', '2013-11-30', '2025-09-10 08:56:05', NULL);
INSERT INTO `user_tb_backup` VALUES ('181', 'MAV071524', 'Angel Malazzab', 'Purchasing Assistant', 'N/A', 'Purchasing ', 'HIMC', 'MANDALUYONG', 'user', '2024-07-15 00:00:00', NULL, '2025-09-11 17:31:38', NULL);
INSERT INTO `user_tb_backup` VALUES ('182', '25-8230', 'Sander Mike Rondilla', 'Customer Support', 'N/A', 'Service', 'Koppel', 'Mandaluyong', 'user', '2025-09-12 07:50:36', NULL, '2025-09-12 07:47:57', NULL);
INSERT INTO `user_tb_backup` VALUES ('183', '34241', 'Laarni Pacayra', 'Customer Support', 'N/A', 'Service', 'Koppel', 'Mandaluyong', 'user', '2025-09-12 07:50:27', NULL, '2025-09-12 07:49:41', NULL);
INSERT INTO `user_tb_backup` VALUES ('184', 'QJT111323', 'Jane Quinquiño', 'Accounting Assistant', 'N/A', 'Accounting', 'Koppel', 'CDO', 'user', '2023-11-13 00:00:00', NULL, '2025-09-12 08:12:11', NULL);
INSERT INTO `user_tb_backup` VALUES ('185', 'CMR', 'Ralph Capinig', 'Digital Marketing', '-', 'Marketing', 'Koppel', 'Mandaluyong', 'user', '2024-10-14 00:00:00', NULL, '2025-09-15 07:42:44', NULL);
INSERT INTO `user_tb_backup` VALUES ('186', 'AGS102610', 'G Apura', 'Branch Sales Manager', '-', 'Sales', 'Koppel', 'Iloilo', 'user', '2010-10-26 00:00:00', NULL, '2025-09-15 08:45:12', NULL);
INSERT INTO `user_tb_backup` VALUES ('187', 'N/A', 'Alfonso Bleza', 'Corporate Attorney', '-', 'Legal', 'Koppel', 'Mandaluyong', 'user', '2025-09-15 10:07:47', NULL, '2025-09-15 10:07:47', NULL);
INSERT INTO `user_tb_backup` VALUES ('188', 'MRR071523', 'Rovic Macabalo', 'Technical Engineer', '-', 'Refrigeration', 'Koppel', 'Mandaluyong', 'user', '2023-07-15 00:00:00', NULL, '2025-09-16 09:46:18', NULL);
INSERT INTO `user_tb_backup` VALUES ('189', 'TEG091225', 'Earl Garret G. Tekiko', 'Design Engineer', '-', 'Refrigeration', 'Koppel', 'Mandaluyong', 'user', '2025-09-12 00:00:00', NULL, '2025-09-16 15:46:53', NULL);
INSERT INTO `user_tb_backup` VALUES ('190', 'N/A', 'Alvin Salazar', 'VRF Manager', '', 'VRF', 'Koppel', 'Mandaluyong', 'user', '2025-12-01 17:14:08', NULL, '2025-09-17 08:24:43', NULL);
INSERT INTO `user_tb_backup` VALUES ('191', 'N/A', 'Anna Marie Basa', 'Manager', '', 'CNC', 'Koppel', 'Mandaluyong', 'user', '2025-09-22 09:21:35', NULL, '2025-09-22 09:21:35', NULL);
INSERT INTO `user_tb_backup` VALUES ('192', 'N/A', 'Miguel Rosales', 'Design Engineer', '-', 'Elevators', 'HEEC', 'Mandaluyong', 'user', '2025-09-22 16:58:08', NULL, '2025-09-22 16:58:00', NULL);
INSERT INTO `user_tb_backup` VALUES ('193', 'N/A', 'Kimberly Yu', 'IT Director', 'kyu@koppel.ph', 'IT & Purchasing', 'Koppel', 'Mandaluyong', 'user', '2025-09-23 09:07:00', NULL, '2025-09-23 09:07:00', NULL);
INSERT INTO `user_tb_backup` VALUES ('194', 'N/A', 'Danica Villamor', 'N/A', '-', 'HI-AIRE', 'HI-AIRE', 'Mandaluyong', 'user', '2025-10-01 16:23:59', NULL, '2025-09-23 14:14:12', NULL);
INSERT INTO `user_tb_backup` VALUES ('195', 'DJT111109', 'JC Dacuycuy', 'Assistant Manager', '-', 'Sales', 'Koppel', 'Mandaluyong', 'user', '2009-11-11 00:00:00', NULL, '2025-09-24 08:51:44', NULL);
INSERT INTO `user_tb_backup` VALUES ('197', 'GWC-00005', 'Rosemarie Larana', 'Parts Admin', '-', 'Service', 'Koppel', 'Mandaluyong', 'user', '2025-10-15 00:00:00', NULL, '2025-09-29 09:13:41', NULL);
INSERT INTO `user_tb_backup` VALUES ('198', 'CGP102925', 'Gabriel Nikko Calabano', 'Parts Analyst', '-', 'Service', 'Koppel', 'Mandaluyong', 'user', '2025-10-29 00:00:00', NULL, '2025-09-29 09:14:13', NULL);
INSERT INTO `user_tb_backup` VALUES ('200', 'SCC051925', 'Cyrus Sacramento', 'Sales Engineer', '-', 'VRF-SPG', 'Koppel', 'Mandaluyong', 'user', '2025-05-19 00:00:00', NULL, '2025-09-29 17:52:42', NULL);
INSERT INTO `user_tb_backup` VALUES ('202', 'N/A', 'Alvin Salazar', 'VRF Manager', '-', 'VRF', 'Koppel', 'Mandaluyong', 'user', '2025-10-01 16:23:51', NULL, '2025-10-01 16:23:51', NULL);
INSERT INTO `user_tb_backup` VALUES ('203', 'N/A', 'Alex Ascano', 'VRF Senior Supervisor', '-', 'VRF', 'Koppel', 'Mandaluyong', 'user', '2025-10-01 16:24:40', NULL, '2025-10-01 16:24:40', NULL);
INSERT INTO `user_tb_backup` VALUES ('204', 'N/A', 'Dexter Asuncion', 'VRF Supervisor', '-', 'VRF', 'Koppel', 'Mandaluyong', 'user', '2025-10-01 16:25:16', NULL, '2025-10-01 16:25:16', NULL);
INSERT INTO `user_tb_backup` VALUES ('205', 'N/A', 'RB Agustin', 'HR Manager', 'ragustin@koppel.ph', 'HR', 'Koppel', 'Mandaluyong', 'user', '2025-10-07 08:31:15', NULL, '2025-10-07 08:31:15', NULL);
INSERT INTO `user_tb_backup` VALUES ('206', 'N/A', 'Sales Dept', 'Sales Dept', '-', 'Sales Dept', 'Koppel', 'Mandaluyong', 'user', '2025-10-07 15:54:38', NULL, '2025-10-07 15:51:58', NULL);
INSERT INTO `user_tb_backup` VALUES ('207', 'N/A', 'Cebu Branch', 'Cebu Branch', '-', 'Cebu Branch', 'Koppel', 'Cebu', 'user', '2025-10-07 16:16:53', NULL, '2025-10-07 15:54:27', NULL);
INSERT INTO `user_tb_backup` VALUES ('208', 'N/A', 'CNC Dept', 'CNC Dept', '-', 'CNC Dept', 'Koppel', 'Mandaluyong', 'user', '2025-10-07 15:54:58', NULL, '2025-10-07 15:54:58', NULL);
INSERT INTO `user_tb_backup` VALUES ('209', 'RPE052125', 'Paul Martin  Rimpillo', 'Purchasing Assistant', '-', 'Purchasing', 'Koppel', 'Mandaluyong', 'user', '2025-05-21 00:00:00', NULL, '2025-10-10 14:07:17', NULL);
INSERT INTO `user_tb_backup` VALUES ('211', 'NEB101325', 'Edmark B. Namoro', 'Application Engineer', '-', 'VRF-SPG', 'Koppel', 'Mandaluyong', 'user', '2025-10-13 00:00:00', NULL, '2025-10-13 08:53:01', NULL);
INSERT INTO `user_tb_backup` VALUES ('212', 'OMG111109', 'Michell Openano-Young', 'GMA Contractor Sales', 'mopenano@koppel.ph', 'Sales', 'Koppel', 'Mandaluyong', 'user', '2009-11-11 00:00:00', NULL, '2025-10-15 08:24:13', NULL);
INSERT INTO `user_tb_backup` VALUES ('213', 'RCC060925', 'Chris Rendon', 'Graphics Designer', 'artworks@koppel.ph', 'Marketing', 'Koppel', 'Mandaluyong', 'user', '2025-06-09 00:00:00', NULL, '2025-10-15 09:07:16', NULL);
INSERT INTO `user_tb_backup` VALUES ('214', 'PAL060115', 'Allan Jay L. Pedrosa', 'Sales Specialist', 'apedrosa@koppel.ph', 'Sales', 'Koppel', 'Davao', 'user', '2015-06-11 00:00:00', NULL, '2025-10-21 10:32:51', NULL);
INSERT INTO `user_tb_backup` VALUES ('215', 'N/A', 'Tere Coronado', 'Sales', 'tconorado@koppel.ph', 'Sales', 'Koppel', 'Mandaluyong', 'user', '2025-10-21 11:48:00', NULL, '2025-10-21 11:48:00', NULL);
INSERT INTO `user_tb_backup` VALUES ('216', 'N/A', 'Bryan Olano', 'Sales Specialist', 'bolano@koppel.ph', 'Sales', 'Koppel', 'Mandaluyong', 'user', '2025-10-22 15:05:52', NULL, '2025-10-22 15:05:52', NULL);
INSERT INTO `user_tb_backup` VALUES ('217', 'OZF110325', 'Zena F. Orinday', 'Assistant Manager', '', 'CNC Dept', 'Koppel', 'Mandaluyong', 'user', '2025-11-03 00:00:00', NULL, '2025-11-03 08:33:47', NULL);
INSERT INTO `user_tb_backup` VALUES ('218', 'N/A', 'QA/QC', 'QA/QC', '', 'Service', 'Koppel', 'Mandaluyong', 'user', '2025-06-03 00:00:00', NULL, '2025-11-13 13:53:52', NULL);
INSERT INTO `user_tb_backup` VALUES ('219', 'MAS051925', 'Allen Jacob Mandreza', 'Service Engineer - Central I', '', 'Service', 'Koppel', 'Mandaluyong', 'user', '2025-12-01 16:14:46', NULL, '2025-11-13 13:54:39', NULL);
INSERT INTO `user_tb_backup` VALUES ('220', 'N/A', 'Jona', 'Customer Support - Central', '', 'Service', 'Koppel', 'Mandaluyong', 'user', '2025-06-03 00:00:00', NULL, '2025-11-13 13:55:36', NULL);
INSERT INTO `user_tb_backup` VALUES ('221', 'N/A', 'Service Engineer - North', 'Service Engineer - North', '', 'Service', 'Koppel', 'Mandaluyong', 'user', '2025-11-13 13:56:10', NULL, '2025-11-13 13:55:55', NULL);
INSERT INTO `user_tb_backup` VALUES ('222', 'N/A', 'Service Engineer - South', 'Service Engineer - South', '', 'Service', 'Koppel', 'Mandaluyong', 'user', '2025-11-13 13:56:29', NULL, '2025-11-13 13:56:29', NULL);
INSERT INTO `user_tb_backup` VALUES ('223', 'N/A', 'Abby Mina', 'VRF ', '', 'VRF', 'Koppel', 'Mandaluyong', 'user', '2025-11-13 17:02:11', NULL, '2025-11-13 17:02:11', NULL);
INSERT INTO `user_tb_backup` VALUES ('224', 'BAR072623', 'Alessandra Nicole R. Biadoy', 'Accounting Analyst - AP', '', 'Accounting', 'Koppel', 'Mandaluyong', 'user', '2023-07-26 00:00:00', NULL, '2025-11-14 08:26:12', NULL);
INSERT INTO `user_tb_backup` VALUES ('225', 'IT101424', 'IT', 'IT Staff', 'acardeno@koppel.ph', 'IT Department', 'Koppel', 'Mandaluyong', 'admin', '2024-10-14 00:00:00', NULL, '2025-11-18 06:08:27', '$2y$10$tdo1Q0uLlToLqBUg/hsl5Oz8hxm2brzFKDofkQFKiO8/6..3JlPGm');
INSERT INTO `user_tb_backup` VALUES ('226', 'N/A', 'Nhing', 'Accounting ', '', 'Accounting ', 'Koppel', 'Mandaluyong', 'user', '2025-11-19 09:47:05', NULL, '2025-11-19 09:47:05', NULL);
INSERT INTO `user_tb_backup` VALUES ('227', 'N/A', 'Che Paala', 'HR', '', 'HR', 'Koppel', 'Canlubang', 'user', '2025-11-19 14:31:22', NULL, '2025-11-19 14:31:22', NULL);
INSERT INTO `user_tb_backup` VALUES ('228', 'MJL102124', 'Jaymilly Magpusao', 'Jr. Project Engineer', '', 'Service', 'HEEC', 'Mandaluyong', 'user', '2024-10-21 00:00:00', NULL, '2025-11-19 14:35:09', NULL);
INSERT INTO `user_tb_backup` VALUES ('229', 'N/A', 'Test', 'Test', '', 'IT Department', 'Koppel', 'Mandaluyong', 'user', '2025-11-19 15:28:49', NULL, '2025-11-19 15:28:49', NULL);
INSERT INTO `user_tb_backup` VALUES ('230', 'BMA102025 ', 'Mariah Kristelie A. Berdin ', 'Sales Engineer', '', 'Sales', 'Koppel', 'Mandaluyong', 'user', '2025-10-20 00:00:00', NULL, '2025-11-19 15:51:10', NULL);
INSERT INTO `user_tb_backup` VALUES ('231', 'N/A', 'Dexter Rivera', 'Service', '', 'Service', 'HI-AIRE', 'Mandaluyong', 'user', '2025-11-20 08:11:38', NULL, '2025-11-20 08:11:38', NULL);
INSERT INTO `user_tb_backup` VALUES ('232', 'N/A', 'RJ', 'Accounting', '', 'Accounting', 'Koppel', 'Mandaluyong', 'user', '2025-11-21 13:22:50', NULL, '2025-11-21 13:22:50', NULL);
INSERT INTO `user_tb_backup` VALUES ('233', 'NRC022624', 'Rio Navarro', 'Application Engineer', 'rnavarro@koppel.ph', 'VRF', 'Koppel', 'Mandaluyong', 'user', '2024-02-26 00:00:00', NULL, '2025-11-24 09:39:23', NULL);
INSERT INTO `user_tb_backup` VALUES ('234', 'N/A', 'Jayson Almadrones', 'N/A', '', 'Accounting', 'Koppel', 'Canlubang', 'user', '2025-11-27 08:19:30', NULL, '2025-11-24 10:40:52', NULL);
INSERT INTO `user_tb_backup` VALUES ('235', 'N/A', 'IT Dept', 'IT Dept', '', 'IT', 'Koppel', 'Mandaluyong', 'user', '2025-11-24 16:51:08', NULL, '2025-11-24 16:51:08', NULL);
INSERT INTO `user_tb_backup` VALUES ('238', 'N/A', 'Vilma', 'Accounting', '', 'Accounting', 'Koppel', 'Mandaluyong', 'user', '2025-11-28 11:09:51', NULL, '2025-11-28 11:09:51', NULL);
INSERT INTO `user_tb_backup` VALUES ('240', 'CR081825', 'Ryan Vincent Cuerdo', 'QA/QC Engineer', '', 'Service', 'Koppel', 'Mandaluyong', 'user', '2025-08-18 00:00:00', NULL, '2025-12-01 16:06:46', NULL);
INSERT INTO `user_tb_backup` VALUES ('241', 'MDD081825', 'Dominic Domingono Miranda', 'Service Engineer - North II', '', 'Service', 'Koppel', 'Mandaluyong', 'user', '2025-08-18 00:00:00', NULL, '2025-12-01 16:07:28', NULL);
INSERT INTO `user_tb_backup` VALUES ('243', 'SJ031124', 'John Eric Serrano', 'Service Engineer - North II', '', 'Service', 'Koppel', 'Mandaluyong', 'user', '2024-03-11 00:00:00', NULL, '2025-12-01 16:19:53', NULL);
INSERT INTO `user_tb_backup` VALUES ('244', 'BAC111423', 'Angelo Bendal', 'Service Engineer - Institutional', '', 'Service', 'Koppel', 'Mandaluyong', 'user', '2023-11-11 00:00:00', NULL, '2025-12-01 16:21:54', NULL);
INSERT INTO `user_tb_backup` VALUES ('247', 'VLC081325', 'Lenin Villarin', 'IT Assistant', '', 'IT Department', 'Koppel', 'Mandaluyong', 'user', '2025-08-13 00:00:00', NULL, '2025-12-01 16:35:36', NULL);
INSERT INTO `user_tb_backup` VALUES ('248', 'BNM041123', 'Buenaventura, Ninn M.', 'QA/QC Engineer', '', 'Service', 'Koppel', 'Mandaluyong', 'user', '2025-12-01 17:15:32', NULL, '2025-12-01 17:15:02', NULL);
INSERT INTO `user_tb_backup` VALUES ('249', 'LSS062325', 'Sergio Lopez,Jr', 'Service Engineer - Central II', '', 'Service', 'Koppel', 'Mandaluyong', 'user', '2025-06-23 00:00:00', NULL, '2025-12-01 17:33:42', NULL);
INSERT INTO `user_tb_backup` VALUES ('250', 'SNS090808', 'Sabanal, Neil Francis S', 'Parts Coordinator', '', 'Service', 'Koppel Inc.', 'Cebu', 'user', '2008-09-08 00:00:00', NULL, '2025-12-01 17:43:49', '');
INSERT INTO `user_tb_backup` VALUES ('251', 'NAA011113', 'Nuera, Adrian A', 'Aircon Technician', '', 'Service', 'Koppel Inc.', 'Mandaluyong', 'user', '2013-01-11 00:00:00', NULL, '2025-12-01 17:43:49', '');
INSERT INTO `user_tb_backup` VALUES ('252', 'LDM100714', 'Legutan, Dioniver M', 'Regional Service Supervisor', '', 'Service', 'Koppel Inc.', 'Cebu', 'user', '2014-10-07 00:00:00', NULL, '2025-12-01 17:43:49', '');
INSERT INTO `user_tb_backup` VALUES ('253', 'DSJ122615', 'Duldulao Jr., Rodolfo S', 'Field Inspector', '', 'Service', 'Koppel Inc.', 'Mandaluyong', 'user', '2015-12-26 00:00:00', NULL, '2025-12-01 17:43:49', '');
INSERT INTO `user_tb_backup` VALUES ('254', 'MAM122615', 'Mangrobang, Mirriam A', 'Service Manager', '', 'Service', 'Koppel Inc.', 'Mandaluyong', 'user', '2015-12-26 00:00:00', NULL, '2025-12-01 17:43:49', '');
INSERT INTO `user_tb_backup` VALUES ('255', 'VCJ122615', 'Vargas, Jeffrey C', 'Assistant Service Manager', '', 'Service', 'Koppel Inc.', 'Mandaluyong', 'user', '2015-12-26 00:00:00', NULL, '2025-12-01 17:43:49', '');
INSERT INTO `user_tb_backup` VALUES ('256', 'GAM022717', 'Garcia, Marlon A', 'Aircon Technician', '', 'Service', 'Koppel Inc.', 'Mandaluyong', 'user', '2017-02-27 00:00:00', '2020-11-19', '2025-12-01 17:43:49', '');
INSERT INTO `user_tb_backup` VALUES ('257', 'MJF022717', 'Mislang, Fernando J', 'Aircon Technician', '', 'Service', 'Koppel Inc.', 'Mandaluyong', 'user', '2017-02-27 00:00:00', '2022-01-01', '2025-12-01 17:43:49', '');
INSERT INTO `user_tb_backup` VALUES ('258', 'PUM022717', 'Panagsagan, Medel U', 'Aircon Technician', '', 'Service', 'Koppel Inc.', 'Mandaluyong', 'user', '2017-02-27 00:00:00', NULL, '2025-12-01 17:43:49', '');
INSERT INTO `user_tb_backup` VALUES ('259', 'BPK060117', 'Benjamin, Kathleen Grace P', 'Parts Analyst', '', 'Service', 'Koppel Inc.', 'Iloilo', 'user', '2017-06-01 00:00:00', NULL, '2025-12-01 17:43:49', '');
INSERT INTO `user_tb_backup` VALUES ('260', 'PEJ110617', 'Permaran, Rafael James E', 'Technical Engineer', '', 'Service', 'Koppel Inc.', 'Mandaluyong', 'user', '2017-11-06 00:00:00', '2021-03-05', '2025-12-01 17:43:49', '');
INSERT INTO `user_tb_backup` VALUES ('261', 'CMO010818', 'Capundag, Oliver M', 'Aircon Technician', '', 'Service', 'Koppel Inc.', 'Cebu', 'user', '2018-01-08 00:00:00', NULL, '2025-12-01 17:43:49', '');
INSERT INTO `user_tb_backup` VALUES ('262', 'VCR010818', 'Velasquez, Raul C', 'Aircon Technician', '', 'Service', 'Koppel Inc.', 'Cebu', 'user', '2018-01-08 00:00:00', NULL, '2025-12-01 17:43:49', '');
INSERT INTO `user_tb_backup` VALUES ('263', 'LCR070218', 'Luga, Ric Kevien Jay C', 'Service Engineer', '', 'Service', 'Koppel Inc.', 'Mandaluyong', 'user', '2018-07-02 00:00:00', '2020-12-29', '2025-12-01 17:43:49', '');
INSERT INTO `user_tb_backup` VALUES ('264', 'TTJ120418', 'Tabulinar, Jello T', 'Service Engineer', '', 'Service', 'Koppel Inc.', 'Iloilo', 'user', '2018-12-04 00:00:00', NULL, '2025-12-01 17:43:49', '');
INSERT INTO `user_tb_backup` VALUES ('265', 'PJM010719', 'Picson, Maria Nicole J', 'Cs Supervisor', '', 'Service', 'Koppel Inc.', 'Mandaluyong', 'user', '2019-01-07 00:00:00', '2023-06-25', '2025-12-01 17:43:49', '');
INSERT INTO `user_tb_backup` VALUES ('266', 'CON021119', 'Cruz, John Nikko O', 'Service Engineer', '', 'Service', 'Koppel Inc.', 'Mandaluyong', 'user', '2019-02-11 00:00:00', '2021-03-12', '2025-12-01 17:43:49', '');
INSERT INTO `user_tb_backup` VALUES ('267', 'MVJ031219', 'Moloboco, Jeremiah V', 'Service Engineer', '', 'Service', 'Koppel Inc.', 'Mandaluyong', 'user', '2019-03-12 00:00:00', '2021-10-22', '2025-12-01 17:43:49', '');
INSERT INTO `user_tb_backup` VALUES ('268', 'MAR032719', 'Magpatoc, Regie A', 'Aircon Technician', '', 'Service', 'Koppel Inc.', 'Cdo', 'user', '2019-03-27 00:00:00', '2021-04-23', '2025-12-01 17:43:49', '');
INSERT INTO `user_tb_backup` VALUES ('269', 'QTA050219', 'Quitco, Augusto T', 'Service Director', '', 'Service', 'Koppel Inc.', 'Mandaluyong', 'user', '2019-05-02 00:00:00', NULL, '2025-12-01 17:43:49', '');
INSERT INTO `user_tb_backup` VALUES ('270', 'TAJ052819', 'Timog, Jasper A', 'Technical Engineer', '', 'Service', 'Koppel Inc.', 'Mandaluyong', 'user', '2019-05-28 00:00:00', '2021-03-05', '2025-12-01 17:43:49', '');
INSERT INTO `user_tb_backup` VALUES ('271', 'GPA071519', 'Gallor, Warlito P', 'Service Engineer', '', 'Service', 'Koppel Inc.', 'Davao', 'user', '2019-07-15 00:00:00', '2021-08-06', '2025-12-01 17:43:49', '');
INSERT INTO `user_tb_backup` VALUES ('272', 'PGN071519', 'Patindol, Ronnie G', 'Aircon Technician', '', 'Service', 'Koppel Inc.', 'Davao', 'user', '2019-07-15 00:00:00', '2022-03-31', '2025-12-01 17:43:49', '');
INSERT INTO `user_tb_backup` VALUES ('273', 'TDR072319', 'Tocson, Remilyn D', 'Parts Analyst', '', 'Service', 'Koppel Inc.', 'Mandaluyong', 'user', '2019-07-23 00:00:00', '2021-05-28', '2025-12-01 17:43:49', '');
INSERT INTO `user_tb_backup` VALUES ('274', 'BNR082719', 'Bual, Richard N', 'Aircon Technician', '', 'Service', 'Koppel Inc.', 'Davao', 'user', '2019-08-27 00:00:00', '2023-09-30', '2025-12-01 17:43:49', '');
INSERT INTO `user_tb_backup` VALUES ('275', 'YBJ082819', 'Yasto, Jason Martin B', 'Service Engineer', '', 'Service', 'Koppel Inc.', 'Mandaluyong', 'user', '2019-08-28 00:00:00', '2021-03-07', '2025-12-01 17:43:49', '');
INSERT INTO `user_tb_backup` VALUES ('276', 'AGJ092319', 'Andrion, John Ray G', 'Service Engineer', '', 'Service', 'Koppel Inc.', 'Mandaluyong', 'user', '2019-09-23 00:00:00', '2022-02-18', '2025-12-01 17:43:49', '');
INSERT INTO `user_tb_backup` VALUES ('277', 'CPJ092319', 'Cali, Jonalyn P', 'Parts Analyst', '', 'Service', 'Koppel Inc.', 'Mandaluyong', 'user', '2019-09-23 00:00:00', '2021-12-16', '2025-12-01 17:43:49', '');
INSERT INTO `user_tb_backup` VALUES ('278', 'LRB101119', 'Llaneta, Bernard R', 'Parts Analyst', '', 'Service', 'Koppel Inc.', 'Mandaluyong', 'user', '2019-10-11 00:00:00', '2024-06-21', '2025-12-01 17:43:49', '');
INSERT INTO `user_tb_backup` VALUES ('279', 'SSF111119', 'Sobrepeña, Ferden S', 'Service Engineer', '', 'Service', 'Koppel Inc.', 'Davao', 'user', '2019-11-11 00:00:00', '2021-03-31', '2025-12-01 17:43:49', '');
INSERT INTO `user_tb_backup` VALUES ('280', 'ADP031620', 'Aquino, Paulo Delfin D', 'Service Engineer', '', 'Service', 'Koppel Inc.', 'Cebu', 'user', '2020-03-16 00:00:00', '2022-04-21', '2025-12-01 17:43:49', '');
INSERT INTO `user_tb_backup` VALUES ('281', 'AMM061620', 'Allecer, Sarah Mae M', 'Parts Analyst', '', 'Service', 'Koppel Inc.', 'Cdo', 'user', '2020-06-16 00:00:00', NULL, '2025-12-01 17:43:49', '');
INSERT INTO `user_tb_backup` VALUES ('282', 'EEE041921', 'Ebaldone, Deo E', 'Aircon Technician', '', 'Service', 'Koppel Inc.', 'Iloilo', 'user', '2021-04-19 00:00:00', NULL, '2025-12-01 17:43:49', '');
INSERT INTO `user_tb_backup` VALUES ('283', 'DQH050421', 'Del Mundo, Harold Q', 'Service Engineer', '', 'Service', 'Koppel Inc.', 'Mandaluyong', 'user', '2021-05-04 00:00:00', '2023-03-17', '2025-12-01 17:43:49', '');
INSERT INTO `user_tb_backup` VALUES ('284', 'RCJ050421', 'Realisan, Jabel Emerson C', 'Qa/Qc Service Engineer', '', 'Service', 'Koppel Inc.', 'Mandaluyong', 'user', '2021-05-04 00:00:00', '2021-11-03', '2025-12-01 17:43:49', '');
INSERT INTO `user_tb_backup` VALUES ('285', 'SMJ050421', 'Soriano, Jerome M', 'Service Engineer', '', 'Service', 'Koppel Inc.', 'Mandaluyong', 'user', '2021-05-04 00:00:00', '2022-05-04', '2025-12-01 17:43:49', '');
INSERT INTO `user_tb_backup` VALUES ('286', 'AIR051121', 'Aguila, Rayster I', 'Technical Engineer', '', 'Service', 'Koppel Inc.', 'Mandaluyong', 'user', '2021-05-11 00:00:00', '2023-03-21', '2025-12-01 17:43:49', '');
INSERT INTO `user_tb_backup` VALUES ('287', 'ODA051121', 'Opeña, Bernon Allen D', 'Technical Engineer', '', 'Service', 'Koppel Inc.', 'Mandaluyong', 'user', '2021-05-11 00:00:00', '2022-12-02', '2025-12-01 17:43:49', '');
INSERT INTO `user_tb_backup` VALUES ('288', 'CLE052621', 'Cagatin, Edmar Dave L', 'Service Engineer', '', 'Service', 'Koppel Inc.', 'Cdo', 'user', '2021-05-26 00:00:00', '2021-08-05', '2025-12-01 17:43:49', '');
INSERT INTO `user_tb_backup` VALUES ('289', 'BBC060121', 'BaldoVino, Carl Luis B', 'Service Engineer', '', 'Service', 'Koppel Inc.', 'Mandaluyong', 'user', '2021-06-01 00:00:00', '2022-03-11', '2025-12-01 17:43:49', '');
INSERT INTO `user_tb_backup` VALUES ('290', 'CAR071221', 'Caniban, Reyman A', 'Parts Analyst', '', 'Service', 'Koppel Inc.', 'Davao', 'user', '2021-07-12 00:00:00', '2021-09-17', '2025-12-01 17:43:49', '');
INSERT INTO `user_tb_backup` VALUES ('291', 'TSE071221', 'Tiongson, Elmar S', 'Parts Analyst', '', 'Service', 'Koppel Inc.', 'Mandaluyong', 'user', '2021-07-12 00:00:00', '2022-11-11', '2025-12-01 17:43:49', '');
INSERT INTO `user_tb_backup` VALUES ('292', 'BBJ091521', 'Bacaron, Jayvee B', 'Service Engineer', '', 'Service', 'Koppel Inc.', 'Davao', 'user', '2021-09-15 00:00:00', '2021-12-15', '2025-12-01 17:43:49', '');
INSERT INTO `user_tb_backup` VALUES ('293', 'KAJ102521', 'Kinakin, Jhon Lester A', 'Service Engineer', '', 'Service', 'Koppel Inc.', 'Cdo', 'user', '2021-10-25 00:00:00', '2022-03-07', '2025-12-01 17:43:49', '');
INSERT INTO `user_tb_backup` VALUES ('294', 'IGN102621', 'Inojales, Nephi Jether G', 'Parts Analyst', '', 'Service', 'Koppel Inc.', 'Davao', 'user', '2021-10-26 00:00:00', '2023-07-10', '2025-12-01 17:43:49', '');
INSERT INTO `user_tb_backup` VALUES ('295', 'HPJ010322', 'Hequibal, Ryan Jerameel P', 'Qa/Qc Engineer', '', 'Service', 'Koppel Inc.', 'Mandaluyong', 'user', '2022-01-03 00:00:00', '2024-01-15', '2025-12-01 17:43:49', '');
INSERT INTO `user_tb_backup` VALUES ('296', 'PDR010322', 'Petilo, Raymart D', 'Service Engineer', '', 'Service', 'Koppel Inc.', 'Mandaluyong', 'user', '2022-01-03 00:00:00', '2023-05-26', '2025-12-01 17:43:49', '');
INSERT INTO `user_tb_backup` VALUES ('297', 'SEJ010322', 'Sapungan, John Carlo E', 'Qa/Qc Engineer', '', 'Service', 'Koppel Inc.', 'Mandaluyong', 'user', '2022-01-03 00:00:00', '2023-10-31', '2025-12-01 17:43:49', '');
INSERT INTO `user_tb_backup` VALUES ('298', 'BGL022822', 'Bajao, Lebrando G', 'Aircon Technician', '', 'Service', 'Koppel Inc.', 'Cdo', 'user', '2022-02-28 00:00:00', '2024-01-15', '2025-12-01 17:43:49', '');
INSERT INTO `user_tb_backup` VALUES ('299', 'BCJ051222', 'Buccat, John Carl B', 'Service Manager', '', 'Service', 'Koppel Inc.', 'Mandaluyong', 'user', '2022-05-12 00:00:00', '2023-01-23', '2025-12-01 17:43:49', '');
INSERT INTO `user_tb_backup` VALUES ('300', 'MRJ053022', 'Relacion, John Paul M', 'Service Engineer', '', 'Service', 'Koppel Inc.', 'Cdo', 'user', '2022-05-30 00:00:00', '2024-05-17', '2025-12-01 17:43:49', '');
INSERT INTO `user_tb_backup` VALUES ('301', 'SCA062722', 'Sagay, Arjay C', 'Service Engineer', '', 'Service', 'Koppel Inc.', 'Mandaluyong', 'user', '2022-06-27 00:00:00', '2022-08-15', '2025-12-01 17:43:49', '');
INSERT INTO `user_tb_backup` VALUES ('302', 'TLJ062722', 'Tejada, Jan Marlou L', 'Service Engineer', '', 'Service', 'Koppel Inc.', 'Mandaluyong', 'user', '2022-06-27 00:00:00', '2022-09-01', '2025-12-01 17:43:49', '');
INSERT INTO `user_tb_backup` VALUES ('303', 'UGE070422', 'Untalan, Ericson G', 'Parts Analyst', '', 'Service', 'Koppel Inc.', 'Mandaluyong', 'user', '2022-07-04 00:00:00', NULL, '2025-12-01 17:43:49', '');
INSERT INTO `user_tb_backup` VALUES ('304', 'FTL091222', 'Flores, Lester T', 'Service Engineer', '', 'Service', 'Koppel Inc.', 'Mandaluyong', 'user', '2022-09-12 00:00:00', 'AWOL', '2025-12-01 17:43:49', '');
INSERT INTO `user_tb_backup` VALUES ('305', 'CHJ121222', 'Canela, Jeremy H', 'Technical Engineer', '', 'Service', 'Koppel Inc.', 'Mandaluyong', 'user', '2022-12-12 00:00:00', '2024-04-19', '2025-12-01 17:43:49', '');
INSERT INTO `user_tb_backup` VALUES ('306', 'LCF013023', 'Labian, Coleen Faye C', 'Parts Analyst', '', 'Service', 'Koppel Inc.', 'Mandaluyong', 'user', '2023-01-30 00:00:00', NULL, '2025-12-01 17:43:49', '');
INSERT INTO `user_tb_backup` VALUES ('307', 'RVM022023', 'Rocero, Mc Aldrine V', 'Parts Sales Staff', '', 'Service', 'Koppel Inc.', 'Mandaluyong', 'user', '2023-02-20 00:00:00', NULL, '2025-12-01 17:43:49', '');
INSERT INTO `user_tb_backup` VALUES ('308', 'BTZ022123', 'Bustamante, Adrian Zedrick T', 'Service Engineer', '', 'Service', 'Koppel Inc.', 'Mandaluyong', 'user', '2023-02-21 00:00:00', NULL, '2025-12-01 17:43:49', '');
INSERT INTO `user_tb_backup` VALUES ('309', 'DGJ030923', 'De Roxas, Joffrey G', 'Service Engineer', '', 'Service', 'Koppel Inc.', 'Mandaluyong', 'user', '2023-03-09 00:00:00', '2024-04-30', '2025-12-01 17:43:49', '');
INSERT INTO `user_tb_backup` VALUES ('310', 'BDE032023', 'Buena, Earl Joshua D', 'Service Engineer', '', 'Service', 'Koppel Inc.', 'Mandaluyong', 'user', '2023-03-20 00:00:00', NULL, '2025-12-01 17:43:49', '');
INSERT INTO `user_tb_backup` VALUES ('311', 'DLI040423', 'Dionela, Ivan L', 'Service Engineer', '', 'Service', 'Koppel Inc.', 'Mandaluyong', 'user', '2023-04-04 00:00:00', NULL, '2025-12-01 17:43:49', '');
INSERT INTO `user_tb_backup` VALUES ('312', 'BMN041123', 'Buenaventura, Ninn M', 'Qa/Qc Engineer', '', 'Service', 'Koppel Inc.', 'Mandaluyong', 'user', '2023-04-11 00:00:00', NULL, '2025-12-01 17:43:49', '');
INSERT INTO `user_tb_backup` VALUES ('313', 'CUJ042423', 'Calayag, Jeanelle U', 'Qa/Qc Engineer', '', 'Service', 'Koppel Inc.', 'Mandaluyong', 'user', '2023-04-24 00:00:00', '2024-06-21', '2025-12-01 17:43:49', '');
INSERT INTO `user_tb_backup` VALUES ('314', 'NLR080723', 'Naypa, Randie L', 'Service Technician', '', 'Service', 'Koppel Inc.', 'Davao', 'user', '2023-08-07 00:00:00', NULL, '2025-12-01 17:43:49', '');
INSERT INTO `user_tb_backup` VALUES ('315', 'LLK091223', 'Lumiares, Kerith Ravine L', 'Service Engineer', '', 'Service', 'Koppel Inc.', 'Davao', 'user', '2023-09-12 00:00:00', '2024-01-31', '2025-12-01 17:43:49', '');
INSERT INTO `user_tb_backup` VALUES ('316', 'ACE100223', 'Arbitrario, Elma C', 'Cs Supervisor', '', 'Service', 'Koppel Inc.', 'Mandaluyong', 'user', '2023-10-02 00:00:00', '2023-10-03', '2025-12-01 17:43:49', '');
INSERT INTO `user_tb_backup` VALUES ('317', 'BCA111423', 'Bendal, Angelo C', 'Service Engineer', '', 'Service', 'Koppel Inc.', 'Mandaluyong', 'user', '2023-11-14 00:00:00', NULL, '2025-12-01 17:43:49', '');
INSERT INTO `user_tb_backup` VALUES ('318', 'DCA111423', 'Domingo, Alvin C', 'Cs Supervisor', '', 'Service', 'Koppel Inc.', 'Mandaluyong', 'user', '2023-11-14 00:00:00', NULL, '2025-12-01 17:43:49', '');
INSERT INTO `user_tb_backup` VALUES ('319', 'LMJ030424', 'Ladion, John Roy M', 'Aircon Technician', '', 'Service', 'Koppel Inc.', 'Cdo', 'user', '2024-03-04 00:00:00', NULL, '2025-12-01 17:43:49', '');
INSERT INTO `user_tb_backup` VALUES ('320', 'SEJ031124', 'Serrano, John Eric', 'Service Engineer', '', 'Service', 'Koppel Inc.', 'Mandaluyong', 'user', '2024-03-11 00:00:00', NULL, '2025-12-01 17:43:49', '');
INSERT INTO `user_tb_backup` VALUES ('321', 'MBA040124', 'Malubay, Annika Cassandra B', 'Service Engineer', '', 'Service', 'Koppel Inc.', 'Mandaluyong', 'user', '2024-04-01 00:00:00', NULL, '2025-12-01 17:43:49', '');
INSERT INTO `user_tb_backup` VALUES ('322', 'DRM042524', 'Delos Reyes, Mae Lendl M', 'Technical Engineer', '', 'Service', 'Koppel Inc.', 'Mandaluyong', 'user', '2024-04-25 00:00:00', NULL, '2025-12-01 17:43:49', '');
INSERT INTO `user_tb_backup` VALUES ('323', 'MHH042524', 'Mag-Abo, Marlowe H', 'Service Engineer', '', 'Service', 'Koppel Inc.', 'Cdo', 'user', '2024-04-25 00:00:00', NULL, '2025-12-01 17:43:49', '');
INSERT INTO `user_tb_backup` VALUES ('324', 'SNS090808', 'Sabanal, Neil Francis S', 'Parts Coordinator', '', 'Service', 'Koppel Inc.', 'Cebu', 'user', '2008-09-08 00:00:00', NULL, '2025-12-01 17:43:50', '');
INSERT INTO `user_tb_backup` VALUES ('325', 'NAA011113', 'Nuera, Adrian A', 'Aircon Technician', '', 'Service', 'Koppel Inc.', 'Mandaluyong', 'user', '2013-01-11 00:00:00', NULL, '2025-12-01 17:43:50', '');
INSERT INTO `user_tb_backup` VALUES ('326', 'LDM100714', 'Legutan, Dioniver M', 'Regional Service Supervisor', '', 'Service', 'Koppel Inc.', 'Cebu', 'user', '2014-10-07 00:00:00', NULL, '2025-12-01 17:43:50', '');
INSERT INTO `user_tb_backup` VALUES ('327', 'DSJ122615', 'Duldulao Jr., Rodolfo S', 'Field Inspector', '', 'Service', 'Koppel Inc.', 'Mandaluyong', 'user', '2015-12-26 00:00:00', NULL, '2025-12-01 17:43:50', '');
INSERT INTO `user_tb_backup` VALUES ('328', 'MAM122615', 'Mangrobang, Mirriam A', 'Service Manager', '', 'Service', 'Koppel Inc.', 'Mandaluyong', 'user', '2015-12-26 00:00:00', NULL, '2025-12-01 17:43:50', '');
INSERT INTO `user_tb_backup` VALUES ('329', 'VCJ122615', 'Vargas, Jeffrey C', 'Assistant Service Manager', '', 'Service', 'Koppel Inc.', 'Mandaluyong', 'user', '2015-12-26 00:00:00', NULL, '2025-12-01 17:43:50', '');
INSERT INTO `user_tb_backup` VALUES ('330', 'GAM022717', 'Garcia, Marlon A', 'Aircon Technician', '', 'Service', 'Koppel Inc.', 'Mandaluyong', 'user', '2017-02-27 00:00:00', '2020-11-19', '2025-12-01 17:43:50', '');
INSERT INTO `user_tb_backup` VALUES ('331', 'MJF022717', 'Mislang, Fernando J', 'Aircon Technician', '', 'Service', 'Koppel Inc.', 'Mandaluyong', 'user', '2017-02-27 00:00:00', '2022-01-01', '2025-12-01 17:43:50', '');
INSERT INTO `user_tb_backup` VALUES ('332', 'PUM022717', 'Panagsagan, Medel U', 'Aircon Technician', '', 'Service', 'Koppel Inc.', 'Mandaluyong', 'user', '2017-02-27 00:00:00', NULL, '2025-12-01 17:43:50', '');
INSERT INTO `user_tb_backup` VALUES ('333', 'BPK060117', 'Benjamin, Kathleen Grace P', 'Parts Analyst', '', 'Service', 'Koppel Inc.', 'Iloilo', 'user', '2017-06-01 00:00:00', NULL, '2025-12-01 17:43:50', '');
INSERT INTO `user_tb_backup` VALUES ('334', 'PEJ110617', 'Permaran, Rafael James E', 'Technical Engineer', '', 'Service', 'Koppel Inc.', 'Mandaluyong', 'user', '2017-11-06 00:00:00', '2021-03-05', '2025-12-01 17:43:50', '');
INSERT INTO `user_tb_backup` VALUES ('335', 'CMO010818', 'Capundag, Oliver M', 'Aircon Technician', '', 'Service', 'Koppel Inc.', 'Cebu', 'user', '2018-01-08 00:00:00', NULL, '2025-12-01 17:43:50', '');
INSERT INTO `user_tb_backup` VALUES ('336', 'VCR010818', 'Velasquez, Raul C', 'Aircon Technician', '', 'Service', 'Koppel Inc.', 'Cebu', 'user', '2018-01-08 00:00:00', NULL, '2025-12-01 17:43:50', '');
INSERT INTO `user_tb_backup` VALUES ('337', 'LCR070218', 'Luga, Ric Kevien Jay C', 'Service Engineer', '', 'Service', 'Koppel Inc.', 'Mandaluyong', 'user', '2018-07-02 00:00:00', '2020-12-29', '2025-12-01 17:43:50', '');
INSERT INTO `user_tb_backup` VALUES ('338', 'TTJ120418', 'Tabulinar, Jello T', 'Service Engineer', '', 'Service', 'Koppel Inc.', 'Iloilo', 'user', '2018-12-04 00:00:00', NULL, '2025-12-01 17:43:50', '');
INSERT INTO `user_tb_backup` VALUES ('339', 'PJM010719', 'Picson, Maria Nicole J', 'Cs Supervisor', '', 'Service', 'Koppel Inc.', 'Mandaluyong', 'user', '2019-01-07 00:00:00', '2023-06-25', '2025-12-01 17:43:50', '');
INSERT INTO `user_tb_backup` VALUES ('340', 'CON021119', 'Cruz, John Nikko O', 'Service Engineer', '', 'Service', 'Koppel Inc.', 'Mandaluyong', 'user', '2019-02-11 00:00:00', '2021-03-12', '2025-12-01 17:43:50', '');
INSERT INTO `user_tb_backup` VALUES ('341', 'MVJ031219', 'Moloboco, Jeremiah V', 'Service Engineer', '', 'Service', 'Koppel Inc.', 'Mandaluyong', 'user', '2019-03-12 00:00:00', '2021-10-22', '2025-12-01 17:43:50', '');
INSERT INTO `user_tb_backup` VALUES ('342', 'MAR032719', 'Magpatoc, Regie A', 'Aircon Technician', '', 'Service', 'Koppel Inc.', 'Cdo', 'user', '2019-03-27 00:00:00', '2021-04-23', '2025-12-01 17:43:50', '');
INSERT INTO `user_tb_backup` VALUES ('343', 'QTA050219', 'Quitco, Augusto T', 'Service Director', '', 'Service', 'Koppel Inc.', 'Mandaluyong', 'user', '2019-05-02 00:00:00', NULL, '2025-12-01 17:43:50', '');
INSERT INTO `user_tb_backup` VALUES ('344', 'TAJ052819', 'Timog, Jasper A', 'Technical Engineer', '', 'Service', 'Koppel Inc.', 'Mandaluyong', 'user', '2019-05-28 00:00:00', '2021-03-05', '2025-12-01 17:43:50', '');
INSERT INTO `user_tb_backup` VALUES ('345', 'GPA071519', 'Gallor, Warlito P', 'Service Engineer', '', 'Service', 'Koppel Inc.', 'Davao', 'user', '2019-07-15 00:00:00', '2021-08-06', '2025-12-01 17:43:50', '');
INSERT INTO `user_tb_backup` VALUES ('346', 'PGN071519', 'Patindol, Ronnie G', 'Aircon Technician', '', 'Service', 'Koppel Inc.', 'Davao', 'user', '2019-07-15 00:00:00', '2022-03-31', '2025-12-01 17:43:50', '');
INSERT INTO `user_tb_backup` VALUES ('347', 'TDR072319', 'Tocson, Remilyn D', 'Parts Analyst', '', 'Service', 'Koppel Inc.', 'Mandaluyong', 'user', '2019-07-23 00:00:00', '2021-05-28', '2025-12-01 17:43:50', '');
INSERT INTO `user_tb_backup` VALUES ('348', 'BNR082719', 'Bual, Richard N', 'Aircon Technician', '', 'Service', 'Koppel Inc.', 'Davao', 'user', '2019-08-27 00:00:00', '2023-09-30', '2025-12-01 17:43:50', '');
INSERT INTO `user_tb_backup` VALUES ('349', 'YBJ082819', 'Yasto, Jason Martin B', 'Service Engineer', '', 'Service', 'Koppel Inc.', 'Mandaluyong', 'user', '2019-08-28 00:00:00', '2021-03-07', '2025-12-01 17:43:50', '');
INSERT INTO `user_tb_backup` VALUES ('350', 'AGJ092319', 'Andrion, John Ray G', 'Service Engineer', '', 'Service', 'Koppel Inc.', 'Mandaluyong', 'user', '2019-09-23 00:00:00', '2022-02-18', '2025-12-01 17:43:50', '');
INSERT INTO `user_tb_backup` VALUES ('351', 'CPJ092319', 'Cali, Jonalyn P', 'Parts Analyst', '', 'Service', 'Koppel Inc.', 'Mandaluyong', 'user', '2019-09-23 00:00:00', '2021-12-16', '2025-12-01 17:43:50', '');
INSERT INTO `user_tb_backup` VALUES ('352', 'LRB101119', 'Llaneta, Bernard R', 'Parts Analyst', '', 'Service', 'Koppel Inc.', 'Mandaluyong', 'user', '2019-10-11 00:00:00', '2024-06-21', '2025-12-01 17:43:50', '');
INSERT INTO `user_tb_backup` VALUES ('353', 'SSF111119', 'Sobrepeña, Ferden S', 'Service Engineer', '', 'Service', 'Koppel Inc.', 'Davao', 'user', '2019-11-11 00:00:00', '2021-03-31', '2025-12-01 17:43:50', '');
INSERT INTO `user_tb_backup` VALUES ('354', 'ADP031620', 'Aquino, Paulo Delfin D', 'Service Engineer', '', 'Service', 'Koppel Inc.', 'Cebu', 'user', '2020-03-16 00:00:00', '2022-04-21', '2025-12-01 17:43:50', '');
INSERT INTO `user_tb_backup` VALUES ('355', 'AMM061620', 'Allecer, Sarah Mae M', 'Parts Analyst', '', 'Service', 'Koppel Inc.', 'Cdo', 'user', '2020-06-16 00:00:00', NULL, '2025-12-01 17:43:50', '');
INSERT INTO `user_tb_backup` VALUES ('356', 'EEE041921', 'Ebaldone, Deo E', 'Aircon Technician', '', 'Service', 'Koppel Inc.', 'Iloilo', 'user', '2021-04-19 00:00:00', NULL, '2025-12-01 17:43:50', '');
INSERT INTO `user_tb_backup` VALUES ('357', 'DQH050421', 'Del Mundo, Harold Q', 'Service Engineer', '', 'Service', 'Koppel Inc.', 'Mandaluyong', 'user', '2021-05-04 00:00:00', '2023-03-17', '2025-12-01 17:43:50', '');
INSERT INTO `user_tb_backup` VALUES ('358', 'RCJ050421', 'Realisan, Jabel Emerson C', 'Qa/Qc Service Engineer', '', 'Service', 'Koppel Inc.', 'Mandaluyong', 'user', '2021-05-04 00:00:00', '2021-11-03', '2025-12-01 17:43:50', '');
INSERT INTO `user_tb_backup` VALUES ('359', 'SMJ050421', 'Soriano, Jerome M', 'Service Engineer', '', 'Service', 'Koppel Inc.', 'Mandaluyong', 'user', '2021-05-04 00:00:00', '2022-05-04', '2025-12-01 17:43:50', '');
INSERT INTO `user_tb_backup` VALUES ('360', 'AIR051121', 'Aguila, Rayster I', 'Technical Engineer', '', 'Service', 'Koppel Inc.', 'Mandaluyong', 'user', '2021-05-11 00:00:00', '2023-03-21', '2025-12-01 17:43:50', '');
INSERT INTO `user_tb_backup` VALUES ('361', 'ODA051121', 'Opeña, Bernon Allen D', 'Technical Engineer', '', 'Service', 'Koppel Inc.', 'Mandaluyong', 'user', '2021-05-11 00:00:00', '2022-12-02', '2025-12-01 17:43:50', '');
INSERT INTO `user_tb_backup` VALUES ('362', 'CLE052621', 'Cagatin, Edmar Dave L', 'Service Engineer', '', 'Service', 'Koppel Inc.', 'Cdo', 'user', '2021-05-26 00:00:00', '2021-08-05', '2025-12-01 17:43:50', '');
INSERT INTO `user_tb_backup` VALUES ('363', 'BBC060121', 'BaldoVino, Carl Luis B', 'Service Engineer', '', 'Service', 'Koppel Inc.', 'Mandaluyong', 'user', '2021-06-01 00:00:00', '2022-03-11', '2025-12-01 17:43:50', '');
INSERT INTO `user_tb_backup` VALUES ('364', 'CAR071221', 'Caniban, Reyman A', 'Parts Analyst', '', 'Service', 'Koppel Inc.', 'Davao', 'user', '2021-07-12 00:00:00', '2021-09-17', '2025-12-01 17:43:50', '');
INSERT INTO `user_tb_backup` VALUES ('365', 'TSE071221', 'Tiongson, Elmar S', 'Parts Analyst', '', 'Service', 'Koppel Inc.', 'Mandaluyong', 'user', '2021-07-12 00:00:00', '2022-11-11', '2025-12-01 17:43:50', '');
INSERT INTO `user_tb_backup` VALUES ('366', 'BBJ091521', 'Bacaron, Jayvee B', 'Service Engineer', '', 'Service', 'Koppel Inc.', 'Davao', 'user', '2021-09-15 00:00:00', '2021-12-15', '2025-12-01 17:43:50', '');
INSERT INTO `user_tb_backup` VALUES ('367', 'KAJ102521', 'Kinakin, Jhon Lester A', 'Service Engineer', '', 'Service', 'Koppel Inc.', 'Cdo', 'user', '2021-10-25 00:00:00', '2022-03-07', '2025-12-01 17:43:50', '');
INSERT INTO `user_tb_backup` VALUES ('368', 'IGN102621', 'Inojales, Nephi Jether G', 'Parts Analyst', '', 'Service', 'Koppel Inc.', 'Davao', 'user', '2021-10-26 00:00:00', '2023-07-10', '2025-12-01 17:43:50', '');
INSERT INTO `user_tb_backup` VALUES ('369', 'HPJ010322', 'Hequibal, Ryan Jerameel P', 'Qa/Qc Engineer', '', 'Service', 'Koppel Inc.', 'Mandaluyong', 'user', '2022-01-03 00:00:00', '2024-01-15', '2025-12-01 17:43:50', '');
INSERT INTO `user_tb_backup` VALUES ('370', 'PDR010322', 'Petilo, Raymart D', 'Service Engineer', '', 'Service', 'Koppel Inc.', 'Mandaluyong', 'user', '2022-01-03 00:00:00', '2023-05-26', '2025-12-01 17:43:50', '');
INSERT INTO `user_tb_backup` VALUES ('371', 'SEJ010322', 'Sapungan, John Carlo E', 'Qa/Qc Engineer', '', 'Service', 'Koppel Inc.', 'Mandaluyong', 'user', '2022-01-03 00:00:00', '2023-10-31', '2025-12-01 17:43:50', '');
INSERT INTO `user_tb_backup` VALUES ('372', 'BGL022822', 'Bajao, Lebrando G', 'Aircon Technician', '', 'Service', 'Koppel Inc.', 'Cdo', 'user', '2022-02-28 00:00:00', '2024-01-15', '2025-12-01 17:43:50', '');
INSERT INTO `user_tb_backup` VALUES ('373', 'BCJ051222', 'Buccat, John Carl B', 'Service Manager', '', 'Service', 'Koppel Inc.', 'Mandaluyong', 'user', '2022-05-12 00:00:00', '2023-01-23', '2025-12-01 17:43:50', '');
INSERT INTO `user_tb_backup` VALUES ('374', 'MRJ053022', 'Relacion, John Paul M', 'Service Engineer', '', 'Service', 'Koppel Inc.', 'Cdo', 'user', '2022-05-30 00:00:00', '2024-05-17', '2025-12-01 17:43:50', '');
INSERT INTO `user_tb_backup` VALUES ('375', 'SCA062722', 'Sagay, Arjay C', 'Service Engineer', '', 'Service', 'Koppel Inc.', 'Mandaluyong', 'user', '2022-06-27 00:00:00', '2022-08-15', '2025-12-01 17:43:50', '');
INSERT INTO `user_tb_backup` VALUES ('376', 'TLJ062722', 'Tejada, Jan Marlou L', 'Service Engineer', '', 'Service', 'Koppel Inc.', 'Mandaluyong', 'user', '2022-06-27 00:00:00', '2022-09-01', '2025-12-01 17:43:50', '');
INSERT INTO `user_tb_backup` VALUES ('377', 'UGE070422', 'Untalan, Ericson G', 'Parts Analyst', '', 'Service', 'Koppel Inc.', 'Mandaluyong', 'user', '2022-07-04 00:00:00', NULL, '2025-12-01 17:43:50', '');
INSERT INTO `user_tb_backup` VALUES ('378', 'FTL091222', 'Flores, Lester T', 'Service Engineer', '', 'Service', 'Koppel Inc.', 'Mandaluyong', 'user', '2022-09-12 00:00:00', 'AWOL', '2025-12-01 17:43:50', '');
INSERT INTO `user_tb_backup` VALUES ('379', 'CHJ121222', 'Canela, Jeremy H', 'Technical Engineer', '', 'Service', 'Koppel Inc.', 'Mandaluyong', 'user', '2022-12-12 00:00:00', '2024-04-19', '2025-12-01 17:43:50', '');
INSERT INTO `user_tb_backup` VALUES ('380', 'LCF013023', 'Labian, Coleen Faye C', 'Parts Analyst', '', 'Service', 'Koppel Inc.', 'Mandaluyong', 'user', '2023-01-30 00:00:00', NULL, '2025-12-01 17:43:50', '');
INSERT INTO `user_tb_backup` VALUES ('381', 'RVM022023', 'Rocero, Mc Aldrine V', 'Parts Sales Staff', '', 'Service', 'Koppel Inc.', 'Mandaluyong', 'user', '2023-02-20 00:00:00', NULL, '2025-12-01 17:43:50', '');
INSERT INTO `user_tb_backup` VALUES ('382', 'BTZ022123', 'Bustamante, Adrian Zedrick T', 'Service Engineer', '', 'Service', 'Koppel Inc.', 'Mandaluyong', 'user', '2023-02-21 00:00:00', NULL, '2025-12-01 17:43:50', '');
INSERT INTO `user_tb_backup` VALUES ('383', 'DGJ030923', 'De Roxas, Joffrey G', 'Service Engineer', '', 'Service', 'Koppel Inc.', 'Mandaluyong', 'user', '2023-03-09 00:00:00', '2024-04-30', '2025-12-01 17:43:50', '');
INSERT INTO `user_tb_backup` VALUES ('384', 'BDE032023', 'Buena, Earl Joshua D', 'Service Engineer', '', 'Service', 'Koppel Inc.', 'Mandaluyong', 'user', '2023-03-20 00:00:00', NULL, '2025-12-01 17:43:50', '');
INSERT INTO `user_tb_backup` VALUES ('385', 'DLI040423', 'Dionela, Ivan L', 'Service Engineer', '', 'Service', 'Koppel Inc.', 'Mandaluyong', 'user', '2023-04-04 00:00:00', NULL, '2025-12-01 17:43:50', '');
INSERT INTO `user_tb_backup` VALUES ('386', 'BMN041123', 'Buenaventura, Ninn M', 'Qa/Qc Engineer', '', 'Service', 'Koppel Inc.', 'Mandaluyong', 'user', '2023-04-11 00:00:00', NULL, '2025-12-01 17:43:50', '');
INSERT INTO `user_tb_backup` VALUES ('387', 'CUJ042423', 'Calayag, Jeanelle U', 'Qa/Qc Engineer', '', 'Service', 'Koppel Inc.', 'Mandaluyong', 'user', '2023-04-24 00:00:00', '2024-06-21', '2025-12-01 17:43:50', '');
INSERT INTO `user_tb_backup` VALUES ('388', 'NLR080723', 'Naypa, Randie L', 'Service Technician', '', 'Service', 'Koppel Inc.', 'Davao', 'user', '2023-08-07 00:00:00', NULL, '2025-12-01 17:43:50', '');
INSERT INTO `user_tb_backup` VALUES ('389', 'LLK091223', 'Lumiares, Kerith Ravine L', 'Service Engineer', '', 'Service', 'Koppel Inc.', 'Davao', 'user', '2023-09-12 00:00:00', '2024-01-31', '2025-12-01 17:43:50', '');
INSERT INTO `user_tb_backup` VALUES ('390', 'ACE100223', 'Arbitrario, Elma C', 'Cs Supervisor', '', 'Service', 'Koppel Inc.', 'Mandaluyong', 'user', '2023-10-02 00:00:00', '2023-10-03', '2025-12-01 17:43:50', '');
INSERT INTO `user_tb_backup` VALUES ('391', 'BCA111423', 'Bendal, Angelo C', 'Service Engineer', '', 'Service', 'Koppel Inc.', 'Mandaluyong', 'user', '2023-11-14 00:00:00', NULL, '2025-12-01 17:43:50', '');
INSERT INTO `user_tb_backup` VALUES ('392', 'DCA111423', 'Domingo, Alvin C', 'Cs Supervisor', '', 'Service', 'Koppel Inc.', 'Mandaluyong', 'user', '2023-11-14 00:00:00', NULL, '2025-12-01 17:43:50', '');
INSERT INTO `user_tb_backup` VALUES ('393', 'LMJ030424', 'Ladion, John Roy M', 'Aircon Technician', '', 'Service', 'Koppel Inc.', 'Cdo', 'user', '2024-03-04 00:00:00', NULL, '2025-12-01 17:43:50', '');
INSERT INTO `user_tb_backup` VALUES ('394', 'SEJ031124', 'Serrano, John Eric', 'Service Engineer', '', 'Service', 'Koppel Inc.', 'Mandaluyong', 'user', '2024-03-11 00:00:00', NULL, '2025-12-01 17:43:50', '');
INSERT INTO `user_tb_backup` VALUES ('395', 'MBA040124', 'Malubay, Annika Cassandra B', 'Service Engineer', '', 'Service', 'Koppel Inc.', 'Mandaluyong', 'user', '2024-04-01 00:00:00', NULL, '2025-12-01 17:43:50', '');
INSERT INTO `user_tb_backup` VALUES ('396', 'DRM042524', 'Delos Reyes, Mae Lendl M', 'Technical Engineer', '', 'Service', 'Koppel Inc.', 'Mandaluyong', 'user', '2024-04-25 00:00:00', NULL, '2025-12-01 17:43:50', '');
INSERT INTO `user_tb_backup` VALUES ('397', 'MHH042524', 'Mag-Abo, Marlowe H', 'Service Engineer', '', 'Service', 'Koppel Inc.', 'Cdo', 'user', '2024-04-25 00:00:00', NULL, '2025-12-01 17:43:50', '');


-- Backup completed successfully
