-- phpMyAdmin SQL Dump
-- version 5.2.1
-- https://www.phpmyadmin.net/
--
-- Host: 127.0.0.1
-- Generation Time: Mar 29, 2026 at 09:38 AM
-- Server version: 10.4.32-MariaDB
-- PHP Version: 8.2.12

SET SQL_MODE = "NO_AUTO_VALUE_ON_ZERO";
START TRANSACTION;
SET time_zone = "+00:00";


/*!40101 SET @OLD_CHARACTER_SET_CLIENT=@@CHARACTER_SET_CLIENT */;
/*!40101 SET @OLD_CHARACTER_SET_RESULTS=@@CHARACTER_SET_RESULTS */;
/*!40101 SET @OLD_COLLATION_CONNECTION=@@COLLATION_CONNECTION */;
/*!40101 SET NAMES utf8mb4 */;

--
-- Database: `inventory_db`
--

-- --------------------------------------------------------

--
-- Table structure for table `announcement_attachments`
--

CREATE TABLE `announcement_attachments` (
  `attachment_id` int(11) NOT NULL,
  `announcement_id` int(11) NOT NULL,
  `file_name` varchar(255) DEFAULT NULL,
  `file_path` varchar(255) DEFAULT NULL,
  `uploaded_at` timestamp NOT NULL DEFAULT current_timestamp()
) ENGINE=InnoDB DEFAULT CHARSET=utf8mb4 COLLATE=utf8mb4_general_ci;

--
-- Dumping data for table `announcement_attachments`
--

INSERT INTO `announcement_attachments` (`attachment_id`, `announcement_id`, `file_name`, `file_path`, `uploaded_at`) VALUES
(116, 35, '1772779072_0 - Copy.png', 'announcement/uploads/announcements/1774674839_1772779072_0 - Copy.png', '2026-03-28 05:13:59');

-- --------------------------------------------------------

--
-- Table structure for table `announcement_tb`
--

CREATE TABLE `announcement_tb` (
  `announcement_id` int(11) NOT NULL,
  `title` varchar(255) NOT NULL,
  `description` text NOT NULL,
  `remarks` varchar(255) DEFAULT NULL,
  `created_by` int(11) NOT NULL,
  `date_created` timestamp NOT NULL DEFAULT current_timestamp(),
  `date_updated` timestamp NOT NULL DEFAULT current_timestamp() ON UPDATE current_timestamp()
) ENGINE=InnoDB DEFAULT CHARSET=utf8mb4 COLLATE=utf8mb4_general_ci;

--
-- Dumping data for table `announcement_tb`
--

INSERT INTO `announcement_tb` (`announcement_id`, `title`, `description`, `remarks`, `created_by`, `date_created`, `date_updated`) VALUES
(35, 'Testing ', 'Lorem ipsum dolor sit amet, consectetur adipiscing elit, sed do eiusmod tempor incididunt ut labore et.', '', 446, '2026-03-28 05:13:59', '2026-03-28 05:13:59');

-- --------------------------------------------------------

--
-- Table structure for table `business_hours`
--

CREATE TABLE `business_hours` (
  `id` int(11) NOT NULL DEFAULT 1,
  `start_time` time NOT NULL DEFAULT '07:30:00',
  `end_time` time NOT NULL DEFAULT '18:00:00'
) ENGINE=InnoDB DEFAULT CHARSET=utf8mb4 COLLATE=utf8mb4_general_ci;

--
-- Dumping data for table `business_hours`
--

INSERT INTO `business_hours` (`id`, `start_time`, `end_time`) VALUES
(1, '07:30:00', '18:00:00');

-- --------------------------------------------------------

--
-- Table structure for table `credential_tb`
--

CREATE TABLE `credential_tb` (
  `cred_id` int(11) NOT NULL,
  `system` varchar(150) NOT NULL,
  `description` varchar(255) NOT NULL,
  `url_link` text NOT NULL,
  `username` varchar(150) NOT NULL,
  `password` varchar(255) NOT NULL,
  `recovery_email` varchar(150) NOT NULL,
  `remarks` varchar(255) NOT NULL,
  `date_created` timestamp NOT NULL DEFAULT current_timestamp(),
  `date_updated` timestamp NOT NULL DEFAULT current_timestamp(),
  `updated_by` int(11) NOT NULL
) ENGINE=InnoDB DEFAULT CHARSET=utf8mb4 COLLATE=utf8mb4_general_ci;

--
-- Dumping data for table `credential_tb`
--

INSERT INTO `credential_tb` (`cred_id`, `system`, `description`, `url_link`, `username`, `password`, `recovery_email`, `remarks`, `date_created`, `date_updated`, `updated_by`) VALUES
(1, 'HR PRINTER (CANLUBANG)', 'HR PRINTER (CANLUBANG)', '10.133.2.155', 'n/a', 'JSfFMgNd', 'n/a', 'Canon GM2070', '2026-02-20 04:13:21', '2026-02-20 04:13:21', 446),
(2, 'WAREHOUSE PRINTER (CANLUBANG)', 'WAREHOUSE PRINTER (CANLUBANG)', '10.133.50.73', 'n/a', 'krtnDchM', 'n/a', 'Canon GM2070 shared from PC of Ms. Marj.', '2026-02-20 04:13:21', '2026-02-20 04:13:21', 446),
(3, 'PRODUCTION PRINTER (CANLUBANG)', 'PRODUCTION PRINTER (CANLUBANG)', '10.133.50.90', 'n/a', '4ASoRnss', 'n/a', 'Canon GM2070', '2026-02-20 04:13:21', '2026-02-20 04:13:21', 446),
(4, 'NAS Shared File Server', 'NAS Shared File Server ', '115.88.10.11', 'alazares', 's3cur1ty', 'n/a', 'Located at 2nd floor server room.', '2026-02-20 04:13:21', '2026-02-19 23:44:18', 445),
(5, 'NAS Shared File Server', 'NAS Shared File Server', '115.88.0.3', 'ITadmin', 'P0w3rful', 'n/a', 'Located at 2nd floor server room.', '2026-02-20 04:13:21', '2026-02-19 23:43:42', 445),
(14, 'SAP C4C', ' SAP C4C ADMIN', 'https://my344235.crm.ondemand.com/sap/ap/ui/clogin?saml2=disabled&app.component=%2fSAP_UI_CT%2fMain%2froot.uiccwoc&rootWindow=X&redirectUrl=%2fsap%2fpublic%2fbyd%2fruntime&sap-ui-language=en_us&supressAutoLogon=true', 'serviceadmin', 'R11JUXUaTo', 'n/a', '', '2026-02-20 06:42:39', '2026-03-10 22:55:45', 444),
(15, 'NAS Shared File Server', 'Canlubang NAS Shared File Server ', '10.133.4.3', '10.133.4.3', 'R11JUXUaTo', 'n/a', '', '2026-02-20 06:45:09', '2026-02-19 23:45:09', 445),
(16, 'nas NAS Shared File Server ', 'Sucat NAS Shared File Server ', '10.133.50.81', 'administrator', 's3cur1tyP@ssw0rd', 'n/a', '', '2026-02-20 06:45:53', '2026-02-19 23:45:53', 445),
(17, 'SAP B1 SERVER', 'SAP B1 SERVER V10', '115.88.10.51', 'administrator', 's3cur1tyPassw0rd78832020', 'n/a', '', '2026-02-20 06:46:28', '2026-02-19 23:47:38', 445),
(18, 'SAP B1 SERVER', 'SAP B1 OLD SERVER', '115.88.10.47', 'administrator', 's3cur1tyPassw0rd78832025', 'n/a', '', '2026-02-20 06:47:10', '2026-02-19 23:47:44', 445),
(19, 'SAP B1 ', 'ADMIN ACCOUNT APP', 'SAP B1 APPLICATION', 'admin ', '6969', 'n/a', '', '2026-02-20 06:48:29', '2026-02-19 23:48:29', 445),
(20, 'Solus', 'Solus Database', 'http://support.koppel.ph/phpmyadmin/index.php', 'koppel', 'NINZAcoder$100', 'n/a', '', '2026-02-20 06:49:00', '2026-02-19 23:49:00', 445),
(21, 'IP PBX', 'GRANDSTEAM IP PBX KOPPEL', 'https://192.168.0.15:8091', 'Koppel', 'K!ngofheart', 'n/a', '', '2026-02-20 06:50:37', '2026-02-19 23:50:37', 445),
(22, 'IP PBX', 'GRANDSTEAM IP PBX OLD HYATT', 'https://192.168.0.9:8091', 'Koppel', 'K!ngofheart', 'n/a', '', '2026-02-20 06:51:05', '2026-02-19 23:51:05', 445),
(23, 'Email Server', 'MXROUTE EMAIL SERVER', 'https://glacier.mxrouting.net:2222/evo/login', 'koppelph', 'q0J2X%|Am=JU', 'n/a', '', '2026-02-20 06:53:35', '2026-02-19 23:53:35', 446),
(24, 'EMAIL SUPPORT', 'EMAIL TICKETING SUPPORT', 'https://accounts.mxroute.com/index.php?/tickets/new/&dept_id=13', 'kimkimyu@yahoo.com', 'hiKoppel88!!', 'n/a', '', '2026-02-20 06:55:09', '2026-02-20 00:00:48', 446),
(25, 'SOLUS', 'SOLUS PRODUCT LIST', 'https://docs.google.com/spreadsheets/d/1hxVYQRKaKONSTJfamCnLXZlUsn4UYC_r/edit?gid=1731963819#gid=1731963819', 'kopwebminar@gmail.com', 'K0pp3lP@ssw0rd', 'n/a', '', '2026-02-20 06:56:12', '2026-02-19 23:56:12', 446),
(26, 'Trend Micro', 'APEX ONE Trend Micro ', 'https://signin.v1.trendmicro.com/#/', 'it@koppel.ph', '@p3x0n3_K0p3L', 'n/a', '', '2026-02-20 06:56:43', '2026-02-20 00:01:22', 446),
(27, 'Digital Ocean', 'Digital Ocean', 'https://cloud.digitalocean.com/login', 'sudsserver@koppel.ph', 's3cur1tyPassw0rd78832026', 'n/a', '', '2026-02-20 06:57:06', '2026-02-20 00:00:57', 446),
(28, 'MXROUTE EMAIL ADMIN SERVER', 'MXROUTE EMAIL SERVER TICKETING', 'https://management.mxroute.com/tickets', 'kimkim_yu@yahoo.com', 'hiKoppel88!!', 'n/a', '', '2026-02-23 06:28:30', '2026-02-22 23:28:30', 446),
(29, 'Epson Portal', 'Account of koppel printer registration', 'https://my.epson.com.ph/s/login/?language=en_US', 'itsupervisor@koppel.ph', 'koppel_s3cur1ty', 'itsupervisor@koppel.ph', '', '2026-02-23 06:45:22', '2026-02-24 20:18:13', 446),
(30, 'Jibble', 'Jibble for Diser ', 'https://web.jibble.io/get-started', 'it@koppel.ph', 's3cur1ty', 'n/a', '', '2026-02-25 06:47:30', '2026-02-24 23:47:30', 446),
(31, 'CCTV Server', 'HR CCTV Server Monitoring', '115.88.100.48, E0-D5-5E-46-C3-B6', 'Koppel', 's3cur1ty', 'na', '', '2026-03-03 05:44:17', '2026-03-02 22:45:12', 446),
(32, 'Whitelisting Email', 'Whitelisting Email', 'https://esf.mxroute.com/', '-', '-', '-', '', '2026-03-04 03:10:22', '2026-03-03 20:10:22', 446),
(33, 'Koppel Website (Wordpress)', 'Admin Lenin', 'https://koppel.ph/wp-admin/edit.php?post_type=page ', 'admin5', 'Avj)E7c0(1fgjh9G*%Yx%Kvo', 'it@koppel.ph', '', '2026-03-04 04:01:59', '2026-03-03 21:04:55', 446),
(34, 'Koppel Website (Wordpress)', 'Wordpress Admin', 'https://koppel.ph/wp-admin/edit.php?post_type=page ', ' admin', '@quSDz$B7l0P', 'it@koppel.ph', '', '2026-03-04 04:03:56', '2026-03-03 21:05:08', 446),
(35, 'DNS Cheker', 'DNS Cheker', 'https://dnschecker.org/ip-blacklist-checker.php', '-', '-', '', '', '2026-03-06 05:19:36', '2026-03-05 22:21:32', 446),
(48, 'Omada Controller', 'Sucat WHSE Omada Controller', 'https://id.tplinkcloud.com/#/login?session_code=7F138100CCAC4EC9BE8CA64CD8BE3C3A', 'kflores@koppel.ph', 'omad@_s3cur1ty!', '', '', '2026-03-12 01:09:49', '2026-03-11 18:09:49', 446);

-- --------------------------------------------------------

--
-- Table structure for table `desktop_area_tb`
--

CREATE TABLE `desktop_area_tb` (
  `desktop_area_id` int(11) NOT NULL,
  `area` varchar(100) NOT NULL,
  `date_created` timestamp NOT NULL DEFAULT current_timestamp(),
  `date_updated` timestamp NOT NULL DEFAULT current_timestamp() ON UPDATE current_timestamp()
) ENGINE=InnoDB DEFAULT CHARSET=utf8mb4 COLLATE=utf8mb4_general_ci;

--
-- Dumping data for table `desktop_area_tb`
--

INSERT INTO `desktop_area_tb` (`desktop_area_id`, `area`, `date_created`, `date_updated`) VALUES
(1, 'Koppel', '2026-01-24 03:30:58', '2026-01-24 03:30:58'),
(2, 'Canlubang Warehouse', '2026-01-24 03:30:58', '2026-01-24 03:30:58'),
(3, 'Sucat Warehouse', '2026-01-24 03:30:58', '2026-01-24 03:30:58'),
(4, 'Tarlac Warehouse', '2026-01-24 03:30:58', '2026-01-24 03:30:58'),
(5, 'HIMC', '2026-01-24 03:30:58', '2026-01-24 03:30:58'),
(6, 'HEEC', '2026-01-24 03:30:58', '2026-01-24 03:30:58'),
(7, 'HIAIRE', '2026-01-24 03:30:58', '2026-01-24 03:30:58');

-- --------------------------------------------------------

--
-- Table structure for table `desktop_tb`
--

CREATE TABLE `desktop_tb` (
  `desktop_id` int(11) NOT NULL,
  `cpu` varchar(255) DEFAULT NULL,
  `ram` varchar(255) DEFAULT NULL,
  `rom_w_serial` varchar(255) DEFAULT NULL,
  `motherboard` varchar(255) DEFAULT NULL,
  `monitor_w_serial` varchar(255) DEFAULT NULL,
  `avr` varchar(255) DEFAULT NULL,
  `mouse` varchar(255) DEFAULT NULL,
  `keyboard` varchar(255) DEFAULT NULL,
  `ip_address` varchar(15) DEFAULT NULL,
  `mac_address` varchar(17) DEFAULT NULL,
  `computer_name` varchar(255) DEFAULT NULL,
  `windows_key` varchar(255) DEFAULT NULL,
  `antivirus` varchar(255) DEFAULT NULL,
  `tag_number` varchar(255) DEFAULT NULL,
  `desktop_area_id` int(11) DEFAULT NULL,
  `remarks` text DEFAULT NULL,
  `date_created` datetime DEFAULT current_timestamp()
) ENGINE=InnoDB DEFAULT CHARSET=utf8mb4 COLLATE=utf8mb4_general_ci;

--
-- Dumping data for table `desktop_tb`
--

INSERT INTO `desktop_tb` (`desktop_id`, `cpu`, `ram`, `rom_w_serial`, `motherboard`, `monitor_w_serial`, `avr`, `mouse`, `keyboard`, `ip_address`, `mac_address`, `computer_name`, `windows_key`, `antivirus`, `tag_number`, `desktop_area_id`, `remarks`, `date_created`) VALUES
(1, 'Intel(R) Pentium(R) CPU G4600 @ 3.60GHz', '8GB RAM DDR4 2133 MHZ', '239 GB SSD Apacer AS350,\r\nSN: 142213206819;\r\n466 GB HDD ST500DM009-2F110A,', 'GIGABYTE H110M-H', 'AOC MONITOR\r\nSN: AQLK91A000236\r\nTAG: MNTR001', 'SECURE', 'A4TECH MOUSE', 'RAPOO KEYBOARD', '115.88.0.234', 'E0-D5-5E-46-C2-ED', 'SERVICE-RYAN', 'WIN10 PRO 64 BIT - N/A', 'YES', 'DS3002', 1, '', '2025-11-25 14:31:26'),
(2, 'AMD Ryzen 3 PRO 4350G with Radeon Graphics   3.80 GHz', '8GB RAM DDR4 2667 MHZ', '500 GB SSD HP SSD\r\nSN: HASA3314031587', 'MSI A320M-A PRO', '\"NVISION MONITOR\r\nSN: N185VL658A221006530\r\nTAG: MTR3026', 'SECURE', 'A4TECH MOUSE', 'Personal Keyboard', '115.88.1.40', '04-7C-16-C4-CF-D0', 'SERVICE-NINN', 'WIN10 PRO 64 BIT - QN8DD-2D38Q-62KP7-64HKP-JB49C', 'YES', 'DS0243', 1, '', '2025-11-25 14:31:26'),
(3, 'Intel(R) Core(TM) i3-3240 CPU @ 3.40GHz', '8GB RAM DDR3 1600 MHZ', '\"500 GB SSD ADATA SU650\r\nSN: 2034291JAEK9\"', 'ASUS H61M-K', 'AOC MONITOR\r\nSN: AQII41A002834\r\nTAG: MS00043', 'SECURE', 'A4TECH MOUSE', 'A4TECH KEYBOARD', '115.88.1.87', '78-24-AF-BB-BD-59', 'SERVICE-VINCE', 'WIN10 PRO 64 BIT - QQJNK-CJ9FF-2FMJ8-62DRY-MY49G', 'YES', 'DS0218', 1, '', '2025-11-25 14:31:26'),
(4, 'Intel(R) Pentium(R) CPU G4400 @ 3.30GHz', '8GB RAM DDR4 2133 MHZ', '500 GB SSD ADATA SU650\r\nSN: 2034291J1KCF', 'GIGABYTE H110M-H', 'AOC MONITOR\r\nSN: AQLI11A007460\r\nTAG: MTR3024', 'ECO POWER', 'A4TECH MOUSE', 'A4TECH KEYBOARD', '115.88.1.119', 'E0-D5-5E-79-38-CC', 'SERVICE-TECHNICIAN', 'WIN10 PRO 64 BIT - 24TNM-GK732-P4GJQ-2K7TQ-T6PKG', 'YES', 'DS0190', 1, 'DEAD PIXEL MONITOR', '2025-11-25 14:31:26'),
(5, 'Intel(R) Pentium(R) CPU G4400 @ 3.30GHz (2 CPUs), ~3.3GHz', '8GB RAM DDR4 2133 MHZ', '500 GB SSD ADATA SU650\r\nSN: 203429A6AS2E', 'GIGABYTE H110M-H', 'AOC MONITOR\r\nSN: AQLI11A007460\r\nTAG: DS0185', 'POWERPLUS', 'A4TECH MOUSE', 'A4TECH KEYBOARD', '115.88.0.117', 'E0-D5-5E-3A-90-C8', 'SERVICE-BENZ', 'WIN10 PRO 64 BIT - N/A', 'YES', 'DS0185', 1, 'NOISY SYSTEM UNIT', '2025-11-25 14:31:26'),
(6, 'Intel(R) Pentium(R) CPU G4560 @ 3.50GHz (4 CPUs), ~3.5GHz', '8GB RAM DDR4 2400 MHZ', '500 GB SSD ADATA SU650\r\nSN: 20342L16ASGX', 'GIGABYTE H110M-DS2', 'AOC MONITOR\r\nSN: AKXF51A005200\r\nTAG: MTR3028', 'SECURE', 'A4TECH MOUSE', 'A4TECH KEYBOARD', '115.88.0.182', '1C-1B-0D-8C-DA-21', 'SERVICE-JOHN', 'WIN10 PRO 64 BIT - N/A', 'YES', 'DS3003', 1, 'NOISY SYSTEM UNIT', '2025-11-25 14:31:26'),
(7, 'Intel(R) Pentium(R) CPU G4560 @ 3.50GHz', '8GB RAM DDR4 2400 MHZ', '233 GB SSD WDC WDS250G2B0A-00SM50\r\nSN: 173820426391', 'GIGABYTE H110M-H', 'AOC MONITOR\r\nSN: DTYD81A003036\r\nTAG: DS03038', 'SECURE', 'A4TECH MOUSE', 'RAPOO KEYBOARD', '115.88.1.126', '1C-1B-0D-5B-12-67', 'SERVICE-DOMINIC', 'WIN10 PRO 64 BIT - 8K3HN-M9CHJ-CVXXH-2946P-27JXG', 'YES', 'DS0167', 1, '', '2025-11-25 14:31:26'),
(8, 'Intel(R) Pentium(R) Gold G6405 CPU @ 4.10GHz', '8GB RAM DDR4 2667 MHZ', '500 GB SSD SPCC\r\nSN:23022619-050554G', 'ASUS PRIME H510M-K', 'AOC MONITOR\r\nSN: AKXH31A007930\r\nTAG: MTR3025', 'N/A', 'A4TECH MOUSE', 'A4TECH KEYBOARD', '115.88.0.183', '7C-10-C9-C0-7C-9A', 'SERVICE-JACOB', 'WIN10 PRO 64 BIT - N/A', 'YES', 'DS0242', 1, 'Defective Monitor', '2025-11-25 14:31:26'),
(9, 'Intel(R) Core(TM) i3-3240 CPU @ 3.40GHz', '8GB RAM DDR3 1600 MHZ', '500 GB SSD ADATA SU650\r\nSN: 20342916E8KY', 'ASUS H61M-K', 'AOC MONITOR\r\nSN: W0197JA000840\r\nTAG: DS0190', 'SECURE', 'A4TECH MOUSE', 'A4TECH KEYBOARD', '115.88.1.137', '78-24-AF-BB-BD-4F', 'SERVICE-SERGIO', 'WIN11 PRO 64 BIT - GKM9R-6NKBR-KVWV6-Y4X9T-BP2KC', 'YES', 'DS0130', 1, 'Defective Monitor', '2025-11-25 14:31:26'),
(10, 'Intel(R) Core(TM) i3-4170 CPU @ 3.70GHz', '8GB RAM DDR3 1600 MHZ', '500 GB SSD ADATA SU650\r\nSN: 2034LAJNSLE', 'GIGABYTE G1-H81M-DS2', 'AOC MONITOR\r\nSN: AQII81A006073\r\nTAG: MS00025', 'ECO POWER', 'A4TECH MOUSE', 'A4TECH KEYBOARD', '115.88.0.105', '40-8D-5C-6E-F0-15', 'SERVICE-RUDY', 'WIN10 PRO 64 BIT - XGXNR-FBWFF-6FRBR-6899M-RC2KG', 'YES', 'DS3004', 1, '', '2025-11-25 14:31:26'),
(11, '12th Gen Intel(R) Core(TM) i3-12100', '16 GB RAM DDR4 2400 MHZ', '1 TB NVMe SSD M.2 KINGSTON\r\nSN: 50026B7784AA9B8F', 'ASUS', 'LENOVO  \r\nSN:1S66D2KAC6WWURHHK9F2\r\nTAG: DS0225\r\n\r\nACER MONITOR\r\nSN:MMLTYSS003636051DD4206\r\nTAG: DS0159', 'DAISTAR', 'LOGITECH MOUSE', 'LOGITECH KEYBOARD', '115.88.0.158', '50-EB-F6-2F-05-76', 'MKTG-RALPH', 'WIN 11 PRO 64 BIT - NXKGU-M9PW2-VRCWB-DKCHR-F6YP2', 'YES', 'DS0225', 1, '', '2025-11-25 14:57:18'),
(12, 'Intel(R) Core(TM) i5-12400 CPU @ 2.50 GHz', '32GB RAM DDR5 4800 MHZ', '1 TB LEXAR SSD NM610 PRO\r\nSN: PMW0404172571P1137\r\n\r\n1 TB LEXAR SSD NM610 PRO\r\nSN:PMW0404169096P1137\r\n\r\n1 TB HDD\r\nSN: Z9AHGLTR', 'GIGABYTE B760M DS3H DDR5', 'ASUS \r\nSN: H6LMTJ007232\r\nTAG:DS0178\r\n\r\nAOC Monitor\r\nSN:W18A4JA016833\r\nTAG:DS0210', 'SECURE', 'DELUXE MOUSE', 'A4TECH KEYBOARD', '115.88.1.140', '14-D4-24-86-23-57', 'MKTG-CHRIS', 'WIN10 PRO 64 BIT - N/A', 'YES', 'DS3043', 1, '', '2025-11-25 14:57:18'),
(13, 'Intel(R) Core(TM) i3-8100 CPU @ 3.60GHz', '32GB RAM DDR4 2133 MHZ', '477 GB SSD HP SSD S750 512GB,\r\nSN: HASA33140301593;1TB HDD SEAGATE', 'GIGABYTE 2370M D3H', 'NVISION Monitor\r\nSN: N190VL658A241223777\r\nTAG: MTR3022\r\n\r\nACER MONITOR\r\nSN: L8192JA014735\r\nTAG: MTR3023', 'SECURE', 'ASUS MOUSE', 'A4TECH KEYBOARD', '115.88.1.26', 'E0-D5-5E-0D-07-91', 'IT-LENIN', 'WIN10 PRO 64 BIT - C7NCB-JC8CC-DYPBB-PYHYW-W44C6', 'YES', 'DS0178', 1, '', '2025-11-25 14:57:18'),
(14, 'Intel(R) Pentium(R) Gold G5400 CPU @ 3.70GHz', '8GB RAM DDR4 2400 MHZ', '477 GB SSD ADATA SU650\r\nSN: 203429AJ9JX2', 'ASUS EX-H310M-V3', 'ACER MONITOR\r\nSN: MMLTYSS00363701E024208\r\nTAG: DS0197', 'ECO POWER', 'A4TECH MOUSE', 'A4TECH KEYBOARD', '115.88.1.131', '04-92-26-4B-D9-5B', 'VRF-RENZ', 'WIN10 PRO 64 BIT - N/A', 'YES', 'DS0197', 1, '', '2025-11-25 14:57:18'),
(15, 'Intel(R) Core(TM) i3-3220 CPU @ 3.30GHz', '8GB RAM DDR3 1333 MHZ', '477 GB SSD ADATA SU650\r\nSN: 103421293617', 'INTEL DH61BF', 'AOC MONITOR\r\nSN: DKLBC1A006991\r\nTAG: MTR3008', 'SECURE', 'DELUXE MOUSE', 'A4TECH KEYBOARD', '115.88.0.164', 'WIN10 PRO 64 BIT', 'VRF-DEXTER', 'WIN10 PRO 64 BIT - N/A', 'YES', 'DS3044', 1, '', '2025-11-25 14:57:18'),
(16, 'Intel(R) Pentium(R) Gold G5400 CPU @ 3.70GHz', '8GB RAM DDR4 2133 MHZ', '477 GB SSD ADATA SU650\r\nSN: 103421297262', 'ASUS EX-H310M-V3', 'AOC MONITOR\r\nSN: DKLBC1A006875\r\nTAG: MTR3009', 'ECO POWER', 'A4TECH MOUSE', 'A4TECH KEYBOARD', '115.88.1.109', '0C-9D-92-78-32-B0', 'VRF-ALEX', 'WIN10 PRO 64 BIT - N/A', 'YES', 'DS0196', 1, '', '2025-11-25 14:57:18'),
(17, 'Intel(R) Pentium(R) Gold G6405 CPU @ 4.10GHz', '8GB RAM DDR4 2666 MHZ', '477 GB SSD SPCC\r\nSN:23022619-050552G', 'ASUS PRIME H510M-K', 'AOC MONITOR\r\nSN: AKXF51A005206\r\nTAG: MTR3010', 'ECO POWER', 'A4TECH MOUSE', 'A4TECH KEYBOARD', '115.88.0.229', 'C8-7F-54-03-80-2A', 'VRF-ARLELI', 'WIN10 PRO 64 BIT - N/A', 'YES', 'DS0240', 1, '', '2025-11-25 14:57:18'),
(18, 'Intel(R) Pentium(R) Gold G5400 CPU @ 3.70GHz', '8GB RAM DDR4 2400 MHZ', '1TB SEAGATE HDD', 'ASUS EX-H310M-V3 r2.0', 'AOC MONITOR\r\nSN:W019AJA000486\r\nTAG: MTR3012', 'MONSTER', 'A4TECH MOUSE', 'NTC KEYBOARD', '115.88.1.65', 'WIN10 PRO 64 BIT', 'SALES-WENG', 'WIN10 PRO 64 BIT - 829RD-NYV4B-HMKR2K-TDDOR-BY49G', 'YES', 'DS0198', 1, '', '2025-11-25 14:57:18'),
(19, 'Intel(R) Pentium(R) CPU G4560 @ 3.50GHz', '8GB RAM DDR4 2133 MHZ', '477 GB SSD ADATA SU650, \r\nSN: 203729ACDNCD\r\n\r\n466 GB HDD ST500DM002-1BD142', 'GIGABYTE H110M-H', 'AOC MONITOR\r\nSN: W019AJA000482\r\nTAG: MTR3011', 'ECO POWER', 'BELKIN MOUSE', 'DELUXE KEYBOARD', '115.88.1.54', '1C-1B-0D-5B-12-E1', 'SALES-DHALIA', 'WIN10 PRO 64 BIT - PV6N8-XR9QK-X9MY2-TBGDJ-JFG6P', 'YES', 'DS0169', 1, '', '2025-11-25 14:57:18'),
(20, 'Intel(R) Core(TM) i3-3240 CPU @ 3.40GHz', '8GB RAM DDR3 1333 MHZ', '238 GB SSD Ramsta SSD S800 \r\nSN: RCC412701SA03107', 'ASUS H61M-K', 'AOC MONITOR\r\nSN: AQLI11A008322\r\nTAG: DS0183', 'ECO POWER', 'A4TECH MOUSE', 'A4TECH KEYBOARD', '115.88.1.43', 'D8-50-E6-BC-35-C8', 'SALES-JOSEPH', 'WIN10 PRO 64 BIT - KPCGN-HWCHR-3HMVD-WJ32X-H6DGT', 'YES', 'DS0514', 1, 'small horizontal line on monitor', '2025-11-25 14:57:18'),
(21, 'Intel(R) Core(TM) i3-2120 CPU @ 3.30GHz', '10GB RAM DDR3 1333 MHZ', '477 GB SSD ADATA SU650\r\nSN: 2O052L19DJJL', 'MSI H61M-P31 (C3)', 'AOC MONITOR\r\nSN: W019AJA000480\r\nTAG: MTR3017', 'SECURE', 'A4TECH MOUSE', 'A4TECH KEYBOARD', '115.88.0.212', '8C-89-A5-DF-6E-A4', 'HR-KAT', 'WIN10 PRO 64 BIT - N/A', 'YES', 'DS3036', 1, '', '2025-11-25 14:57:18'),
(22, 'Intel(R) Pentium(R) CPU G4400 @ 3.30GHz', '8GB RAM DDR4 2133 MHZ', '477 GB SSD ADATA SU650\r\nSN: 2O052L19DJJL', 'GIGABYTE GA-H110M-DS2', 'AOV MONITOR,SN: W019AJA000480', 'MONSTER', 'A4TECH MOUSE', 'A4TECH KEYBOARD', '115.88.1.79', 'E0-D5-5E-32-E5-96', 'HR-SOL', 'WIN10 PRO 64 BIT - N/A', 'YES', 'DS0176', 1, 'dead pixel on monitor', '2025-11-25 14:57:18'),
(23, 'Intel(R) Core(TM) i3-3220 CPU @ 3.30GHz', '8GB RAM DDR3 1333 MHZ', '477 GB SSD Apacer AS350 512GB, \r\nSN: 142407509290\r\n\r\n466 GB HDD ST500DM009-2F110A', 'INTEL DH61BF', 'AOC MONITOR\r\nSN: ANRH91A000263\r\nTAG: MTR3013', 'DSTAR', 'A4TECH MOUSE', 'A4TECH KEYBOARD', '115.88.0.231', 'EC-A8-6B-F5-66-B9', 'CNC-OSCAR', 'WIN10 PRO 64 BIT - D42T9-2N777-R7TVR-CD3VD-G83GT', 'YES', 'DS0154', 1, '', '2025-11-25 14:57:18'),
(24, 'Intel(R) Core(TM) i3-4170 CPU @ 3.70GHz', '8GB RAM DDR3 1333 MHZ', '477 GB SSD Apacer AS350 512GB, \r\nSN: 142407509289\r\n\r\n466 GB HDD ST500DM009-2F110A', 'GIGABYTE GA-H81M-DS2', 'AOV MONITOR,SN: W0197JA005330', 'ECO POWER', 'A4TECH MOUSE', 'DELUXE KEYBOARD', '115.88.0.209', '40-8D-5C-F2-EE-E3', 'CNC-STAFF', 'WIN10 PRO 64 BIT - N/A', 'YES', 'DS3037', 1, '', '2025-11-25 14:57:18'),
(25, 'Intel(R) Core(TM) i3-9100 CPU @ 3.60GHz', '8GB RAM DDR4 2133 MHZ', '477 GB SSD Apacer AS350 512GB\r\nSN: 142407509267\r\n\r\n932 GB HDD ST1000DM010-2EP102,', 'ASUS EX-H310M-V3 r2.0', 'AOC MONITOR\r\nSN:  ELPCB1A005502\r\nTAG: MTR3014', 'ECO POWER', 'DELUXE MOUSE', 'A4TECH KEYBOARD', '115.88.1.29', 'F0-2F-74-35-03-EC', 'CNC-SUERVISOR', 'WIN10 PRO 64 BIT - J32C7-NFQ9W-VHX7C-9VBF3-2WF9G', 'YES', 'DS0214', 1, '', '2025-11-25 14:57:18'),
(28, 'Intel(R) Pentium(R) Gold G6400 CPU @ 4.00GHz', '8GB RAM DDR4 2400 MHZ', '120 GB SSD KINGMAX SSD,SN: N200900030271;500 GB HDD', 'ASUS PRIME H510M-D', 'PHILLIPS MONITOR\r\nSN: ZV5A1632001245\r\nTAG: DS0191', 'PROTEC', 'ECO 8 MOUSE', 'A4TECH KEYBOARD', '115.88.0.111', 'A0-36-BC-24-59-83', 'KOPPEL-WSUA01', 'WIN10 PRO 64 BIT - QD4NG-W4FY4-CYKWT-Y4WGR-WFG6P', 'YES', 'DS4234', 1, '', '2025-11-25 15:02:58'),
(29, 'Intel(R) Pentium(R) CPU G4400 @ 3.30GHz', '8GB RAM DDR4 2133 MHZ', '500GB SSD ADATA', 'GIGABYTE GA-H110M-H', 'AOV MONITOR\r\nSN: AQII41A002769\r\nTAG: DS0157', 'SECURE', 'A4TECH MOUSE', 'NTC KEYBOARD', '115.88.0.150', 'E0-D5-5E-79-3C-69', 'KOPPEL-ACCTG011', 'WIN10 PRO 64 BIT - 633NG-9GY2W-CPJ6R-VQ3G2-XTPKG', 'YES', 'DS0191', 1, '', '2025-11-25 15:02:58'),
(30, 'Intel(R) Core(TM) i3-9100 CPU @ 3.60GHz', '8GB RAM DDR4 2400 MHZ', '1 TB HDD', 'ASUS EX H310M-V3 R2.0', 'AOV MONITOR,SN: W0197JA000783', 'MONSTER', 'DELUXE MOUSE', 'A4TECH KEYBOARD', '115.88.1.62', 'F0-2F-74-35-05-52', 'KOPPEL-VILMA', 'WIN10 PRO 64 BIT - NYCT8-KJPVC-VY8XX-T8VY7-94R96', 'YES', 'DS0215', 1, '', '2025-11-25 15:02:58'),
(31, 'Intel(R) Core(TM) i3-9100 CPU @ 3.60GHz', '8GB RAM DDR4 2400 MHZ', '1 TB HDD', 'ASUS EX H310M-V3 R2.0', 'AOV MONITOR\r\nSN: AQLK61A001081\r\nTAG:MS00029', 'POWERPLUS', 'A4TECH MOUSE', 'A4TECH KEYBOARD', '115.88.1.61', 'F0-2F-74-35-05-6A', 'KOPPEL-ACCTGA07', 'WIN10 PRO 64 BIT - WBPN9-9JTC8-7Y8YG-6V7XV-6XXTT', 'YES', 'DS0217', 1, '', '2025-11-25 15:02:58'),
(32, 'Intel(R) Core(TM) i3-10105 CPU @ 3.70GHz', '8GB RAM DDR4 2666 MHZ', '500 GB SSD', 'GIGABYTE H410M H V3', 'NVISION MONITOR\r\nSN: N185VL658A221102418\r\nTAG: MTR3025', 'POWERPLUS', 'A4TECH MOUSE', 'INTEXS KEYBOARD', '115.88.0.194', 'D8-5E-D3-4E-7A-A9', 'KOPPEL-ACCTGH01', 'WIN10 PRO 64 BIT - N/A', 'YES', 'DS0324', 1, 'OK', '2025-11-25 15:02:58'),
(33, 'Intel(R) Pentium(R) Gold G5400 CPU @ 3.70GHz', '8GB RAM DDR4 2400 MHZ', '500 GB SSD', 'GIGABYTE H410M H V3', 'AOV MONITOR\r\nSN: GCRDB1A003699\r\nTAG:MTR3026', 'SECURE', 'A4TECH MOUSE', 'A4TECH KEYBOARD', '115.88.0.244', '04-D4-C4-AB-E3-29', 'KOPPEL-REVFUND01A', 'WIN10 PRO 64 BIT - YYDWN-R84C9-3VBMK-86HXC-W2QGT', 'YES', 'DS0196', 1, '', '2025-11-25 15:02:58'),
(34, 'Intel(R) Core(TM) i3-10105 CPU @ 3.70GHz', '8GB RAM DDR4 2666 MHZ', '238 GB SSD TEAM T253256GB,SN: 1F2308290071671', 'GIGABYTE H410M H V3', 'AOV MONITOR\r\nSN: AKXH31A007305\r\nTAG: MS00007', 'POWERPLUS', 'A4TECH MOUSE', 'A4TECH KEYBOARD', '115.88.1.38', 'D8-5E-D3-4E-71-11', 'DESKTOP-G6TUUGL', 'WIN10 PRO 64 BIT - N/A', 'YES', 'DS3007', 1, '', '2025-11-25 15:02:58'),
(35, 'Intel(R) Core(TM) i3-9100 CPU @ 3.60GHz', '8GB RAM DDR4 2400 MHZ', '500 GB SSD', 'ASUS EX H310M-V3 R2.0', 'AOV MONITOR\r\nSN: V4898JA003061\r\nTAG: MTR3027', 'SECURE', 'A4TECH MOUSE', 'A4TECH KEYBOARD', '115.88.1.36', 'F0-2F-74-35-03-0B', 'KOPPEL-ACCTG22A', 'WIN10 PRO 64 BIT - V7N72-2X974-W3VVX-BDR8J-JFG6P', 'YES', 'DS0222', 1, '', '2025-11-25 15:02:58'),
(37, 'Intel(R) Core(TM) i3-10100 CPU @ 3.60GHz (3.60 GHz)', '8GB RAM DDR5 4800 MHZ', '500GB KINGSTON NVME SSD', 'ASUS', 'NVISION Monitor\r\nSN: N185VL658A221006141\r\nTAG: MTR3021', 'APC UPS', 'A4TECH MOUSE', 'A4TECH KEYBOARD', '115.88.1.94', 'A0-36-BC-2B-91-50', 'PURCH-ASSISTANT', 'WIN11 PRO 64 BIT - 4HGVY-N67RT-69QVX-W4DDC-3YH26', 'YES', 'DS0227', 1, '', '2026-01-19 13:34:18'),
(38, '12th Gen Intel(R) Core(TM) i3-12100 (3.30 GHz)', '8GB RAM DDR4 3200 MHZ', '477 GB SSD Apacer AS350 512GB\r\nSN:', 'ASUS', 'NVISION Monitor\r\nSN: N185VL658A231110742\r\nTAG: MTR014', 'MONSTER', 'A4TECH MOUSE', 'A4TECH KEYBOARD', '115.88.1.59', '08-BF-B8-A3-E4-8C', 'PURCH-BELLE', 'WIN11 PRO 64 BIT - KDVCN-PR7QD-DW3C9-T6D2Y-QJ3DP', 'YES', 'DS0247', 1, '', '2026-01-19 13:34:18'),
(39, 'Intel(R) Core(TM) i5-10400 CPU @ 2.90GHz (2.90 GHz)', '16GB RAM DDR4 2666 MHZ', '477 GB SSD ADATA SU650', 'GIGABYTE H510M K V2', 'NVISION Monitor\r\nSN: N190HDV8S241113131\r\nTAG: MTR3019', 'ECO POWER', 'A4TECH MOUSE', 'Hewlett Packard Keyboard', '115.88.1.162', '74-56-3C-F8-83-AD', 'PURCH-RONNIE', 'WIN11 PRO 64 BIT - 2427N-4TPYM-4F7RD-JVY4M-92FC2', 'YES', 'DS3015', 1, '', '2026-01-19 13:34:18'),
(40, '3.70 gigahertz Intel Core i3-4170', '8GB RAM DDR3 1600 MHZ', 'Apacer AS350 512GB\r\nSN: 2023121309028854', 'Gigabyte Technology Co., Ltd. H81M-DS2', 'AOC 1621Wb [Monitor]\r\nSN: 2465, December 2012\r\nTAG: DS3040', 'SECURE', 'A4TECH MOUSE', 'A4TECH KEYBOARD', '115.88.1.28', '40:8D:5C:D5:86:87', 'CS-LEN', 'WIN10 PRO 64 BIT - VK7JG-NPHTM-C97JM-9MPGT-3V66T', 'NONE', 'DS0151', 1, 'N/A', '2026-01-19 13:50:54'),
(41, '3.70 gigahertz Intel Pentium Gold G5400', '8GB RAM DDR3 1600 MHZ', 'Apacer AS350 512GB\r\nSN: 2023122503002173', 'ASUSTeK COMPUTER INC. EX-H310M-V3 R2.0 Rev X.0x', 'AOC 1670W [Monitor]\r\nSN: 1107, July 2019\r\nTAG: DS3045', 'SECURE', 'A4TECH MOUSE', 'A4TECH KEYBOARD', '115.88.0.208', '04:D4:C4:AB:E3:2C', 'CS-ANALIZA', 'WIN10 PRO 64 BIT - VK7JG-NPHTM-C97JM-9MPGT-3V66T', 'NONE', 'DS3046', 1, 'N/A', '2026-01-19 13:50:54'),
(42, '3.70 gigahertz Intel Pentium Gold G5400', '4GB RAM DDR3 1600 MHZ', 'Apacer AS350 512GB SSD\r\nSN: 2023121309001618', 'ASUSTeK COMPUTER INC. EX-H310M-3 R2.0 Rev X.0x', 'AOC 1621Wb [Monitor]\r\nSN: 2468, December 2012\r\nTAG: MTR3027', 'SECURE', 'A4TECH MOUSE', 'A4TECH KEYBOARD', '115.88.1.64', '04:D4:C4:AB:E3:39', 'CS-JESSEBEL', 'WIN10 PRO 64 BIT - VK7JG-NPHTM-C97JM-9MPGT-3V66T', 'NONE', 'DS0200', 1, 'N/A', '2026-01-19 13:50:54'),
(43, '3.70 gigahertz Intel Pentium Gold G5400', '8GB RAM DDR3 1600 MHZ', '500 GB SSD ADATA SU650\r\nSN: 2O342916A5LJ', 'ASUSTeK COMPUTER INC. EX-H310M-V3 R2.0 Rev X.0x', 'AOC 1670W [Monitor]\r\nSN: 2846, December 2014\r\nTAG: DS3049', 'SECURE', 'A4TECH MOUSE', 'A4TECH KEYBOARD', '115.88.0.247', '04:D4:C4:AB:E2:CE', 'CS-JONA', 'WIN10 PRO 64 BIT - VK7JG-NPHTM-C97JM-9MPGT-3V66T', 'NONE', 'DS0201', 1, 'N/A', '2026-01-19 13:50:54'),
(44, '3.70 gigahertz Intel Pentium Gold G5400', '8GB RAM DDR3 1600 MHZ', '500 GB SSD ADATA SU650\r\nSN:1O3421293650\r\nST500DM002-1BD142 500GB HDD Z6EHD7Y', 'ASUSTeK COMPUTER INC. EX-H310M-V3 R2.0 Rev X.0x', 'AOC 1619w [Monitor]\r\nSN: 3064, August 2009\r\nTAG: DS3048', 'SECURE', 'A4TECH MOUSE', 'A4TECH KEYBOARD', '115.88.1.58', '04:D4:C4:22:E0:AA', 'CS-MIKE', 'WIN10 PRO 64 BIT - VK7JG-NPHTM-C97JM-9MPGT-3V66T', 'NONE', 'DS03047', 1, 'N/A', '2026-01-19 13:50:54'),
(45, '3.70 gigahertz Intel Pentium Gold G5400', '8GB RAM DDR3 1600 MHZ', 'ADATA SU650 512GB SSD\r\nSN: 2O342L161C2X', 'ASUSTeK COMPUTER INC. EX-H310M-V3 R2.0 Rev X.0x', 'AOC 1670W [Monitor]\r\nSN: 7634, April 2016\r\nTAG: DS0154', 'SECURE', 'A4TECH MOUSE', 'A4TECH KEYBOARD', '115.88.1.80', '04:D4:C4:AB:E3:33', 'CS-RAY', 'WIN10 PRO 64 BIT - VK7JG-NPHTM-C97JM-9MPGT-3V66T', 'NONE', 'DS0198', 1, 'N/A', '2026-01-19 13:50:54'),
(46, '3.70 gigahertz Intel Pentium Gold G5400', '8GB RAM DDR3 1600 MHZ', 'ADATA SU650 512GB SSD\r\nSN: 2O34291J11G9', 'ASUSTeK COMPUTER INC. EX-H310M-V3 R2.0 Rev X.0x', 'AOC 1670W [Monitor]\r\nSN: 5729, December 2014\r\nTAG: DS3039', 'SECURE', 'A4TECH MOUSE', 'A4TECH KEYBOARD', '115.88.0.253', '04:D4:C4:AB:E3:37', 'CS-MEL', 'WIN10 PRO 64 BIT - VK7JG-NPHTM-C97JM-9MPGT-3V66T', 'NONE', 'DS0203', 1, 'N/A', '2026-01-19 13:50:54'),
(47, 'Intel(R) Core(TM) i5-10500 CPU @ 3.10GHz', '16GB RAM DDR4 2666 MHZ', '500 GB SSD Apacer AS350', 'Dell Optipex 3080', 'NVISION MONITOR\r\nSN:N185VL658A221102475\r\nTag: MTR3004', 'SECURE', 'A4TECH MOUSE', 'A4TECH KEYBOARD', '115.88.0.207', '70-B5-E8-5F-BA-50', 'SERVICE-ERIC', 'WIN10 PRO 64 BIT', 'YES', 'DS3012', 1, 'N/A', '2026-01-19 14:01:37'),
(48, 'Intel(R) Core(TM) i5-10500T CPU @ 2.30GHz', '16GB RAM DDR4 2666 MHZ', '500 GB SSD SPCC Solid State Disk', 'Dell Optipex 3080', 'NVISION MONITOR\r\nSN: N190VL658A240563784\r\nTag: MTR3001', 'SECURE', 'A4TECH MOUSE', 'A4TECH KEYBOARD', '115.88.1.99', '70-B5-E8-69-56-60', 'SERVICE-JR', 'WIN10 PRO 64 BIT', 'YES', 'DS3008', 1, 'Mouse scroll frequent malfunction', '2026-01-19 14:01:37'),
(49, 'Intel(R) Core(TM) i5-10500T CPU @ 2.30GHz', '16GB RAM DDR4 2400 MHZ', '500 GB SSD SPCC Solid State Disk', 'Dell Optipex 3080', 'NVISION MONITOR\r\nSN:N190VL658A241117274\r\nTag: MTR3003', 'SECURE', 'RAPOO MOUSE', 'RAPOO KEYBOARD', '115.88.1.41', 'A4-BB-6D-88-56-80', 'SERVICE-COLEEN', 'WIN10 PRO 64 BIT', 'YES', 'DS3011', 1, 'N/A', '2026-01-19 14:01:37'),
(50, 'Intel(R) Core(TM) i5-10210U CPU @ 1.60GHz', '16GB RAM DDR4 2666 MHZ', '500 GB SSD KBG50ZNV512G KIOXIA', 'HP 260 G4 Desktop Mini PC', 'NVISION MONITOR\r\nSN: N190VL658A241116648\r\nTag: MTR3002', 'SECURE', 'A4TECH MOUSE', 'A4TECH KEYBOARD', '115.88.0.135', 'E0-70-EA-A8-F7-E2', 'SERVICE-NIKKO', 'WIN10 PRO 64 BIT', 'NONE', 'DS3010', 1, 'Frequent disconnection of hdmi to monitor', '2026-01-19 14:01:37'),
(51, 'Intel(R) Core(TM) i3-3240 CPU @ 3.40GHz', '8GB RAM DDR3 1600 MHZ', '500 GB SSD ADATA SU650', 'ASUS H61M-K', 'A0V MONITOR\r\nSN: T69LHDNCYHGGNN\r\nTag: MTR3005', 'ECO POWER', 'A4TECH MOUSE', 'A4TECH KEYBOARD', '115.88.1.83', 'D8-50-E6-BC-08-62', 'SERVICE-HAYZEL', 'WIN10 PRO 64 BIT', 'NONE', 'DS3013', 1, 'Pixilated monitor\r\nReplaced monitor (1-22-26)', '2026-01-19 14:01:37'),
(52, 'Intel(R) Core(TM) i3-3240 CPU @ 3.40GHz', '8GB RAM DDR3 1600 MHZ', '500 GB SSD HP SSD S750', 'GIGABYTE H61K-M', 'A0V MONITOR\r\nSN: AKXFA1001996\r\nTag: DS0150', 'SECURE', 'A4TECH MOUSE', 'A4TECH KEYBOARD', '115.88.0.157', 'D8-50-E6-BC-0A-4A', 'SERVICE-KIA', 'WIN10 PRO 64 BIT', 'NONE', 'DS3014', 1, 'defective pc power button', '2026-01-19 14:01:37'),
(53, 'Intel(R) Core(TM) i3-4170 CPU @ 3.70GHz', '8GB RAM DDR3 1333 MHZ', '500 GB SSD ADATA SU650', 'Gigabyte GA-H81M-DS2', 'ACER MONITOR\r\nSN: ETLTYSS00364305B4F4206\r\nTag: DS0162', 'SECURE', 'A4TECH MOUSE', 'A4TECH KEYBOARD', '115.88.1.111', '40-8D-5C-6E-F1-0B', 'SERVICE-RIRI', 'WIN10 PRO 64 BIT - PGY4V-NWFWJ-VPFQ9-GJQ9M-RC2KG', 'NONE', 'DS3009', 1, 'N/A', '2026-01-19 14:01:37'),
(54, 'Intel Pentium Gold G5400 3.70GHz', '12GB RAM DDR 1333MHZ', '500 GB SSD ADATA SU650', 'ASUSTeK COMPUTER INC. EX-H310M-V3 R2.0 Rev X.0x', 'AOC 1621Wb\r\nSN: DRQC31A005248\r\nTAG: MTR3007', 'SECURE', 'A4TECH MOUSE', 'A4TECH KEYBOARD', '115.88.0.189', '04:D9:F5:64:C6:0E', 'SERVICE-ALDRINE', 'WIN10 PRO 64 BIT - 7Q39T-N937F-FYDTT-P4CYB-TXXTT', 'NONE', 'DS3023', 1, 'N/A', '2026-01-19 14:01:37'),
(55, 'Intel Core i3-4170 3.70GHz', '16GB RAM DDR4 2666 MHZ', 'Apacer AS350 512GB\r\nSN: MP51A47000494', 'Gigabyte Technology Co., Ltd. H81M-DS2', 'AOC 1621Wb\r\nSN: EGGC51A007122\r\nTAG: DS3006', 'SECURE', 'A4TECH MOUSE', 'A4TECH KEYBOARD', '115.88.0.176', '40:8D:5C:6E:F8:D6', 'SERVICE-R0SE', 'WIN10 PRO 64 BIT - VK7JG-NPHTM-C97JM-9MPGT-3V66T', 'NONE', 'DS3016', 1, 'N/A', '2026-01-19 14:01:37'),
(56, 'Intel Core i3-10100 3.60GHz', '8GB RAM DDR3 1600 MHZ', 'SPCC M.2 PCIe SSD 512GB\r\nSN: 134807121BC700039238', 'ASUSTeK PRIME H510M-D', 'AOC 1670W (s/n 7459, January 2018)', 'N/A', 'A4TECH MOUSE', 'A4TECH KEYBOARD', '115.88.1.88', '58:11:22:05:F1:BC', 'WHSE-JOEY', 'WIN10 PRO 64 BIT - GT82M-FNW9W-8YXY9-G8BQB-CWF9C', 'NONE', 'DS0229', 1, 'N/A', '2026-01-19 14:01:37'),
(57, '3.30 gigahertz Intel Core i3-3220', '4GB DDR3 RAM', 'ST500DM002- 1BD142 500.11 GB HDD W2AX2LWH', 'Intel Corporation DH61BF AAG81311-101 Serial Number: GEBF30300GAH', 'AOC 1670W [Monitor] (15.3\"vis, s/n 2990, January 2018)', 'SECURE', 'A4TECH MOUSE', 'KEYBOARD', '192.168.1.65', 'EC:A8:6B:F6:AA:84', 'KOPPEL-WHOUSE20', 'WIN7  Ultimate - 342DG-6YJR8-X92GV-V7DCV-P4K27', 'YES', 'YES', 3, 'N/A', '2026-01-24 11:59:45'),
(58, '3.70 gigahertz Intel Pentium Gold G5400', '4GB DDR4 RAM', 'ADATA SU650 512.11 GB SSD 2O462L16JJG9', 'ASUSTeK COMPUTER INC. EX-H310M-V3 R2.0 Rev X.0x Serial Number: 190144687504018', 'AOC 1670W [Monitor] (15.3\"vis, s/n 1194, December 2014)', 'SECURE', 'A4TECH MOUSE', 'KEYBOARD', '192.168.1.67', '04:D4:C4:23:1F:50', 'DESKTOP-JCTJO4K', 'WIN10 PRO 64 BIT - 6J2T6-NCMM2-6GXHQ-GJ8X8-VH64C', 'YES', 'YES', 3, 'N/A', '2026-01-24 11:59:45'),
(59, '3.30 gigahertz Intel Pentium G4400', '8GB DDR4 RAM', 'ADATA SU650 512.11 GB SSD 1O3421293659 0 ST500DM002- 1BD142 500.11 GB HDD S2AABNKE 1', 'ASUSTeK COMPUTER INC. H110M-K Rev X.0x Serial Number: 160470820907167', 'AOC 1621Wb [Monitor] (15.3\"vis, s/n 800, September 2012)', 'SECURE', 'A4TECH MOUSE', 'KEYBOARD', '192.168.1.66', '34:97:F6:9B:7F:0C', 'DESKTOP-4SAE3M3', 'WIN10 PRO 64 BIT - BJNRV-TJ6C4-QJ29G-VK9QT-V6DGT', 'YES', 'YES', 3, 'N/A', '2026-01-24 11:59:45'),
(60, '3.30 gigahertz Intel Core i3-3220', '4GB DDR4 RAM', 'ST500DM002- 1BD142 500.11 GB HDD Z3TLEYKL', 'Intel Corporation DH61BF AAG81311-101 Serial Number: GEBF30100TFC', 'IPS N190HDV8 [Monitor] (19.1\"vis, s/n V9U170100001, July 2023)', 'SECURE', 'A4TECH MOUSE', 'KEYBOARD', '192.168.1.216', 'EC:A8:6B:F5:40:08', 'KOPPEL-WHSE004', 'WIN10 PRO 64 BIT - VK7JG-NPHTM-C97JM-9MPGT-3V66T', 'YES', 'YES', 3, 'N/A', '2026-01-24 11:59:45'),
(61, '3.30 gigahertz Intel Pentium G4400', '4GB DDR4 RAM', 'WDC WD5000AZLX60K2TA0 500.11 GB HDD WD- WCC6Z2NJR9V3', 'Gigabyte Technology Co., Ltd. H110M-H-CF Bus Clock: 100 megahertz', 'AOC 1619w [Monitor] (15.3\"vis, s/n 14729, February 2009)', 'SECURE', 'A4TECH MOUSE', 'KEYBOARD', '192.168.1.25', 'E0:D5:5E:3A:98:9E', 'KOPPEL-WHSE23', 'WIN10 PRO 64 BIT - JYFRN-YGBTT-P8XFR-MGPQM-R6YP6', 'YES', 'YES', 3, 'N/A TESTdsada', '2026-01-24 11:59:45'),
(62, '3.40 gigahertz Intel Core i3-3240', '2GB DDR4 RAM', 'TOSHIBA DT01ACA050 500.11 GB HDD 44PARXKFS', 'ASUSTeK COMPUTER INC. H61M-K Rev X.0x Serial Number: 131017190309010', 'AOC 1670W [Monitor] (15.3\"vis, s/n 1056, June 2019)', 'SECURE', 'A4TECH MOUSE', 'KEYBOARD', '192.168.1.64', 'D8:50:E6:BC:35:BD', 'KOPPEL-WHOUSE08', 'WIN7 Ultimate - 342DG-6YJR8-X92GV-V7DCV-P4K27', 'YES', 'YES', 3, 'N/A', '2026-01-24 11:59:45'),
(63, 'Intel(R) Core(TM) i3-10105 CPU @ 3.70GHz 3.70 GHz', '8GB RAM DDR4 2400 MHZ', '477 GB SSD Apacer AS350 512GB SN: 2P092LAGN1YU', 'GIGABYTE H410M H V3', 'NVISION MONITOR SN: N2OOHDV3S231025036', 'POWERPRO', 'A4TECH MOUSE', 'KEYBOARD', '115.88.0.206', 'D8-5E-D3-D5-8D-5C', 'DESKTOP-SOHJSCK', 'VK7JG-NPHTM-C97JM-9MPGT-3V66T', 'NONE', 'YES', 6, 'NONE', '2026-01-24 12:06:00'),
(64, 'Intel(R) Pentium(R) Gold G6400 CPU @ 4.00GHz 4.01 GHz', '8GB RAM DDR4 2666 MHZ', '477 GB SSD Apacer AS350 512GB SN: 142502318558', 'GIGABYTE H410M H', 'NVISION MONITOR SN: N190VL658A240886931', 'VOLTZ AVR', 'A4TECH MOUSE', 'KEYBOARD', '115.88.0.225', '18-C0-4D-7A-FB-EE', 'DESKTOP-6SRGH0R', 'VK7JG-NPHTM-C97JM-9MPGT-3V66T', 'NONE', 'YES', 6, 'NONE', '2026-01-24 12:06:00'),
(65, 'Intel(R) Pentium(R) Gold G6400 CPU @ 4.00GHz 4.01 GHz', '8GB RAM DDR4 2133 MHZ', '477 GB SSD Apacer AS350 512GB SN: 142502318566', 'GIGABYTE H410M H', 'AOV MONITOR SN: I8794JA025175', 'SECURE', 'A4TECH MOUSE', 'DELUXE KEYBOARD', '115.88.0.205', '18-C0-4D-7A-FC-25', 'DESKTOP-CKPKM18', 'VK7JG-NPHTM-C97JM-9MPGT-3V66T', 'NONE', 'YES', 6, 'NONE', '2026-01-24 12:06:00'),
(66, 'Intel(R) Pentium(R) Gold G5400 CPU @ 3.70GHz 3.70 GHz', '8GB RAM DDR4 2133 MHZ', '477 GB SSD Apacer AS350 512GB SN: 142502318564', 'ASUS EX-H310M-V3', 'AOV MONITOR SN: EGGC91A000793', 'SECURE', 'A4TECH MOUSE', 'KEYBOARD', '115.88.1.7', '0C-9D-92-C6-10-E3', 'DESKTOP-UR5LAJG', 'VK7JG-NPHTM-C97JM-9MPGT-3V66T', 'NONE', 'YES', 6, 'DS0207', '2026-01-24 12:06:00'),
(67, 'Intel(R) Core(TM) i3-3240 CPU @ 3.40GHz 3.40 GHz', '8GB RAM DDR3 1600 MHZ', '477 GB SSD Apacer AS350 512GB SN: 142502318559', 'PCI EXPRESS H61MGV3 V. 7.5', 'AOV MONITOR SN: GBPD9JA001942', 'ECO POWER', 'RAPOO MOUSE', 'KEYBOARD', '115.88.0.237', 'B8-97-5A-63-E0-84', 'DESKTOP-AOM1EBP', 'VK7JG-NPHTM-C97JM-9MPGT-3V66T', 'NONE', 'YES', 6, 'NONE', '2026-01-24 12:06:00'),
(68, 'Intel(R) Pentium(R) Gold G5400 CPU @ 3.70GHz 3.70 GHz', '8GB RAM DDR4 2133 MHZ', '477 GB SSD Apacer AS350 512GB SN: 2P10292H8HRT', 'ASUS EX-H310M-V3', 'AOV MONITOR SN: R75A9JA005321', 'POWER PRO', 'A4TECH MOUSE', 'KEYBOARD', '115.88.0.153', '0C-9D-92-C6-10-E9', 'DESKTOP-TGP27B6', 'VK7JG-NPHTM-C97JM-9MPGT-3V66T', 'NONE', 'YES', 6, 'DS0206', '2026-01-24 12:06:00'),
(69, 'Intel(R) Core(TM) i3-3240 CPU @ 3.40GHz 3.40 GHz', '8GB RAM DDR3 1600 MHZ', '477 GB SSD Apacer AS350 512GB SN: 142507318565', 'ASUS H61M-C', 'PHILLIPS MONITOR SN: ZV5A1334005044', 'MONSTER', 'A4TECH MOUSE', 'KEYBOARD', '115.88.0.228', '78-24-AF-8F-26-88', 'DESKTOP-D3P4E45', 'VK7JG-NPHTM-C97JM-9MPGT-3V66T', 'NONE', 'YES', 6, 'defective avr', '2026-01-24 12:06:00'),
(70, 'Intel(R) Core(TM) i3-3210 CPU @ 3.20GHz 3.20 GHz', '8GB RAM DDR3 1600 MHZ', '477 GB SSD Apacer AS350 512GB SN: 203729AC1KUA', 'INTEL DH61BF', 'N/A', 'DTS', 'A4TECH MOUSE', 'KEYBOARD', '115.88.0.182', '2C-4B-0D-FA-69-C7', 'DESKTOP-1FCDQSS', 'VK7JG-NPHTM-C97JM-9MPGT-3V66T', 'NONE', 'NO', 6, 'defective monitor', '2026-01-24 12:06:00'),
(71, 'Intel(R) Core(TM) i3-3240 CPU @ 3.40GHz 3.40 GHz', '8GB RAM DDR3 1333 MHZ', '477 GB SSD Apacer AS350 512GB SN: 142407506992', 'GIGABYTE GA-H61M-S1', 'AOV MONITOR SN: ENUC51A010729', 'DTS', 'A4TECH MOUSE', 'KEYBOARD', '115.88.1.147', '40-8D-5C-43-1D-FF', 'DESKTOP-DS0433I', 'VK7JG-NPHTM-C97JM-9MPGT-3V66T', 'NONE', 'NO', 6, 'NONE', '2026-01-24 12:06:00'),
(72, 'INTEL CORE I3-3240 3.4GHZ', '8GB DDR3 1600MHZ', 'RAMSTA S800 250GB SN#RCC412701SA00020', 'GIGABYTE GA-H61M-S1', 'AOC 15.6\" WIDE SCREEN MONITOR SN#AKXH31A008029', 'RADIUS 5A 3 SOCKET 220V 1 SOCKET 110V', 'A4TECH MOUSE', 'KEYBOARD', '115.88.0.232', '40:8D:5C:43:F4:99', 'HEEC001', 'VK7JG-NPHTM-C97JM-9MPGT-3V66T', 'NONE', 'YES', 6, 'WIN10', '2026-01-24 12:06:00'),
(73, 'Intel Core i3-4170 3.70GHz', '4GB DDR4', 'ST500DM002-1BD142 500.11 GB HDD S3T2W6C5', 'Gigabyte Technology Co., Ltd. H81M-DS2', 'AOC 1670W [Monitor] (15.3\", s/n 7374, April 2016)', 'SECURE', 'A4TECH', 'KEYBOARD', '10.133.50.60', '00:09:0F:FE:00:01', 'KOPPEL-ACCTG005', 'WIN10 PRO 64 BIT - CNYDC-4K3JR-QJVVB-J7RGQ-T6PKG', 'YES', 'YES', 2, 'slow pc', '2026-01-24 12:24:21'),
(74, 'Intel Pentium G4400 3.30GHz', '4GB DDR4', 'WDC WD5000AZLX22JKKA0 500.11 GB HDD WDWCC6Z5RKDCE9', 'Gigabyte Technology Co., Ltd. H110M-H-CF', 'AOC 1670W [Monitor] (15.3\", s/n 7665, April 2016)', 'SECURE', 'A4TECH', 'KEYBOARD', '10.133.50.149', 'E0:D5:5E:3A:98:A6', 'KOPPEL-ACCTG012', 'WIN10 PRO 64 BIT - CBNX6-DVCH3-XMVTX-6VTRX-9HJXG', 'YES', 'YES', 2, 'slow pc', '2026-01-24 12:24:21'),
(75, 'Intel Core i3-9100 3.60GHz', '8GB DDR4', 'ST1000DM010-2EP102 1.00 TB HDD ZN1MCG85', 'ASUSTeK COMPUTER INC. EX-H310M-V3 R2.0 Serial Number: 201278671600389', 'NVISION IPS N190HDV8 [Monitor] (19.1\", s/n V9U170100001, July 2023)', 'SECURE', 'A4TECH', 'KEYBOARD', '10.133.50.197', 'F0:2F:74:35:03:AE', 'koppel-acctga04', 'WIN10 PRO 64 BIT - VYYH8-NB873-GHK6H-8WXYB-TXXTT', 'YES', 'YES', 2, 'slow pc', '2026-01-24 12:24:21'),
(76, 'Intel Core i3-9100 3.60GHz', '8GB DDR4', 'ADATA SU650 512.11 GB SSD SN: 2O0529A9D5HR, ST500DM009-2F110A 500.11 GB HDD ZA4AGDL1', 'ASUSTeK COMPUTER INC. EX-H310M-V3 R2.0 RevX.0x Serial Number: 201278671600777', 'AOC 1670W [Monitor] (15.3\", s/n 267, October 2020)', 'SECURE', 'A4TECH', 'KEYBOARD', '10.133.50.49', 'F0:2F:74:35:05:95', 'ACCTG-JAY', 'WIN10 PRO 64 BIT - NCRDB-YXP8V-82FJ7-37397-M4G6T', 'NONE', 'YES', 2, '', '2026-01-24 12:24:21'),
(77, 'Intel Pentium G4400 3.30GHz', '8GB DDR4', 'Apacer AS350 512GBSSD SN: 50F2073A0CBA0017051', 'Gigabyte Technology Co., Ltd. H110M-DS2-CF', 'AOC 1619w [Monitor] (15.3\", s/n 5317, July 2009)', 'SECURE', 'A4TECH', 'KEYBOARD', '10.133.50.75', 'E0:D5:5E:77:FE:B4', 'JENN-PURCHASING', 'WIN10 PRO 64 BIT - W8TDG-6YN2C-7PY98-FD8CX-7XMP6', 'NONE', 'YES', 2, '', '2026-01-24 12:24:21'),
(78, 'Intel Core i5-7400 3.00GHz', '16GB DDR4', 'ADATA SU650 512.11 GB SSD SN: 2P092L18SJY20, ST500DM009-2F110A 500.11 GB HDD Z9936H3L1', 'ASUSTeK COMPUTER INC. H110M-D Rev X.0x Serial Number: 170296012305102', 'AOC 966W [Monitor] (18.5\"vis)', 'SECURE', 'A4TECH', 'KEYBOARD', '10.133.50.180', '60:45:CB:6B:D3:33', 'PDED-GIRLIE', 'WIN10 PRO 64 BIT - 6CNTW-2KC2G-DFJT9-BQJHC-VFR9G', 'YES', 'NO', 2, '', '2026-01-24 12:24:21'),
(79, 'Intel Xeon E3-1225 v3 3.20GHz', '16GB DDR4', 'Apacer AS350 512GB SSD 11EE07540E5B003068, ST500DM002-1SB10A 500.11 GB HDD WA40687D', 'Board: Hewlett-Packard 1905 Serial Number: SGH434R9FT', 'AOC 1970W [Monitor] (18.5\"vis, s/n 8420, April 2018)', 'SECURE', 'A4TECH', 'KEYBOARD', '10.133.50.100', '40:A8:F0:5A:59:B5', 'DESKTOP-F13UTLF', 'WIN10 PRO 64 BIT - VK7JG-NPHTM-C97JM-9MPGT-3V66T', 'NONE', 'NO', 2, '', '2026-01-24 12:24:21'),
(80, 'AMD Ryzen 5 5600G 3.90GHz', '16GB DDR4', 'Patriot Spark128.03 GB SSD SN: F4C30767098E00029565, WDC WD10EZRX00A8LB0 1.00 TB WD-WMC1U3987904', 'Micro-Star International Co., Ltd. A320M-A PRO (MS7C51) 1.0 Serial Number: 07C5112_MC1B203777', 'HP P191 [Monitor] (18.5\"vis, s/n 6CM4292Q75, July 2014)', 'SECURE', 'A4TECH', 'KEYBOARD', '10.133.50.42', '04:7C:16:72:D7:69', 'DESKTOP-1DDNUHT', 'WIN10 PRO 64 BIT - VK7JG-NPHTM-C97JM-9MPGT-3V66T', 'NONE', 'NO', 2, '', '2026-01-24 12:24:21'),
(81, 'Intel Xeon E3-1225 v5 3.30GHz', '16GB DDR4', 'Apacer AS350 512GB SSD SN:11EE07540E5B00306861', 'HP 802F Serial Number: PESRH0RCY93474', 'IPS N190HDV8 [Monitor] (19.0\"vis, February 2022)', 'SECURE', 'A4TECH', 'KEYBOARD', '10.133.50.120', '40:B0:34:43:DE:73', 'PDED-DESIGN1', 'WIN10 PRO 64 BIT - GBNHC-9DGR2-9PT24-M4HVK66PTC', 'NONE', 'NO', 2, '', '2026-01-24 12:24:21'),
(82, 'Intel Core i3-4170 3.70GHz', '8GB DDR4', 'Apacer AS350 512GB SSD SN: 2023121309028826, TOSHIBA DT01ACA050 500.11 GB HDD 77DDJUBBS', 'ASUSTeK COMPUTER INC. H81M-D Rev X.0x Serial Number: 170193042800067', 'AOC 1621Wb [Monitor] (15.3\", s/n 102, February 2013)', 'SECURE', 'A4TECH', 'KEYBOARD', '10.133.50.48', '2C:4D:54:D4:B7:4E', 'DS0171', 'WIN10 PRO 64 BIT - VK7JG-NPHTM-C97JM-9MPGT-3V66T', 'NONE', 'NO', 2, '', '2026-01-24 12:24:21'),
(83, 'Intel Pentium Gold G6400 4.00GHz', '8GB DDR4', 'SPCC Solid State Disk 512.11 GB SSD SN: 30076351900', 'ASUSTeK COMPUTER INC. PRIME H510M-D Rev Serial Number: 220505298000736', 'AOC 1670W [Monitor] (15.3\"vis, s/n 4335, December 2017)', 'ECO POWER', 'A4TECH', 'KEYBOARD', '10.133.50.27', 'A0:36:BC:24:59:7C', 'PDED-JOEY', 'WIN10 PRO 64 BIT - VK7JG-NPHTM-C97JM-9MPGT-3V66T', 'NONE', 'NO', 2, '', '2026-01-24 12:24:21'),
(84, 'Intel Pentium G4400 3.30GHz', '8GB DDR4', 'Apacer AS350 512.11 GB SSD SN: 2023121309029426, ST500DM009-2F110A 500.11 GB HDD W9AFSDZB', 'ASUSTeK COMPUTER INC. H110M-D Rev X.0x Serial Number: 161290976003055', 'AOC 1670W [Monitor] (15.3\"vis, s/n 1068, June 2019)', 'MONSTER', 'A4TECH', 'KEYBOARD', '10.133.50.46', '2C:4D:54:51:1B:67', 'PDED-REY', 'WIN10 PRO 64 BIT - VK7JG-NPHTM-C97JM-9MPGT-3V66T', 'NONE', 'NO', 2, '', '2026-01-24 12:24:21'),
(85, 'Intel Core i3-7100 3.90GHz', '8GB DDR4', 'Apacer AS350 512.11 GB SSD 2023121309028849, WDC WD5000AZLX22JKKA0 500.11 GB HDD WDWCC6Z5VKFS91', 'Gigabyte Technology Co., Ltd. H110M-H-CF', 'AOC 1670W [Monitor] (15.3\"vis, s/n 8454, March 2017)', 'SECURE', 'A4TECH', 'KEYBOARD', '10.133.50.30', 'E0:D5:5E:39:E8:06', 'DS0180', 'WIN10 PRO 64 BIT - ends with MY48R', 'NONE', 'NO', 2, 'slow pc', '2026-01-24 12:24:21'),
(86, 'Intel Core i3-7100 3.90GHz', '8GB DDR4', 'Apacer AS350 512.11 GB SSD SN:2023121309020026, ST500DM009-2F110A 500.11 GB HDD ZA4BZL3A', 'Gigabyte Technology Co., Ltd. H110M-H-CF', 'AOC 1670W [Monitor] (15.3\"vis, s/n 5368, December 2017)', 'ECO POWER', 'A4TECH', 'KEYBOARD', '10.133.50.37', 'E0:D5:5E:39:08:8C', 'DS0179', 'WIN10 PRO 64 BIT - VK7JG-NPHTM-C97JM-9MPGT-3V66T', 'NONE', 'NO', 2, '', '2026-01-24 12:24:21'),
(87, 'Intel Core i3-3240 3.40GHz', '10GB DDR4', 'Apacer AS350 512GB 512.11 GB SSD SN:2023121309028853, TOSHIBA DT01ACA050 500.11 GB HDD 44KV3HJGS', 'SUSTeK COMPUTER INC. H61M-K Rev X.0x Serial Number: 140729030509593', 'AOC 1670W [Monitor] (15.3\"vis, s/n 116, August 2019)', 'SECURE', 'A4TECH', 'KEYBOARD', '10.133.50.45', '78:24:AF:BB:BD:52', 'DESKTOP-2I7KO9J', 'WIN10 PRO 64 BIT - N/A', 'NONE', 'NO', 2, '', '2026-01-24 12:24:21'),
(88, 'Intel Pentium G4400 3.30GHz', '8GB DDR4', 'Apacer AS350 512.11 GB SSD SN:2023121309028858, WDC WD5000AZLX75K2TA0 500.11 GB HDD WD- WCC6Z4UELJN4', 'Gigabyte Technology Co., Ltd. H110M-H-CF', 'AOC 1670W [Monitor] (15.3\"vis, s/n 926, September 2017)', 'SECURE', 'A4TECH', 'KEYBOARD', '10.133.50.34', 'E0:D5:5E:3A:12:F8', 'DS0177', 'WIN10 PRO 64 BIT - VK7JG-NPHTM-C97JM-9MPGT-3V66T', 'NONE', 'NO', 2, '', '2026-01-24 12:24:21'),
(89, 'Intel Pentium Gold G6405 4.10GHz', '16GB DDR4', 'ADATA SU650 512.11 GB SSD 2O202916C9LT', 'Gigabyte Technology Co., Ltd. H510M K V2', 'GDH CHHWJT [Monitor] (27.2\"vis, s/n 16777216, November 2011)', 'SECURE', 'A4TECH', 'KEYBOARD', '10.133.50.98', '74:56:3C:9A:F2:3E', 'DS0511', 'WIN10 PRO 64 BIT - CHT2F-KYNRB-6HWHY-MVY2XXKXTP', 'NONE', 'NO', 2, '', '2026-01-24 12:24:21'),
(90, 'Intel Pentium Gold G6400 4.00GHz', '8GB DDR4', 'ADATA SU650 512.11 GB SSD SN: 2P102L2B97GJ1, ST1000DM010-2EP102 1.00 TB HDD ZN1QHVG5', 'Gigabyte Technology Co., Ltd. H410M H V3', 'AOC 1670W [Monitor] (15.3\"vis, s/n 2672, October 2017)', 'ECO POWER', 'A4TECH', 'KEYBOARD', '10.133.50.33', 'D8:5E:D3:1C:ED:DF', 'DESKTOP-UIF0MP0', 'WIN10 PRO 64 BIT - VK7JG-NPHTM-C97JM-9MPGT-3V66T', 'NONE', 'YES', 2, '', '2026-01-24 12:24:21'),
(91, 'Intel Pentium Gold G5400 3.70GHz', '4GB DDR4', 'ADATA SU650 512.11 GB SSD SN: 2O342L1JACAC, ST500DM009-2F110A 500.11 GB HDD W9AFVXR0', 'ASUSTeK COMPUTER INC. EX-H310M-V3 R2.0 Rev X.0x Serial Number: 190449138902544', 'AOC 1670W [Monitor] (15.3\"vis, s/n 2672, October 2017)', 'SECURE', 'A4TECH', 'KEYBOARD', '10.133.50.14', '04:D4:C4:AB:E5:F7', 'CWHSE-KRISTINE', 'WIN10 PRO 64 BIT - QPVRG-DPNCQ-7JX8J-YFDRT-4M49G', 'YES', 'YES', 2, '', '2026-01-24 12:24:21'),
(92, 'Intel Pentium Gold G6405 4.10GHz', '16GB DDR4', 'ADATA SU650 512.11 GB SSD SN: 2O2029AJASWR', 'Gigabyte Technology Co., Ltd. H510M K V2', 'NVISION IPS N190HDV8 [Monitor] (19.0\"vis, February 2022)', 'SECURE', 'A4TECH', 'KEYBOARD', '10.133.50.41', '74:56:3C:9A:E4:C9', 'DS0512', 'WIN10 PRO 64 BIT - 7GTPW-NW948-BDQTP-QTQMX-P3722', 'NONE', 'YES', 2, '', '2026-01-24 12:24:21'),
(93, 'Intel Core i3-4170 3.70GHz', '8GB DDR4', 'SPCC Solid State Disk 256.06 GB SSD AA230316S30256046, ST1000DM010-2EP102 1.00 TB HDD ZN1MCAK4', 'Gigabyte Technology Co., Ltd. H81M-DS2', 'AOC 1620 [Monitor] (15.3\"vis, s/n 2112, May 2010)', 'ECO POWER', 'A4TECH', 'KEYBOARD', '10.133.50.57', '40:8D:5C:FB:A7:EF', 'DESKTOP-BNNK748', 'WIN10 PRO 64 BIT - VK7JG-NPHTM-C97JM-9MPGT-3V66T', 'NONE', 'YES', 2, '', '2026-01-24 12:24:21'),
(94, 'Intel Pentium Gold G5400 3.70GHz', '8GB DDR3', 'Apacer AS350 512.11 GB SSD MP50B65016222', 'ASUSTeK COMPUTER INC. EX-H310M-V3 Rev X.0x Serial Number: 180732072600980', 'AOC 1670W [Monitor] (15.3\", s/n 5145, November 2013)', '', 'A4TECH', 'KEYBOARD', '10.133.50.93', '0C:9D:92:C6:15:92', 'QA-ERWIN', 'WIN10 PRO 64 BIT - QNY7C-CJCGR-WJDF2-BDX8V7QWXC', 'NONE', 'NO', 2, '', '2026-01-24 12:29:33'),
(95, 'Intel Core 2 Duo E7500 2.93GHz', '2GB DDR3', 'Hitachi HDS721016CLA382 160.04 GB HDD JPA170H22G21B', 'ASUSTeK Computer INC. P5KPL-AM EPU x.0x Serial Number: MT7003K43807826', 'AOC 1621Wb [Monitor] (15.3\", s/n 7118, May 2012)', '', 'A4TECH', 'KEYBOARD', '10.133.50.96', '48:5B:39:AE:81:EA', 'KOPPEl-QA069', 'WIN10 PRO 64 BIT - J73KF-FXFXK-PJ8KF-X9JH4-VCYVG', 'NONE', 'NO', 2, '', '2026-01-24 12:29:33'),
(96, 'Intel Core i3-2120 3.30GHz', '4GB DDR3', 'Hitachi HDS721050DLE630 500.11 GB HDD MSK4235H34L0G', 'Intel Corporation DH61HO AAG62445-102 Serial Number: GEHO2210080E', 'AOC 1621Wb [Monitor] (15.3\", s/n 12214, May 2012)', '', 'A4TECH', 'KEYBOARD', '10.133.50.101', 'EC:A8:6B:71:C7:A8', 'KOPPEL-QA58', 'WIN10 PRO 64 BIT - 342DG-6YJR8-X92GV-V7DCV-P4K27', 'NONE', 'NO', 2, '', '2026-01-24 12:29:33'),
(97, 'Intel Pentium G4560 3.50GHz', '8GB DDR4', 'ADATA SU650 512.11 GB SSD 4P1322055830, ST500DM009-2F110A 500.11 GB HDD ZA46FJPD1', 'Gigabyte Technology Co., Ltd. H110M-DS2-CF Bus Clock: 100 megahertz', 'AOC 1670W [Monitor] (15.3\", s/n 7304, March 2017)', '', 'A4TECH', 'KEYBOARD', '10.133.50.68', '1C:1B:0D:FA:6F:C3', 'QA-CARY', 'WIN10 PRO 64 BIT - VK7JG-NPHTM-C97JM-9MPGT-3V66T', 'NONE', 'NO', 2, '', '2026-01-24 12:29:33'),
(98, 'Intel Pentium Gold G6405 4.10GHz', '8GB DDR4', 'ADATA SU650 256.06 GB SSD SN: 2O0329A6N6LP', 'Gigabyte Technology Co., Ltd. H510M K V2 Bus Clock: 100 megahertz', 'NVISION IPS N190HDV8 [Monitor] (19.0\", February 2022)', '', 'A4TECH', 'KEYBOARD', '10.133.50.97', '74:56:3C:9A:E5:13', 'DS0513', 'WIN10 PRO 64 BIT - N/A', 'NONE', 'NO', 2, '', '2026-01-24 12:29:33'),
(99, 'Intel Pentium G4560 3.50GHz', '8GB DDR4', 'TOSHIBA DT01ACA050 500.11 GB HDD SN: 672P9AGBS', 'Gigabyte Technology Co., Ltd. H110M-H-CF', 'AOC 1620 [Monitor] (15.3\", s/n 2114, February 2010)', 'SECURE', 'A4TECH', 'KEYBOARD', '10.133.2.5', '1C:1B:0D:5B:8F:58', 'HR-RACHELLE', 'WIN10 PRO 64 BIT - N/A', 'NONE', 'NO', 2, 'slow pc', '2026-01-24 12:31:23'),
(100, 'Intel Core i3-9100 3.60GHz', '8GB DDR4', 'ST1000DM010-2EP102 1.00 TB HDD SN: W9ANPY06', 'SUSTeK COMPUTER INC. EX-H310M-V3 R2.0 Rev X.0x Serial Number: 201278671600453', 'NVISION IPS N190HDV8 [Monitor] (19.1\", s/n V9U170100001, July 2023)', 'SECURE', 'A4TECH', 'KEYBOARD', '10.133.50.74', 'F0:2F:74:35:03:0F', 'KOPPEL-UPS001', 'WIN10 PRO 64 BIT - N/A', 'YES', 'YES', 2, 'slow pc', '2026-01-24 12:31:23'),
(109, 'INTEL CORE I3-4170 3.7GHZ', '8GB DDR3 1600MHZ', '\"477 GB SSD ADATA AS350 512GB SN# 4P1122017111\"', 'GIGABYTE GA-H81M-DS2', '\"NVISION 19\"\" WIDE SCREEN MONITOR SN#N200VL658A220902452 TAG: MTR3052\"', 'SECURE', 'A4TECH MOUSE', 'A4TECH KEYBOARD', '115.88.0.218', '40:8D:5C:A2:C2:43', 'DESKTOP-PC8F0RC', 'WIN10 PRO 64 BIT - VK7JG-NPHTM-C97JM-9MPGT-3V66T', 'NONE', 'DS03052', 6, '', '2026-03-18 07:58:36'),
(110, 'INTEL PENTIUM CPU G4560 3.5GHZ', '8GB DDR4 2400MHZ', '\"HP S750 500GB  SN#HASA33140300492\"', 'GIGABYTE GA-H81M-DS2', '\"AOC 15.6\"\" WIDE SCREEN MONITOR SN#L8192JA014722 TAG: MTR3049\"', 'MONSTER', 'A4TECH MOUSE', 'A4TECH KEYBOARD', '115.88.1.1', '1C:1B:0D:FA:61:C7', 'DESKTOP-1S1QDNR', 'WIN10 PRO 64 BIT - VK7JG-NPHTM-C97JM-9MPGT-3V66T', 'NONE', 'DS03049', 6, '', '2026-03-18 07:59:34'),
(111, '2.50 gigahertz Intel 12th Gen Core i5-12400', '32GB DDR4 2666MHZ', '\"KINGSTON SKC600512G 512.11 GB SSD 50026B7785BCDD20\"', '\"ASUSTeK COMPUTER INC. PRIME H610M-K D4 Rev Serial Number: 240638926803149\"', '\"IPS N190HDV8 [Monitor] (19.0\"\"vis, February 2022) TAG: MTR3053\"', 'SECURE', 'A4TECH MOUSE', 'A4TECH KEYBOARD', '115.88.0.149', 'CC:28:AA:D8:8C:45', 'HEEC-JUSTINE', 'WIN10 PRO 64 BIT - CPTNV-M4R3P-Y969J-PQK8R-JHV22', 'NONE', 'DS03053', 6, '', '2026-03-18 08:01:32'),
(125, 'Intel(R) Core(TM) i3-3240 CPU @ 3.40GHz 3.40 GHz', '12GB RAM DDR3 1600 MHZ', '477 GB SSD Apacer AS350 512GB\nSN: 142407506997\n932 GB HDD ST1000DM010-2EP102', 'ASUS H61M-E', 'A0V MONITOR\nSN: GLRE91A002520\nTAG: MTR3065', 'SECURE', 'A4TECH MOUSE', 'A4TECH KEYBOARD', '115.88.1.44', 'E0-3F-49-84-1A-98', 'DESKTOP-34L5A64', 'NONE', 'NONE', 'DS03065', 7, '', '2026-03-18 08:22:51'),
(126, 'Intel(R) Pentium(R) CPU G4560 @ 3.50GHz 3.50 GHz', '8GB RAM DDR4 2400 MHZ', '477 GB SSD Apacer AS350 512GB\nSN: 2P0929AGCJJ1', 'GIGABYTE GA-H110M-DS2', 'ACER MONITOR\nSN: MMLTYSS00363701E204206\nTAG: MTR3066', 'ECO POWER', 'A4TECH MOUSE', 'A4TECH KEYBOARD', '115.88.0.248', '1C-1B-0D-B4-ED-07', 'HIMC-PC151', 'NONE', 'NONE', 'DS03066', 7, '', '2026-03-18 08:22:51'),
(127, 'Intel(R) Core(TM) i3-3210 CPU @ 3.20GHz 3.20 GHz', '8GB RAM DDR3 1600 MHZ', '256GB SSD Apacer AS350\nSN: 142213206816\n466 GB HDD ST500DM002-1BD142', 'INTEL DESKTOP BOARD', 'A0V MONITOR\nSN: EURD51A004234\nTAG: MTR3067', 'MONSTER', 'A4TECH MOUSE', 'A4TECH KEYBOARD', '115.88.1.78', '7C-05-07-0E-B2-E6', 'HIAIRE-SERV01A', 'WIN10 PRO 64 BIT - WJP8G-NKX22-XPP6T-K24XV-MBH26', 'YES', 'DS03067', 7, '', '2026-03-18 08:22:51'),
(128, 'Intel(R) Core(TM) i3-3240 CPU @ 3.40GHz 3.40 GHz', '8GB RAM DDR4 2400 MHZ', '477 GB SSD Apacer AS350 512GB\nSN: 2P09291G9CAY', 'ASUS H61M-E', 'A0V MONITOR\nSN: HHKE61A000981\nTAG: MTR3068', 'POWERBOX', 'A4TECH MOUSE', 'LIMEDE KEYBOARD', '115.88.1.56', 'E0-3F-49-84-19-41', 'DESKTOP-5UNAH6E', 'NONE', 'NONE', 'DS03068', 7, '', '2026-03-18 08:22:51'),
(129, 'Intel(R) Pentium(R) Gold G5400 CPU @ 3.70GHz 3.70 GHz', '8GB RAM DDR4 2400 MHZ', '256GB SSD Ramsta SSD S800\nSN: RLL412701SA0399\n466 GB HDD ST500DM009-2F110A', 'ASUS EX H310M-V3 R2.0', 'A0V MONITOR\nSN: W18AJA003046\nTAG: MTR3069', 'SECURE', 'A4TECH MOUSE', 'A4TECH KEYBOARD', '115.88.0.167', '04-D4-C4-23-11-0C', 'HIAIRE-002', 'WIN10 PRO 64 BIT - H49NK-6GHFB-K22FM-RYFCQ-CV66T', 'NONE', 'DS03069', 7, 'DEFECTIVE AVR', '2026-03-18 08:22:51'),
(130, 'Intel(R) Xenon(R) CPU e3-1225 v3 @ 3.20GHz 3.20 GHz', '16GB RAM DDR3 1600 MHZ', '477 GB SSD Apacer AS350 512GB', 'UNKNOWN', 'HP LCD MONITOR\nTAG: MTR3070', 'MONSTER', 'A4TECH MOUSE', 'HP KEYBOARD', '115.88.0.216', '50-65-F3-39-A6-FA', 'HIMC-CAD01', 'NONE', 'NONE', 'DS03070', 7, '', '2026-03-18 08:22:51'),
(131, 'Intel(R) Core(TM) i3-3240 CPU @ 3.40GHz 3.40 GHz', '16GB RAM DDR3 1600 MHZ', '477 GB SSD Apacer AS350 512GB\nSN: 2P092LAG7DHW', 'ASUS H61M-K', 'A0V MONITOR\nSN: EQUD51A006536\nTAG: MTR3071', 'SECURE', 'A4TECH MOUSE', 'A4TECH KEYBOARD', '115.88.0.203', 'AC-22-0B-C1-4E-CF', 'HIAIRE-004', 'NONE', 'NONE', 'DS03071', 7, '', '2026-03-18 08:22:51'),
(132, 'Intel(R) Core(TM) i3-3220 CPU @ 3.30GHz 3.30 GHz', '16GB RAM DDR3 1600 MHZ', '477 GB ADATA SU650 SSD 512 GB\nSN: 2P092918SNHY', 'ASUS H61M-E', 'NVISION MONITOR\nSN: N190VL658A251180696\nTAG: MON06969', 'ADVANCE VOLTAGE REINFORCER', 'A4TECH MOUSE', 'A4TECH KEYBOARD', '115.88.0.134', 'AC-22-0B-80-56-D8', 'DESKTOP-573AM93', 'NONE', 'NONE', 'DS03072', 7, '', '2026-03-18 08:22:51'),
(133, 'Intel(R) Core(TM) i3-3240 CPU @ 3.40GHz 3.40 GHz', '8GB RAM DDR3 1333 MHZ', '238 GB SSD Ramsta SSD S800\nSN: RCC412701SA03098\n466 GB HDD ST500DM002-1ER14C', 'ASUS H61M-K', 'A0V MONITOR\nSN: W18A3JA006333\nTAG: MTR3073', 'SECURE', 'HP MOUSE', 'A4TECH KEYBOARD', '115.88.0.200', '78-24-AF-C1-96-BF', 'HIAIRE-001', 'WIN10 PRO 64 BIT - N4Q3P-JFJBP-8BMCW-JFJBP-C9XTT', 'NONE', 'DS03073', 7, '', '2026-03-18 08:22:51'),
(134, 'Intel(R) Core(TM) i3-10105 CPU @ 3.70GHz 3.70 GHz', '8GB RAM DDR4 2666 MHZ', '477 GB SSD Apacer AS350 512GB', 'ASUS H410M H V3', 'NVISION MONITOR\nSN: N190VL658A251179353\nTAG: MON93537', 'ECO POWER', 'DELUXE MOUSE', 'A4TECH KEYBOARD', '115.88.0.222', 'D8-5E-D3-4E-7A-A1', 'HIAIRE-CAD03AA', 'WIN10 PRO 64 BIT - N7Y2D-24FXW-79M6D-M6PDY-8FG6T', 'NONE', 'DS03074', 7, '', '2026-03-18 08:22:51'),
(135, 'Intel(R) Core(TM) i3-3220 CPU @ 3.30GHz 3.30 GHz', '16GB RAM DDR3 1333 MHZ', '477 GB SSD Apacer AS350 512GB', 'ASUS H61M-E', 'NVISION MONITOR\nSN: N190VL658A251179370\nTAG: MON93708', 'ECO POWER', 'OPTICAL MOUSE', 'A4TECH KEYBOARD', '115.88.0.193', 'AC-22-0B-80-56-DA', 'HIAIRECAD', 'NONE', 'NONE', 'DS03075', 7, '', '2026-03-18 08:22:51'),
(136, 'Intel(R) Core(TM) i3-3220 CPU @ 3.30GHz 3.30 GHz', '6GB RAM DDR3 1333 MHZ', '477 GB SSD Apacer AS350 512GB', 'ASUS H61M-E', 'A0V MONITOR\nSN: ERUD91A005427\nTAG: MTR3076', 'MITSUI COMPAC', 'A4TECH MOUSE', 'INTEX KEYBOARD', '115.88.0.100', 'AC-22-0B-80-56-D4', 'DESKTOP-EB79ECB', 'NONE', 'NONE', 'DS03076', 7, '', '2026-03-18 08:22:51'),
(137, 'Intel(R) Core(TM) i3-3240 CPU @ 3.40GHz 3.40 GHz', '8GB RAM DDR3 1600 MHZ', '120 GB PATRIOT SPARK SSD\r\nSN: PSK128GS25SSDR\r\n160 GB HDD', 'ASUS H61M-K', 'A0V MONITOR\r\nSN: W019AJA000481\r\nTAG: MTR3077', 'MITSUI COMPAC', 'GENIUS MOUSE', 'GENIUS KEYBOARD', '115.88.0.103', 'AC-22-0B-80-56-D7', 'DESKTOP-1DDNUHT', 'NONE', 'NONE', 'DS03077', 7, 'DEFECTIVE MONITOR, OLD PC CASE, OLD KEYBOARD', '2026-03-18 08:22:51');

-- --------------------------------------------------------

--
-- Table structure for table `holidays`
--

CREATE TABLE `holidays` (
  `id` int(11) NOT NULL,
  `holiday_date` date NOT NULL,
  `description` varchar(255) DEFAULT NULL
) ENGINE=InnoDB DEFAULT CHARSET=utf8mb4 COLLATE=utf8mb4_general_ci;

--
-- Dumping data for table `holidays`
--

INSERT INTO `holidays` (`id`, `holiday_date`, `description`) VALUES
(1, '2026-02-17', 'holiday'),
(3, '2026-02-25', 'People Power Revolution'),
(5, '2026-03-20', 'Edil Fitr'),
(9, '2026-03-21', 'Weekends'),
(10, '2026-03-22', 'Weekends'),
(11, '2026-03-28', 'Weekends'),
(12, '2026-03-29', 'Weekends');

-- --------------------------------------------------------

--
-- Table structure for table `item_condition_tb`
--

CREATE TABLE `item_condition_tb` (
  `condition_id` int(11) NOT NULL,
  `condition_name` varchar(30) NOT NULL,
  `description` varchar(100) NOT NULL,
  `created_at` timestamp NOT NULL DEFAULT current_timestamp() ON UPDATE current_timestamp(),
  `updated_at` datetime NOT NULL
) ENGINE=InnoDB DEFAULT CHARSET=utf8mb4 COLLATE=utf8mb4_general_ci;

--
-- Dumping data for table `item_condition_tb`
--

INSERT INTO `item_condition_tb` (`condition_id`, `condition_name`, `description`, `created_at`, `updated_at`) VALUES
(1, 'Good', 'All Working', '2026-03-14 15:41:51', '2026-03-14 16:40:46'),
(2, 'Damaged', 'Slightly Damaged', '2026-03-20 12:31:35', '2026-03-14 16:40:46'),
(3, 'Defective', 'Defective', '2026-03-14 15:42:15', '2026-03-14 16:41:54'),
(4, 'Disposed', 'For Disposal', '2026-03-20 12:15:55', '2026-03-14 16:41:54');

-- --------------------------------------------------------

--
-- Table structure for table `item_tb`
--

CREATE TABLE `item_tb` (
  `item_id` int(11) NOT NULL,
  `item_code` varchar(100) NOT NULL DEFAULT 'N/A',
  `name` varchar(100) NOT NULL,
  `brand` varchar(100) NOT NULL,
  `model` varchar(100) NOT NULL,
  `serial_number` varchar(100) DEFAULT NULL,
  `description` text DEFAULT NULL,
  `quantity` int(11) DEFAULT 0,
  `date_received` date DEFAULT NULL,
  `created_at` timestamp NOT NULL DEFAULT current_timestamp(),
  `updated_at` timestamp NOT NULL DEFAULT current_timestamp() ON UPDATE current_timestamp(),
  `type_id` int(11) UNSIGNED NOT NULL,
  `condition_id` int(11) NOT NULL DEFAULT 1
) ENGINE=InnoDB DEFAULT CHARSET=utf8mb4 COLLATE=utf8mb4_general_ci;

--
-- Dumping data for table `item_tb`
--

INSERT INTO `item_tb` (`item_id`, `item_code`, `name`, `brand`, `model`, `serial_number`, `description`, `quantity`, `date_received`, `created_at`, `updated_at`, `type_id`, `condition_id`) VALUES
(51, 'HIMCLP0011', 'Laptop', 'Lenovo ', 'Lenovo Ideapad 100, 80RK', 'PF0KM4VL', 'CPU: Intel i3-5005U 2.0G\r\nRAM: 8GB RAM DDR4\r\nROM: 256 SSD\r\nOS: Windows 10 Pro 64-bit\r\nDate Issued: October 6, 2016\r\nIssue: Broken hinge', 1, '2016-10-06', '2025-09-11 05:28:29', '2026-03-26 06:53:14', 6, 3),
(52, 'HIMCLP0011', 'Laptop Charger', 'Lenovo ', 'N/A', '8S5A10J40450C0C1SG64F003Y', 'Laptop Charger for Lenovo Ideapad 3', 0, '2016-10-06', '2025-09-11 05:29:19', '2025-10-15 00:28:10', 2, 1),
(83, 'RAM008R01', 'RAM', 'Samsung', 'Samsung', '8SSM30N768G1PF436008R', 'SAMSUNG 8GB DDR4 3200MHZ SODIMM for Sarah Rioveros', 1, '2025-05-05', '2025-09-09 03:39:30', '2025-09-11 23:45:19', 1, 1),
(84, 'SSD358001', 'SSD', 'Apacer', 'AS350', '192507403580', 'APACER AS350 512GB 2.5\" \r\nINTERNAL SSD for Sarah Rioveros', 0, '2025-05-05', '2025-09-09 03:39:30', '2025-09-29 01:24:02', 7, 1),
(85, 'MTR664801', 'Monitor', 'Nvision', 'N190HD V8', 'N190VL658A241116648', 'NVISION 19\" N190HD V8 LED MONITOR for ACCTG PC', 0, '2025-05-30', '2025-09-09 03:39:30', '2025-09-29 02:00:47', 2, 1),
(86, 'MTR377702', 'Monitor', 'Nvision', 'N190HD V8', 'N190VL658A241223777', 'NVISION 19\" N190HD V8 LED MONITOR FOR REF PC', 0, '2025-05-30', '2025-09-09 03:39:30', '2025-09-19 06:24:48', 2, 1),
(87, 'KEY00001', 'Keyboard', 'A4TECH', 'KRS-3330', 'N/A', 'A4TECH KRS-3330 KEYBOARD ', 0, '2025-06-26', '2025-09-09 03:39:30', '2025-12-09 02:02:27', 2, 1),
(88, 'SSD9CUY02', 'SSD', 'ADATA', 'SU650', '2P1029129CUY', 'ADATA SU650 SSD 512 GB FOR Merriam Mangrobang Laptop', 0, '2025-06-26', '2025-09-09 03:39:30', '2025-09-23 07:04:21', 7, 1),
(89, 'RJ400001', 'RJ45', 'RJ45', 'RJ45', 'N/A', 'RJ45 ', 1, '2025-07-14', '2025-09-09 03:39:30', '2025-12-01 00:21:51', 8, 1),
(90, 'CMS000001', 'Cmos Battery', 'Cmos Battery', 'Cmos Battery', 'N/A', 'CMOS BATTERY', 5, '2025-07-14', '2025-09-09 03:39:30', '2025-11-25 03:41:13', 8, 1),
(92, 'PLI00001', 'Pliers Sets', 'N/A', 'N/A', 'N/A', '(Plier, Long Nose, and Cutter)', 1, '2025-09-09', '2025-09-09 05:12:50', '2025-09-23 06:40:00', 5, 1),
(93, 'SCR00002', 'Screwdriver', 'N/A', 'N/A', 'N/A', 'Phillip Screwdriver ', 2, '2025-09-09', '2025-09-09 05:12:50', '2025-09-23 06:40:09', 5, 1),
(94, 'SCR00002', 'Screwdriver', 'N/A', 'N/A', 'N/A', 'Flat Screwdriver', 3, '2025-09-09', '2025-09-09 05:12:50', '2025-09-23 06:40:22', 5, 1),
(95, 'CRI00002', 'Crimping Tool', 'N/A', 'N/A', 'N/A', 'Crimping Tool pass through', 1, '2025-09-09', '2025-09-09 05:12:50', '2025-09-23 06:40:31', 5, 1),
(96, 'LAN00001', 'LAN Tester', 'N/A', 'N/A', 'N/A', 'LAN Tester', 1, '2025-09-09', '2025-09-09 05:12:50', '2025-09-23 06:40:41', 5, 1),
(97, 'HDD00001', 'HDD Dock', 'N/A', 'N/A', 'N/A', 'HDD Docking Station', 1, '2025-09-09', '2025-09-09 05:12:50', '2025-09-23 06:40:47', 5, 1),
(98, 'CRI00002', 'Crimping Tool', 'N/A', 'N/A', 'N/A', 'Ethernet Punch Down Tool', 1, '2025-09-09', '2025-09-09 05:12:50', '2025-09-23 06:40:55', 5, 1),
(99, 'SOL00001', 'Soldering Machine', 'N/A', 'N/A', 'N/A', '2 in 1 Soldering Station (Soldering Iron and Heat Gun)', 1, '2025-09-09', '2025-09-09 05:12:50', '2025-12-02 00:22:42', 5, 1),
(100, 'BRU00001', 'Brush', 'N/A', 'N/A', 'N/A', 'Paint brush', 1, '2025-09-09', '2025-09-09 05:12:50', '2025-10-01 08:30:56', 5, 1),
(101, 'CLE00001', 'Cleaner', 'N/A', 'N/A', 'N/A', 'Wie Out', 1, '2025-09-09', '2025-09-09 05:12:50', '2025-09-23 06:44:01', 5, 1),
(102, 'CON00001', 'Contact Cleaner', 'N/A', 'N/A', 'N/A', 'Contact Cleaner', 1, '2025-09-09', '2025-09-09 05:12:50', '2025-09-23 06:44:07', 5, 1),
(103, 'ADA00001', 'Adapter', 'N/A', 'N/A', 'N/A', 'LAN to USB adapter', 1, '2025-09-09', '2025-09-09 05:12:50', '2025-09-23 06:44:13', 5, 1),
(104, 'CUT00001', 'Cutter', 'N/A', 'N/A', 'N/A', 'Heavy Duty Cutter', 1, '2025-09-09', '2025-09-09 05:12:50', '2025-09-23 06:39:49', 5, 1),
(105, 'HDDORFT09', 'HDD', 'Toshiba', 'Toshiba', 'X7AOPORFT', 'Allan Old 1TB HDD', 1, '2025-09-09', '2025-09-09 05:12:50', '2025-09-23 01:12:13', 7, 1),
(106, 'FLA00001', 'Flashdrive', 'Sandisk', 'Sandisk', 'N/A', 'Sandisk 4GB (Red)', 0, '2025-09-09', '2025-09-09 05:12:50', '2025-09-23 01:10:07', 7, 1),
(107, 'HDM00001', 'HDMI Splitter', 'HDMI Splitter', 'HDMI Splitter', 'N/A', 'HDMI Splitter', 1, '2025-09-09', '2025-09-09 05:12:50', '2026-02-27 04:15:13', 5, 1),
(108, 'LT0200', 'Laptop', 'Dell', 'Dell Latitude 5410', '1BXSM53', 'CPU: i5-10310U 1.70GHz\r\nRAM: 16GB RAM 2677MT/s\r\nROM: DIGISTOR 512GB\r\nOS: WIN 11-64 BIT PRO', 0, '2024-08-01', '2025-09-09 05:47:05', '2025-11-03 01:03:25', 6, 1),
(109, 'LT0200', 'Laptop Charger', 'Dell', 'DA65PM111', 'N/A', 'Laptop Charger for Dell', 0, '2024-08-01', '2025-09-09 05:48:45', '2025-11-03 01:07:07', 2, 1),
(110, 'LT0149', 'Laptop', 'Dell', 'Dell Latitude 5490', '4191901498', 'CPU: I7 8TH GEN @1.90 GHZ\r\nRAM: 8GB RAM 2400 MHZ\r\nROM: 256 GB SSD\r\nOS: Windows 11 PRO 64 bit\r\nDate Issued: September 2023 to Jerwin Herrera', 1, '2023-09-25', '2025-09-09 05:51:54', '2025-09-09 06:31:08', 6, 1),
(111, 'LT0149', 'Laptop Charger', 'Dell', 'LA65130', 'N/A', 'Laptop Charger for Dell Latitude 5490', 1, '2023-09-01', '2025-09-09 05:53:49', '2025-09-09 06:31:16', 2, 1),
(112, 'LAPRFQ512', 'Laptop', 'Lenovo', 'Lenovo Ideapad 3', 'PF3XRFQ5', 'CPU: I5 11TH GEN @ 2.40GHZ\r\nRAM: 8GB RAM DDR4 3200 MHZ\r\nROM: 500 GB SSD\r\n0S: Windows 11 Home 64 bit\r\nDate Issued: March 2023 to Yaj Comia', 0, '2023-03-01', '2025-09-09 05:56:27', '2025-10-15 00:52:31', 6, 1),
(113, 'LT0070', 'Laptop Charger', 'Lenovo', 'PA-1450-55L', 'N/A', 'Laptop Charger for Lenovo Ideapad 3', 1, '2016-06-01', '2025-09-09 05:58:38', '2025-09-14 23:41:03', 2, 1),
(114, 'LT0130', 'Laptop', 'Acer', 'Acer Travelmate ', 'NXVLFSP00117047907600', 'CPU: I3 10TH GEN @2.10GHZ\r\nRAM: 4GB RAM DDR4 2667 MHZ \r\nROM: 1TB HDD \r\nDATE ISSUED: AUGUST 2021 on Mei Sales\r\nWith Acer Laptop Charger & Laptop Bag\r\n\r\nUpgrade:\r\nRAM: 8GB RAM DDR4 2667 MHZ \r\nROM: 500GB SSD\r\nDate: September 8, 2025 ', 0, '2025-09-09', '2025-09-09 06:03:41', '2025-09-23 02:06:46', 6, 1),
(115, 'N/A', 'Laptop Charger', 'Acer', 'PA-1700-02', 'N/A', 'Laptop Charger for Acer Travelmate P214 Series', 0, '2025-09-01', '2025-09-09 06:06:29', '2025-09-10 01:40:11', 2, 1),
(116, 'LP0015', 'Laptop', 'Acer', 'Acer Travelmate P214 Series', 'NXVLFSP00T04003A817600', 'CPU: I5 10TH GEN 1.60GHZ\nRAM: 8GB RAM DDR4 2667 MHZ\nROM: 500 GB SSD\nOS: WINDOWS 10 HOME 64 BIT\nDate Issued: NOVEMBER 2020 to Atty Jake\nWith Acer Laptop Charger', 0, '2020-11-01', '2025-09-09 06:11:55', '2025-09-10 02:01:09', 6, 1),
(117, 'N/A', 'Laptop Charger', 'Acer', 'A13-045N2A', 'F2T8341422002703', 'Laptop Charger for ACER TRAVELMATE P214 SERIES', 0, '2020-11-01', '2025-09-09 06:13:41', '2025-09-10 01:38:55', 2, 1),
(120, 'LT0137', 'Laptop', 'HP', 'HP Pavillion 15z-eh100', '5CD1496GVX', 'CPU: AMD RYZEN 5 5500U 2.20GHz\nRAM: 8GB RAM\nROM: 256GB SSD\nOS: WINDOWS 11 HOME 64 BIT\nDate Issued: JANUARY 2022 to REF Manager', 0, '2022-01-03', '2025-09-09 08:00:47', '2025-10-13 00:54:05', 6, 1),
(121, 'N/A', 'Laptop Charger', 'HP', 'HP', 'N/A', 'Laptop Charger or HP Pavillion', 0, '2022-01-03', '2025-09-09 08:02:56', '2025-10-13 00:53:35', 2, 1),
(125, 'LT0076', 'Laptop', 'Acer', 'Acer Aspire ES1433', 'NXGLLSP00164605CE37200', 'CPU: I3 6th Gen 2 GHz \r\nRAM: 12 GB RAM DDR4 2133 MHz\r\nROM: 500 GB SSD\r\nOS: Windows 10 Home 64 bit\r\nLaptop for Cebu branch\r\nUpgrade  by Sir King last \r\n2024\r\nIssue: Defective Battery', 0, '2017-03-01', '2025-09-10 05:50:13', '2025-11-19 07:52:27', 6, 1),
(126, 'LT0076', 'Laptop Charger', 'Acer', 'PA-1700-02', 'N/A', 'Laptop Charger for Acer Aspire ES1-433', 0, '2017-03-01', '2025-09-10 05:56:21', '2025-11-19 07:53:32', 2, 1),
(127, 'CDR091025', 'CD ROM', 'Lenovo', 'DB65', 'N/A', 'Lenovo USB Portable DVD Burner', 1, '2025-09-10', '2025-09-10 07:26:44', '2025-09-23 00:46:35', 7, 1),
(128, 'HDD091025', 'External HDD', 'Transcend', 'Transcend', 'I08691-3376', '1TB External HDD (Small Black)', 1, '2025-09-10', '2025-09-10 09:09:47', '2025-09-23 00:56:30', 7, 1),
(129, 'HDD091025', 'External HDD', 'Seagate', 'Seagate', '2GH4XMVP', '1TB External HDD (Large Black)', 1, '2025-09-10', '2025-09-11 00:33:22', '2025-10-01 08:31:57', 7, 1),
(132, 'MTR625903', 'Monitor', 'Nvision', 'N190HD V8', 'N190HDV8S250606259', 'Nvision N190HD V8 Monitor', 0, '2025-09-11', '2025-09-11 09:26:35', '2025-09-11 23:40:19', 2, 1),
(133, 'MTR693104', 'Monitor', 'Nvision', 'N190HD V8', 'N190VL658A240886931', 'Nvision N190HD V8 Monitor', 0, '2025-09-11', '2025-09-11 09:28:22', '2025-09-11 23:40:00', 2, 1),
(134, 'IP 24481', 'IP Phone', 'N/A', 'N/A', 'NMD223C002448', 'Black IP IPhone ', 0, '2025-02-02', '2025-09-11 23:53:16', '2026-01-19 03:03:26', 6, 1),
(135, 'IP 24470', 'IP Phone', 'N/A', 'N/A', 'NMD223C002447', 'Black IP Phone\r\n2 SIP LINE\r\nPOE Enabled (S1EP Only)\r\nHandset/Hands free/Headphone Mode\r\nDesktop Stand\r\nOptional External Power Sup', 0, '2025-02-02', '2025-09-11 23:54:44', '2026-01-19 03:03:11', 6, 1),
(136, 'BMT006303', 'Biometrics', 'NGTECO', 'AS10', 'GPR125120063', 'Deployment of new biometrics for CDO Branch', 0, '2025-08-13', '2025-09-12 00:22:10', '2025-09-15 00:47:53', 6, 1),
(137, 'BMT031802', 'Biometrics', 'NGTECO', 'AS10', 'GPR1251200318', 'Deployment of new biometric for Iloilo Branch', 0, '2025-08-13', '2025-09-12 00:25:22', '2025-09-15 00:48:16', 6, 1),
(138, 'BMT052901', 'Biometrics', 'NGTECO', 'AS10', 'GPR1251200529', 'Deployment of new biometric for Canlubang', 0, '2025-08-13', '2025-09-12 00:27:46', '2025-11-19 06:31:48', 6, 1),
(139, 'PRT867001', 'Printer', 'Canon', 'Canon GM2070', 'KMEN08670', 'Service Unit Printer', 1, '2021-11-08', '2025-09-12 02:42:32', '2026-02-19 05:49:02', 6, 1),
(140, 'PTR234302', 'Printer', 'Epson', 'EPSON ECOTANK M2050', 'XCCW002343', 'Spare Printer\r\nIssued to Iloilo\r\n', 0, '2025-06-28', '2025-09-12 02:45:59', '2026-03-08 01:00:00', 6, 1),
(142, 'LP6092', 'Laptop', 'Lenovo', 'Lenovo ThinkPad X390', 'PC-1DFVTR', 'CPU: I7 8th Gen @1.90 GHz\r\nRAM: 16 GB DDR4 2400 MHz\r\nROM: 500GB SSD\r\nOS: Windows 10 Pro 64 bit\r\nCharger Code: LPC6092', 1, '2024-10-16', '2025-09-16 01:43:59', '2026-03-19 06:12:02', 6, 1),
(143, 'LAP000011', 'Laptop Charger', 'Lenovo', 'ADLX45YLC2D', 'N/A', 'Laptop Charger for Lenovo ThinkPad X390', 1, '2024-10-16', '2025-09-16 01:57:39', '2026-03-19 06:11:48', 2, 1),
(144, 'SSD708103', 'SSD', 'ADATA', 'SU650', '4P1122017081', 'For sir Moyo', 0, '2025-09-17', '2025-09-19 02:00:56', '2025-09-22 08:34:39', 7, 1),
(145, 'SSD711104', 'SSD', 'ADATA', 'SU650', '4P1122017111', 'For sir Miguel', 0, '2025-09-17', '2025-09-19 02:02:03', '2025-09-22 08:58:30', 7, 1),
(146, 'SSD708005', 'SSD', 'ADATA', 'SU650', '4P1122017080', 'For sir Noy', 0, '2025-09-17', '2025-09-19 02:02:41', '2025-09-23 06:14:38', 7, 1),
(147, 'RAM8G2202', 'RAM', 'ADATA', 'ADATA', 'AD4S32008G22', 'For Sir Moyo', 0, '2025-09-17', '2025-09-19 02:05:02', '2025-09-22 08:35:09', 1, 1),
(151, 'INK90121', 'INK', 'Epson', 'N/A', '014699012', 'For CNC Printer', 0, '2025-09-19', '2025-09-19 02:36:38', '2025-11-19 05:19:46', 8, 1),
(152, 'INK90102', 'INK', 'Epson', 'N/A', '014699010', 'For CNC Printer', 0, '2025-09-19', '2025-09-19 02:38:03', '2025-11-19 05:19:46', 8, 1),
(153, 'LAPJ3FS10', 'Laptop', 'Lenovo', 'Lenovo X380 Yoga', 'MP-1FJ3FS', 'CPU: i7 8th Gen 1.90 GHz\r\nRAM: 16GB RAM DDR4 2400 MHz\r\nROM: 500GB SSD \r\nOS: Windows 10 64 bit \r\nLaptop Charger Code: LAPZ13510', 0, '2025-09-19', '2025-09-19 03:43:11', '2025-09-24 00:57:27', 6, 1),
(154, 'FLA00002', 'Flashdrive', 'Blue Flashdrive', 'Blue Flashdrive', 'N/A', 'Blue Flashdrive', 1, '2025-09-09', '2025-09-23 01:09:45', '2025-09-23 01:09:45', 7, 1),
(155, 'SOL00001', 'Solid Works', 'Solid Works', 'Solid Works 2018', 'N/A', 'Solid Works 2018', 4, '2025-09-09', '2025-09-23 01:14:12', '2025-09-23 01:14:12', 4, 1),
(156, 'SMA00001', 'Smart Phone', 'Samsung', 'Samsung Duos', 'N/A', 'Samsung Duos 4G', 5, '2025-09-09', '2025-09-23 01:15:57', '2025-09-23 01:15:57', 6, 1),
(157, 'PRE00001', 'Precision', 'N/A', 'N/A', 'N/A', 'Set of Precision Screwdriver ', 1, '2025-09-09', '2025-09-23 06:30:37', '2025-09-23 06:30:37', 5, 1),
(159, 'LAPZ13511', 'Laptop Charger', 'Lenovo', 'Lenovo', '11S36200287ZZ8008AZ135', 'Laptop Charger for Lenovo', 0, '2025-09-19', '2025-09-24 00:55:34', '2025-09-26 05:37:01', 2, 1),
(160, 'LTO111', 'Laptop', 'Acer', 'Aspire', 'NXH9KSP00192500FB63400', 'CPU: I3 7TH GEN\nRAM: 4GB RAM\nROM: 1TB HDD\nOS: WINDOWS 10 64 BIT\nLaptop Charger Code: LTO111\n', 0, '2019-08-01', '2019-08-31 16:00:00', '2025-09-24 03:06:50', 6, 1),
(161, 'LTO111', 'Laptop Charger', 'Acer', 'Aspire 3 A315-53 S.', 'N/A', 'Laptop Charger for Aspire 3 A315-53 S.', 0, '2019-09-01', '2019-08-31 16:00:00', '2025-09-24 03:07:05', 2, 1),
(163, 'MIN0QJT1', 'Mini PC', 'HP', 'HP Prodesk', '8CC1400QJT', 'CPU: i5 10th gen 1.60Ghz\r\nRAM: 16GB DDR4 2667 MHz\r\nROM: 500 GB SSD\r\nOS: Windows 10 pro 64bit\r\n', 0, '2025-09-26', '2025-09-29 00:54:26', '2025-09-29 02:01:22', 6, 1),
(164, 'PC00001', 'PC', 'N/A', 'N/A', 'N/A', 'CPU: I3 4TH GEN 3.70GHz\r\nRAM: 10GB RAM \r\nROM: 500 GB SSD\r\nOS: Windows 10 pro 64 bit', 0, '2020-09-29', '2025-09-29 01:18:56', '2025-09-29 01:22:04', 6, 1),
(165, 'MON71225', 'Monitor', 'N/A', 'N/A', 'EGGC51A007122', 'Old Monitor', 0, '2020-09-29', '2025-09-29 01:21:11', '2025-09-29 01:22:29', 2, 1),
(168, 'INK00003', 'INK', 'Canon', 'Canon GM2070', 'N/A', 'Ink for Canon GM2070', 0, '2025-10-06', '2025-10-07 00:29:46', '2026-02-16 09:16:55', 8, 1),
(169, 'PRI82284', 'Printer', 'Epson', 'EPSON ECOTANK M15140', 'X835008228', 'EPSON ECOTANK M15140 MONO A3 WIFI AOI INK TANK PRINTER for Cebu', 0, '2025-06-16', '2025-10-07 07:43:18', '2026-03-10 07:40:35', 6, 1),
(170, 'PRI81924', 'Printer', 'Epson', 'EPSON ECOTANK M15140', 'X835008192', 'EPSON ECOTANK M15140 MONO A3 WIFI AOI INK TANK PRINTER\r\nFOR SALES/VRF DEPT', 0, '2025-06-19', '2025-10-07 07:46:10', '2025-10-07 07:52:20', 6, 1),
(171, 'PRI81975', 'Printer', 'Epson', 'EPSON ECOTANK M15140', 'X835008197', 'EPSON ECOTANK M15140MONO INK TANK PRINTER\r\nFor CNC', 0, '2025-08-01', '2025-10-07 08:05:30', '2026-02-23 07:27:57', 6, 1),
(172, 'SSD72592', 'SSD M.2 NVMe', 'ADATA', 'ADATA M.2 NVMe SSD', '4P1322487259', 'ADATA 512 GB PCle GEN3 x4 M.2 2280 SSD LEGEND', 0, '2025-10-08', '2025-10-08 09:00:57', '2025-11-13 06:35:41', 7, 1),
(173, 'SSD13092', 'SSD M.2 NVMe', 'ADATA', 'ADATA M.2 NVMe SSD', '4P1322501309', 'ADATA 512 GB PCle GEN3 x4 M.2 2280 SSD LEGEND', 0, '2025-10-08', '2025-10-08 09:01:34', '2025-11-13 06:35:57', 7, 1),
(174, 'INK90355', 'INK', 'Epson', 'Epson 008', '014699035', 'For Cebu Printer', 0, '2025-10-08', '2025-10-08 09:19:09', '2025-11-19 05:19:46', 8, 1),
(175, 'INK90565', 'INK', 'Epson', 'Epson 008', '014699056', 'For Cebu Printer', 0, '2025-10-08', '2025-10-08 09:23:58', '2025-11-19 05:19:46', 8, 1),
(176, 'SSD58988', 'SSD', 'ADATA', 'SU650', '4P1521115898', '512GB ADATA SU650 ', 0, '2025-10-09', '2025-10-10 05:35:35', '2025-10-10 06:07:38', 7, 1),
(177, 'LAP760013', 'Laptop', 'Acer', 'Acer Travel mate P249 Series', 'NXV6SP18280B6967600', 'CPU: I3\r\nRAM: 4GB RAM\r\nROM: 1TB HDD\r\nOS: Windows 10', 0, '2018-11-14', '2025-10-15 00:35:59', '2025-11-19 07:59:33', 6, 1),
(178, 'AVR00021', 'AVR', 'Secure', 'N/A', 'SECAVR-0002', '500W Metal Black AVR', 0, '2025-10-15', '2025-10-16 00:52:32', '2025-12-15 03:22:31', 2, 1),
(179, 'LAP00851', 'Laptop Battery', 'N/A', 'N/A', 'ITWBAT-0085', 'ITW Laptop Battery for Acer Travelmate', 0, '2025-10-15', '2025-10-16 00:54:13', '2025-10-22 07:06:26', 2, 1),
(180, 'LTO0127', 'Laptop', 'Lenovo', 'Lenovo Ideapad 3, 14IIL05', 'PF2KW579', 'CPU: Intel i3 10th gen 1005G1 1.2Ghz\r\nRAM: 4GB DDR4 \r\nROM: 256GB SSD\r\nOS: Windows 10 Home\r\nDate Issued: July 2021\r\nOld laptop of Faye Mujar', 0, '2021-07-01', '2025-10-21 02:27:08', '2025-10-21 02:48:03', 6, 1),
(181, 'LTO0127', 'Laptop Charger', 'Lenovo', 'ADLX65CLGU2A', '8SSA10M42725L1CZ0CETAA', 'Laptop Charger for Lenovo Laptop', 0, '2021-07-01', '2025-10-21 02:31:42', '2025-10-21 02:48:39', 2, 1),
(182, 'SSD72370', 'SSD M.2 NVMe', 'ADATA', 'ADATA M.2 NVMe SSD', '4P1322487237', 'For Alvin VRF', 0, '2025-11-03', '2025-11-07 03:09:59', '2025-12-05 06:38:46', 7, 1),
(183, 'INK83366', 'INK', 'EPSON', 'EPSON 008', '015818336', 'For 2nd Floor Printer', 0, '2025-11-13', '2025-11-13 05:40:42', '2025-11-19 05:19:46', 8, 1),
(184, 'INK83267', 'INK', 'EPSON', 'EPSON 008', '015818326', 'For 2nd Floor Printer', 0, '2025-11-13', '2025-11-13 05:41:16', '2025-11-24 00:36:30', 8, 1),
(185, 'INK81338', 'INK', 'EPSON', 'EPSON 005', '012798133', 'For Iloilo Epson M2050', 0, '2025-11-13', '2025-11-13 05:45:40', '2025-11-19 06:26:42', 8, 1),
(186, 'INK81359', 'INK', 'EPSON', 'EPSON 005', '012798135', 'For Iloilo Epson M2050', 0, '2025-11-13', '2025-11-13 05:46:44', '2025-11-19 06:26:16', 8, 1),
(187, 'RAM26393', 'RAM', 'Transcend', 'Transcend', 'J33052-2639', 'For Abby Mina Laptop', 0, '2025-11-13', '2025-11-13 05:49:40', '2025-11-13 09:02:35', 1, 1),
(188, 'RAM26414', 'RAM', 'Transcend', 'Transcend', 'J33052-2641', '', 0, '2025-11-13', '2025-11-13 05:49:54', '2026-02-19 06:59:07', 1, 1),
(189, 'SSD98845', 'SSD M.2 NVMe', 'ADATA', 'ADATA M.2 NVMe SSD', '4P0921989884', 'ADATA M.2 NVMe SSD', 0, '2025-11-13', '2025-11-13 06:38:59', '2026-01-16 08:41:27', 7, 1),
(190, 'SSD01215', 'SSD M.2 NVMe', 'ADATA', 'ADATA M.2 NVMe SSD', '4P0921990121', 'ADATA M.2 NVMe SSD', 0, '2025-11-13', '2025-11-13 06:40:19', '2026-01-16 08:40:54', 7, 1),
(191, 'SSD75007', 'SSD', 'ADATA', 'SU650', '4P1322057500', '', 0, '2025-11-13', '2025-11-13 07:07:25', '2025-11-19 01:54:58', 7, 1),
(192, 'SSD749011', 'SSD', 'ADATA', 'SU650', '4P1322057490', 'For Xerxis\r\n', 1, '2025-11-13', '2025-11-13 07:07:43', '2025-11-19 01:44:12', 7, 1),
(193, 'SSD334,14', 'SSD', 'ADATA', 'SU650', '4P1322057775, 4P1322055830, 4P1322057334,', 'For Accounting Dept\r\n\r\n4P1322057028 (defective)', 0, '2025-11-13', '2025-11-13 07:08:18', '2025-12-12 06:55:35', 7, 1),
(194, 'SSD750210', 'SSD', 'ADATA', 'SU650', '4P1322057502', '', 0, '2025-11-13', '2025-11-13 07:08:41', '2025-11-14 00:26:53', 7, 1),
(195, 'SSD750111', 'SSD', 'ADATA', 'SU650', '4P1322057501', '', 0, '2025-11-13', '2025-11-13 07:09:02', '2025-11-13 09:03:38', 7, 1),
(196, 'SSD923712', 'SSD', 'ADATA', 'SU650', '4P1322057769, 4P1322079237', 'For Technical Engineers (Service Dept)', 0, '2025-11-18', '2025-11-19 01:49:36', '2025-12-03 08:18:47', 7, 1),
(197, 'LAP891014', 'Laptop', 'Dell', 'Dell Precision 3520', '36392788910', 'CPU:\r\nRAM:\r\nROM:\r\nOS: Windows 10 Pro 64 bit\r\nCharger: LT0152, Dell\r\nOLD King Laptop', 0, '2023-10-09', '2025-11-24 01:37:24', '2026-03-26 06:50:56', 6, 1),
(198, 'INK449010', 'INK', 'Epson', 'Epson 664', '015754997, 012253042, 013740203, 013824490', 'For sir Alfonso', 0, '2025-11-24', '2025-11-24 05:34:21', '2025-12-03 07:48:18', 8, 1),
(199, 'SSD815714', 'SSD', 'ADATA', 'SU650', '4P1322057503, 4P1322069726, 4P1322071870, 4P0821998157', 'For Cebu Upgrade', 0, '2025-11-24', '2025-11-24 08:36:12', '2026-02-06 00:09:40', 7, 1),
(201, 'SSD554114', 'SSD', 'ADATA', 'SU650', '4P0822015541', 'Replacement of defective ssd (4P1322057492)', 0, '2025-12-03', '2025-12-03 08:08:09', '2025-12-04 02:38:04', 7, 1),
(202, 'RAM20035', 'RAM', 'Kingston', 'Fury', '320442C1C200927789X002003', '8GB DDR4 RAM 2666 MHZ SODIMM', 0, '2025-12-09', '2025-12-10 02:51:04', '2026-02-06 00:10:26', 1, 1),
(203, 'WIF16911', 'WIFI Dongle', 'TP LINK', 'TL-WN725N', '22590YV002677, 22550551011733, 22590YV001691', '150 MBPS WIRELESS N Nano USB Adapter ', 0, '2025-12-11', '2025-12-11 01:15:52', '2025-12-18 06:58:51', 2, 1),
(204, 'SSD869315', 'SSD', 'APACER', 'AS350', '192523208693', 'Replacement SSD for Vilma\r\n(Used by Jayson Almadrones)', 1, '2025-12-12', '2025-12-12 07:06:59', '2025-12-12 07:06:59', 7, 1),
(205, 'SSD869416', 'SSD', 'APACER', 'AS350', '192523208701, 192523208700, 192523208460, 192523208694', 'PC Upgrade for Mike Jordan Constantino, Christopher Tarcena, Wyndell Erpe and Vacant PC', 1, '2025-12-12', '2025-12-12 07:19:19', '2026-01-19 23:40:05', 7, 1),
(206, 'SSD845917', 'SSD', 'APACER', 'AS350', '192523208456, 192523208459', 'For Hi-aire Engrs', 0, '2025-12-12', '2025-12-12 07:27:45', '2025-12-16 03:38:47', 7, 1),
(207, 'SSD869218', 'SSD', 'APACER', 'AS350', '192523208692', 'For William Tating/Stock\r\n', 0, '2025-12-15', '2025-12-15 03:11:40', '2026-03-16 23:47:49', 7, 1),
(208, 'LAPF3C615', 'Laptop', 'Dell', 'DELL LATITUDE 5410', 'N/A', 'CPU: Intel(R) Core(TM) i5-10310u CPU@1.70GHz\r\nRAM: 16GB DDR4 2667 MT/s\r\nROM: NVMe 512GB SSD\r\nO.S: WIN 11 PRO 64-bit (10.0, Build26100)\r\nGPU: Intel(R) UHD Graphics\r\nw/ Dell Laptop: LA90PM130', 0, '2025-12-16', '2025-12-16 03:18:36', '2025-12-17 06:41:55', 6, 1),
(209, 'LAPC8F1', 'Laptop', 'Dell', 'DELL LATITUDE 5410', 'N/A', 'CPU: Intel(R) Core(TM) i5-10310u CPU@1.70GHz\r\nRAM: 16GB DDR4 2667 MT/s\r\nROM: NVMe 512GB SSD\r\nO.S: WIN 11 PRO 64-bit (10.0, Build26100)\r\nGPU: Intel(R) UHD Graphics\r\nw/ Dell Laptop: LA90PM130', 0, '2025-12-16', '2025-12-17 06:59:16', '2025-12-18 04:40:35', 6, 1),
(210, 'LAP787E', 'Laptop', 'Dell', 'DELL LATITUDE 5410', 'N/A', 'CPU: Intel(R) Core(TM) i5-10310u CPU@1.70GHz\r\nRAM: 16GB DDR4 2667 MT/s\r\nROM: NVMe 512GB SSD\r\nO.S: WIN 11 PRO 64-bit (10.0, Build26100)\r\nGPU: Intel(R) UHD Graphics\r\nw/ Dell Laptop: LA90PM130', 0, '2025-12-16', '2025-12-17 06:59:32', '2025-12-18 04:40:08', 6, 1),
(211, 'IPP03913', 'IP Phone', 'IP Phone', 'IP Phone', 'A821PMX2511130391', 'Black IP Phone\r\nInput: DC5V-1A', 1, '2026-01-05', '2026-01-05 01:52:15', '2026-01-19 03:06:51', 6, 1),
(212, 'IPP03923', 'IP Phone', 'IP Phone', 'IP Phone', 'A821PMX2511130392', 'Black IP Phone\r\nInput: DC5V-1A', 0, '2026-01-05', '2026-01-05 03:05:12', '2026-01-19 03:06:51', 6, 1),
(213, 'IPP03933', 'IP Phone', 'IP Phone', 'IP Phone', 'A821PMX2511130393', 'Black IP Phone\r\nInput: DC5V-1A', 0, '2026-01-05', '2026-01-05 03:06:24', '2026-01-19 03:06:51', 6, 1),
(214, 'IPP03944', 'IP Phone', 'IP Phone', 'IP Phone', 'A821PMX2511130394', 'Black IP Phone\r\nInput: DC5V-1A', 0, '2026-01-05', '2026-01-05 03:07:03', '2026-01-19 03:06:51', 6, 1),
(215, 'IPP03955', 'IP Phone', 'IP Phone', 'IP Phone', 'A821PMX2511130395', 'Black IP Phone\r\nInput: DC5V-1A', 1, '2026-01-05', '2026-01-05 03:07:13', '2026-01-19 03:06:51', 6, 1),
(216, 'IPP03966', 'IP Phone', 'IP Phone', 'IP Phone', 'A821PMX2511130396', 'Black IP Phone\r\nInput: DC5V-1A', 0, '2026-01-05', '2026-01-05 03:07:22', '2026-01-19 03:06:51', 6, 1),
(217, 'IPP03977', 'IP Phone', 'IP Phone', 'IP Phone', 'A821PMX2511130397', 'Black IP Phone\r\nInput: DC5V-1A', 1, '2026-01-05', '2026-01-05 03:07:31', '2026-01-19 03:06:51', 6, 1),
(218, 'IPP03988', 'IP Phone', 'IP Phone', 'IP Phone', 'A821PMX2511130398', 'Black IP Phone\r\nInput: DC5V-1A', 0, '2026-01-05', '2026-01-05 03:07:41', '2026-03-18 05:08:15', 6, 1),
(219, 'IPP03999', 'IP Phone', 'IP Phone', 'IP Phone', 'A821PMX2511130399', 'Black IP Phone\r\nInput: DC5V-1A', 1, '2026-01-05', '2026-01-05 03:08:44', '2026-01-19 03:06:51', 6, 1),
(220, 'IPP040010', 'IP Phone', 'IP Phone', 'IP Phone', 'A821PMX2511130400', 'Black IP Phone\r\nInput: DC5V-1A', 1, '2026-01-05', '2026-01-05 03:09:06', '2026-01-19 03:06:51', 6, 1),
(221, 'MON18306', 'Monitor', 'AOV', 'AOV Monitor', 'DYOCB1A001830', 'AOV OLD Monitor', 0, '2026-01-06', '2026-01-06 03:02:55', '2026-01-06 03:03:58', 6, 1),
(224, 'PRI65136', 'Printer', 'EPSON', 'EPSON ECOTANK M15140', 'X835006513', 'EPSON ECOTANK M15140 MONO A3 WIFI AOI INK TANK PRINTER\r\nFOR PURCHASING DEPT FROM MAVEN', 0, '2025-10-13', '2026-01-18 07:55:59', '2026-01-18 08:08:52', 6, 1),
(225, 'LAP760021', 'Laptop', 'Acer', 'Acer Travelmate P214 Series', 'NXVLFSP008 117048727600', 'OLD Laptop of Ms. Cahilig\r\n11701830876', 0, '2021-08-01', '2026-01-19 01:55:04', '2026-03-03 00:27:49', 6, 1),
(226, 'MON93537', 'Monitor', 'NVISION', 'N190HD V8', 'N190VL658A251179353', 'NVISION N190V8 19\" LED MONITOR | BUILT-IN POWER', 1, '2026-01-20', '2026-01-20 07:09:19', '2026-03-02 05:07:12', 2, 1),
(227, 'MON93708', 'Monitor', 'NVISION', 'N190HD V8', 'N190VL658A251179370', 'NVISION N190V8 19\" LED MONITOR | BUILT-IN POWER', 0, '2026-01-20', '2026-01-20 07:09:51', '2026-01-21 00:54:56', 2, 1),
(228, 'MON06969', 'Monitor', 'NVISION', 'N190HD V8', 'N190VL658A251180696', 'NVISION N190V8 19\" LED MONITOR | BUILT-IN POWER', 0, '2026-01-20', '2026-01-20 07:10:54', '2026-01-21 00:54:10', 2, 1),
(229, 'MON944810', 'Monitor', 'NVISION', 'N190HD V8', 'N190VL658A251179448', 'NVISION N190V8 19\" LED MONITOR | BUILT-IN POWER \r\nfor canlubang pded', 0, '2026-01-22', '2026-01-22 23:39:53', '2026-01-23 03:15:14', 2, 1),
(230, 'MON949911', 'Monitor', 'NVISION', 'N190HD V8', 'N190VL658A251179499', 'NVISION N190V8 19\" LED MONITOR | BUILT-IN POWER for CDO BRANCH', 0, '2026-01-22', '2026-01-22 23:58:04', '2026-02-19 06:57:57', 2, 1),
(231, 'MON997612', 'Monitor', 'NVISION', 'N190HD V8', 'N190VL658A251179976', 'NVISION N190V8 19\" LED MONITOR | BUILT-IN POWER For CDO Branch', 0, '2026-01-22', '2026-01-22 23:58:53', '2026-02-19 06:57:17', 2, 1),
(232, 'LT0129', 'Laptop', 'Acer', 'Acer Travelmate P214 Series N19Q7', 'NXVLFSP00811704784600', 'Acer Travelmate P214 Series N19Q7\r\nold laptop of john sumalpong\r\n', 0, '2021-08-01', '2026-01-23 00:11:00', '2026-03-03 00:50:09', 6, 1),
(233, 'LAP345613', 'Laptop Charger', 'Acer', 'ADP-65JHBB', '145723123456', '100-240 1.5A 50/60Hz LPS\r\n19V -- 3.42A \r\nN17908 V85', 0, '2026-01-22', '2026-01-23 00:17:23', '2026-03-05 05:46:33', 2, 1),
(234, 'MON311813', 'Monitor', 'NVISION', 'N190HD V8', 'N190VL658A251283118', 'NVISION N190V8 19\" LED MONITOR | BUILT-IN POWER For Service Engineer', 0, '2026-01-22', '2026-01-23 00:34:36', '2026-03-06 01:55:40', 2, 1),
(235, 'MON141314', 'Monitor', 'NVISION', 'N190HD V8', 'N190VL658A251181413', 'NVISION N190V8 19\" LED MONITOR | BUILT-IN POWER For Service Engineer', 0, '2026-01-22', '2026-01-23 00:35:27', '2026-03-06 01:57:15', 2, 1),
(236, 'SSD083519', 'SSD', 'APACER', 'AS350', '4P0822000835', 'Replacement of defective SSD\r\nFor Sir hector', 0, '2026-01-15', '2026-01-29 09:53:43', '2026-03-16 23:36:15', 7, 1),
(239, 'TAB04211', 'Tablet', 'Techno', 'Techno MegaPad SE', '15540405C9000421', '11\" Display\r\nROM: 256 GB\r\nRAM: 8GB+8GB Extended\r\n\r\nAccessories:\r\nCable and Charger Adapter\r\n\r\nVC: 243867', 0, '2026-02-02', '2026-02-02 02:53:38', '2026-03-10 01:24:49', 6, 1),
(240, 'TAB05531', 'Tablet', 'Techno', 'Techno MegaPad SE', '15538405BK000553', '11\" Display\r\nROM: 128 GB\r\nRAM: 4GB+4GB Extended\r\n\r\nAccessories:\r\nCable and Charger Adapter\r\n\r\nVC: 634710', 0, '2026-02-02', '2026-02-02 02:54:31', '2026-03-10 01:18:37', 6, 1),
(241, 'TAB30981', 'Tablet', 'Techno', 'Techno MegaPad SE', '155384059T003098', '11\" Display\r\nROM: 128 GB\r\nRAM: 4GB+4GB Extended\r\n\r\nAccessories:\r\nCable and Charger Adapter\r\n\r\nVC: 361024 ', 0, '2026-02-02', '2026-02-02 05:40:05', '2026-03-10 01:07:16', 6, 1),
(242, 'TAB34681', 'Tablet', 'Techno', 'Techno MegaPad SE', '155384059T003468', '11\" Display\r\nROM: 128 GB\r\nRAM: 4GB+4GB Extended\r\n\r\nAccessories:\r\nCable and Charger Adapter\r\n\r\nVC: 640044', 0, '2026-02-02', '2026-02-02 07:00:20', '2026-03-10 01:22:27', 6, 1),
(244, 'TAB15091', 'Tablet', 'Techno', 'Techno MegaPad SE', '15538405AF001509', '11\" Display\r\nROM: 128 GB\r\nRAM: 4GB+4GB Extended\r\n\r\nAccessories:\r\nCable and Charger Adapter\r\n\r\nVC: 442838', 0, '2026-02-03', '2026-02-03 07:47:29', '2026-03-28 14:01:18', 6, 1),
(245, 'INK216211', 'INK', 'Epson', 'EPSON 008', '016842163, 016842162', 'Printer Ink for CNC', 1, '2026-02-04', '2026-02-05 23:46:39', '2026-02-27 08:53:56', 8, 1),
(246, 'INK216812', 'INK', 'Epson', 'EPSON 008', '016842170, 016842168', 'Printer Ink for Sales, MKTG, VRF', 0, '2026-02-04', '2026-02-05 23:48:21', '2026-03-03 03:29:26', 8, 1),
(247, 'TABPVTW6', 'Tablet', 'Techlife', 'Techlife Pad Lite 8\", TLPADL03', 'TLPADL03U0DPVTW', 'Color: Champagne Gold\r\nCPU: Octa-core Processor\r\nRAM: 4GB + 4GB Extended\r\nGSM: 1900 MHZ\r\nDisplay: 8\" \r\nBattery: 6000mAh\r\n\r\nAccessories:\r\nCable and Charger Adapter\r\nTablet Stand\r\n', 0, '2026-02-05', '2026-02-05 23:56:59', '2026-03-10 00:10:55', 6, 1),
(248, 'TABWDNT7', 'Tablet', 'Techlife', 'Techlife Pad Lite 8\", TLPADL03', 'TLPADL03IS5WDNT', 'Color: Champagne Gold\r\nCPU: Octa-core Processor\r\nRAM: 4GB + 4GB Extended\r\nGSM: 1900 MHZ\r\nDisplay: 8\" \r\nBattery: 6000mAh\r\n\r\nAccessories:\r\nCable and Charger Adapter\r\nTablet Stand', 0, '2026-02-05', '2026-02-05 23:58:21', '2026-03-10 00:03:49', 6, 1),
(249, 'TABEOZM8', 'Tablet', 'Techlife', 'Techlife Pad Lite 8\", TLPADL03', 'TLPADL03JNMEOZM', 'Color: Champagne Gold\r\nCPU: Octa-core Processor\r\nRAM: 4GB + 4GB Extended\r\nGSM: 1900 MHZ\r\nDisplay: 8\" \r\nBattery: 6000mAh\r\n\r\nAccessories:\r\nCable and Charger Adapter\r\nTablet Stand', 0, '2026-02-05', '2026-02-05 23:58:57', '2026-03-10 00:09:52', 6, 1),
(250, 'TAB7MP911', 'Tablet', 'Techlife', 'Techlife Pad Lite 8\", TLPADL03', 'TLPADL038877MP9', 'Color: Champagne Gold\r\nCPU: Octa-core Processor\r\nRAM: 4GB + 4GB Extended\r\nGSM: 1900 MHZ\r\nDisplay: 8\" \r\nBattery: 6000mAh\r\n\r\nAccessories:\r\nCable and Charger Adapter\r\nTablet Stand', 0, '2026-02-05', '2026-02-05 23:59:41', '2026-03-10 00:12:43', 6, 1),
(251, 'TABRQU110', 'Tablet', 'Techlife', 'Techlife Pad Lite 8\", TLPADL03', 'TLPADL03QCMRQU1', 'Color: Champagne Gold\r\nCPU: Octa-core Processor\r\nRAM: 4GB + 4GB Extended\r\nGSM: 1900 MHZ\r\nDisplay: 8\" \r\nBattery: 6000mAh\r\n\r\nAccessories:\r\nCable and Charger Adapter\r\nTablet Stand', 0, '2026-02-06', '2026-02-09 01:18:49', '2026-03-10 00:02:02', 6, 1),
(252, 'LAPFT6020', 'Laptop', 'Lenovo', 'Lenovo G40-30', 'PF05FT60', 'CPU: Intel N2940 1.83Ghz\r\nRAM: 2GBRAM DDR3 1333 MHz -> 8GB RAM\r\nROM: 500GB HDD - > 500 GB SSD\r\nOS: Windows 10 64 bit \r\nLaptop Charger Code: LAPFT6020', 0, '2016-04-13', '2026-02-09 06:07:19', '2026-03-09 02:01:26', 6, 1),
(253, 'TAB14061', 'Tablet', 'Techno', 'Techno MegaPad SE', '15538405AF001406', '11\" Display\r\nROM: 128 GB\r\nRAM: 4GB+4GB Extended\r\n\r\nAccessories:\r\nCable and Charger Adapter\r\n\r\nVC: 285188', 0, '2026-02-09', '2026-02-09 06:42:53', '2026-03-10 01:14:23', 6, 1),
(254, 'LT0119', 'Laptop', 'Asus', 'Asus Expertbook', 'L8NXCX006500357', 'CPU: Intel(R) Core(TM) i3-1005G1 CPU@1.20GHz\r\nRAM: 4GB DDR4 2667 MT/s\r\nROM: NVMe 240GB SSD\r\nO.S: WIN 11 PRO 64-bit (10.0, Build26100)\r\nGPU: Intel(R) UHD Graphics\r\nw/ Laptop Charger\r\nOld Laptop of MS. Sarah', 1, '2020-10-01', '2026-02-18 23:46:02', '2026-03-25 05:00:03', 6, 1),
(257, 'SWI00421', 'Switch', 'Alloy', 'AS1026-P', '2626R2427021030042', 'Switch L2\r\n24 Port Unmanaged Gigabit 802.3at PoE\r\nSwitch + 2x100Mb SFP Ports. 250 Watts\r\n\r\nInput: AC100-240V 50-60HZ, 2.5A MAX\r\nOutput: DC48V==5A', 1, '2026-03-08', '2026-02-24 05:59:04', '2026-03-08 03:44:52', 6, 1),
(259, 'PRI74417', 'Printer', 'Epson', 'EPSON LX-310 (PA71A)', 'Q7CY217441', 'MODEL: PA71A\r\n220-240V\r\n50-60Hz 0.4A\r\n\r\nFor CNC', 0, '2021-03-01', '2026-03-08 01:22:39', '2026-03-19 02:07:35', 6, 1),
(260, 'PRI07G08', 'Printer', 'OKI', 'Microline 321 Turbo ', 'AE95034207G0', 'Microline 321 Turbo 9 Pin Printer\r\nFor CNC', 0, '2020-03-08', '2026-03-08 02:13:01', '2026-03-08 02:15:27', 6, 1),
(261, 'PRI10749', 'Printer', 'Canon', 'Canon GM2070', 'KMEN01074', 'HR Printer', 0, '2023-03-08', '2026-03-08 02:52:02', '2026-03-08 02:52:41', 6, 1),
(262, 'SWI00441', 'Switch', 'Alloy', 'AS1026-P', '2626R2427021030044', 'Switch L2\r\n24 Port Unmanaged Gigabit 802.3at PoE\r\nSwitch + 2x100Mb SFP Ports. 250 Watts\r\n\r\nInput: AC100-240V 50-60HZ, 2.5A MAX\r\nOutput: DC48V==5A', 1, '2026-03-08', '2026-03-08 03:39:50', '2026-03-08 03:40:54', 6, 1),
(263, 'SWI00433', 'Switch', 'Alloy', 'AS1026-P', '2626R2427021030043', 'Switch L2\r\n24 Port Unmanaged Gigabit 802.3at PoE\r\nSwitch + 2x100Mb SFP Ports. 250 Watts\r\n\r\nInput: AC100-240V 50-60HZ, 2.5A MAX\r\nOutput: DC48V==5A', 1, '2026-03-08', '2026-03-08 03:45:54', '2026-03-08 03:45:54', 6, 1),
(264, 'SWI11044', 'Switch', 'TP Link', 'TL-SG1024', '221C5P5001104', '24 Port Gigabit Switch\r\n100-240V~ 50/60Hz 06A\r\nVER 14.0', 1, '2026-03-08', '2026-03-08 03:49:05', '2026-03-08 03:50:43', 6, 1),
(265, 'SWI11015', 'Switch', 'TP Link', 'TL-SG1024', '221C5P5001101', '24 Port Gigabit Switch\r\n100-240V~ 50/60Hz 06A\r\nVER 14.0', 1, '2026-03-08', '2026-03-08 03:49:52', '2026-03-08 03:50:34', 6, 1),
(266, 'SWI11036', 'Switch', 'TP Link', 'TL-SG1024', '221C5P5001103', '24 Port Gigabit Switch\r\n100-240V~ 50/60Hz 06A\r\nVER 14.0', 1, '2026-03-08', '2026-03-08 03:52:06', '2026-03-08 03:52:06', 6, 1),
(267, 'SWI14667', 'Switch', 'TP Link ', 'OMADA 5G3428', '22540C1001466', '24 Port Gigabit Switch\r\n100-240V~ 50/60Hz 06A UN/2.30\r\nMAC: AB:29:4B:5B:42:65\r\nDevice Key: 1A36-60BE-88E1-6D8C-5000', 1, '2026-03-08', '2026-03-08 03:55:49', '2026-03-08 04:10:09', 6, 1),
(268, 'SWI18901', 'Switch', 'TP Link ', 'TL-SF1024', '2166309001890', '24 Port 10/100Mbps Switch\r\n100-240V~ 50/60Hz 0.3A', 1, '2026-03-08', '2026-03-08 03:57:57', '2026-03-08 03:58:58', 6, 1),
(269, 'SWI14029', 'Switch', 'TP Link ', 'OMADA 5G3428', '22540C1001402', '24 Port Gigabit Switch\r\n100-240V~ 50/60Hz 06A UN/2.30\r\nMAC: A8:29:48:5B:42:25\r\nDevice Key: 1A36-60BE-88E5-6177-F000', 1, '2026-03-08', '2026-03-08 04:03:32', '2026-03-08 04:03:32', 6, 1),
(270, 'SWI622810', 'Switch', 'HP', 'JE009A', '8800024736228', '', 1, '2026-03-08', '2026-03-08 04:09:13', '2026-03-08 04:09:13', 6, 1),
(271, 'LP6101', 'Laptop', 'Lenovo', 'Lenovo Ideapad S145-14IWL', 'PF1YB4NX', 'CPU: I3 8145U @2.10GHz\r\nRAM: 12 GB RAM DDR4 2400 MHZ\r\nROM: 500 GB SSD NVM e M.2\r\nOS: Win 11 Home 64 bit\r\nLaptop Charger Code: LT0126, May 2021\r\n\r\nLaptop History\r\nFirst User: Marivic Diangson, March 2020\r\nSec User: Oct 18, 2024\r\nDate Returned: March 4, 2026', 0, '2020-03-09', '2026-03-09 00:13:07', '2026-03-09 00:53:35', 6, 1),
(272, 'LT0126', 'Laptop Charger', 'Lenovo', 'ADLX65CLGU2A', '8SSA1DM42765D1SG0C90DGF', 'Input: 100v-240v~1.5A 50-69 Hz', 0, '2021-05-01', '2026-03-09 00:24:46', '2026-03-09 00:57:26', 6, 1),
(273, 'LAP0BG815', 'Laptop Charger', 'Lenovo', 'ADLX665NCC3A', '825A10J75111C1SG5B20BG8', '100-240V~1.8 50-60Hz\r\n20V', 0, '2016-04-09', '2026-03-09 02:06:06', '2026-03-09 02:15:54', 2, 1),
(274, 'PRI235310', 'Printer', 'Epson', 'EPSON ECOTANK M2050', 'XCCW002353', 'For Tarlac Warehouse', 0, '2025-07-16', '2026-03-10 07:39:36', '2026-03-10 09:42:35', 6, 1),
(275, 'SERV3MX2', 'Server', 'HP', 'HP ProLiant ML350 Gen9', 'SGH740V3MX', 'Computer name: KOPBICSER03\r\nWindows Server 2012 R2 Standard (build 9600.21620\r\nSystem Serial Number: SGH740V3MX\r\nChassis Serial Number: SGH740V3MX\r\nInstalled: 10/22/2017 4:22:36 AM\r\n\r\nBoard: HP ProLiant ML350 Gen9\r\nSerial Number: SGH740V3MX\r\nBus Clock: 100 megahertz\r\nUEFI: HP P92 02/17/2017\r\n\r\nROM\r\n299.48 Gigabytes Usable Local Storage Capacity\r\n175.89 Gigabytes Local Storage Free Space\r\nSN: PDNLH0BRH897TM\r\n\r\nRAM\r\n63.88 Gigabytes Usable Installed Memory\r\n\r\nOfficeScan Corporate Edition Version 14.0\r\nVirus Definitions Version 3/7/2026 Rev 1.000.00 (000)\r\nRealtime File Scanning On\r\n\r\nMicrosoft - Windows Server 2012 R2 Standard 00252-40011-22811-AAOEM \r\n(Key: FNKC6-B7TYC-22FPB-PRDHD-C36PG)\r\n\r\n', 1, '2017-02-17', '2026-03-10 08:17:25', '2026-03-10 08:17:25', 6, 1),
(300, 'MON608915', 'MONITOR', 'NVISION ', 'N190HD V8', 'N190HDV8260216089', 'NVISION N190V8 19\" LED MONITOR | BUILT-IN POWER FOR I.T LENIN', 0, '2026-03-12', '2026-03-13 00:27:26', '2026-03-13 00:33:22', 2, 1),
(301, 'MON609716', 'MONITOR', 'NVISION ', 'N190HD V8', 'N190HDV8260216097', 'NVISION N190V8 19\" LED MONITOR | BUILT-IN POWER \r\nfor hiare-design', 0, '2026-03-12', '2026-03-13 00:34:39', '2026-03-13 00:37:31', 2, 1),
(302, 'LAPJH5323', 'Laptop', 'Dell', 'Dell Latitude 5410', '1S7JH53', 'Screen display panel has a small gap opening\r\nLaptop Charger: LAPNONE18', 1, '2026-03-13', '2026-03-17 00:03:59', '2026-03-26 06:59:27', 6, 2),
(303, 'LAP6J4116', 'Laptop Charger', 'Dell', 'HA65NS5-00', '0G6J41', '65 WATTS\r\nOutput:19.5V - 3.34A\r\nInput: 100-240v~50-60Hz 1.7A', 1, '2026-03-13', '2026-03-17 00:38:20', '2026-03-17 01:05:14', 2, 1),
(304, 'LAPT9C324', 'Laptop', 'Dell', 'Dell Latitude 5410', 'HFPT9C3', 'Laptop Charger: LAP374X17', 1, '2026-03-13', '2026-03-17 00:49:32', '2026-03-17 01:05:55', 6, 1),
(305, 'LAP374X17', 'Laptop Charger', 'Dell', 'HA65NM191', '0H374X', '65 Watts\r\nOutput:19.5V - 3.34A\r\nInput: 100-240v~50-60Hz 1.7A', 1, '2026-03-13', '2026-03-17 01:03:23', '2026-03-17 01:03:23', 6, 1),
(306, 'INK813413', 'INK', 'Epson', 'Epson 005', '012798134', 'Stock Ink for Epson m2050', 1, '2026-03-17', '2026-03-17 03:14:18', '2026-03-17 03:15:00', 8, 1),
(307, 'INK813214', 'INK', 'Epson', 'Epson 005', '012798132', 'Stock Ink for Epson m2050', 1, '2026-03-17', '2026-03-17 03:14:50', '2026-03-17 03:14:50', 8, 1),
(308, 'LAP913125', 'Laptop', 'Dell', 'Dell Latitude 5410', '1200119131', 'Laptop Charger: LAP6J4116', 1, '2026-03-13', '2026-03-18 01:02:13', '2026-03-18 01:07:04', 6, 1),
(309, 'LAPNONE18', 'Laptop Charger', 'Dell', 'NONE', 'NONE', '65 WATTS\r\nOutput:19.5V - 3.34A\r\nInput: 100-240v~50-60Hz 1.7A', 1, '2026-03-13', '2026-03-18 01:04:18', '2026-03-18 01:04:18', 2, 1),
(310, 'MOUSI0101', 'Mouse', 'A4TECH', 'A4TECH ', '25XSI01', 'USB port Mouse', 0, '2025-11-02', '2026-03-19 00:16:36', '2026-03-19 00:17:27', 2, 1),
(311, 'PRI113211', 'Printer', 'Epson', 'EPSON L1300 (B322B_', 'UB8Y121132', 'A3, A4, Letter, Legal\r\n4 Colour printer\r\n7100 pages yield\r\n\r\nHiaire Operation', 1, '2026-03-19', '2026-03-19 01:04:12', '2026-03-20 13:44:15', 6, 1),
(312, 'PRIM03G12', 'Printer', 'HP', 'HP DESIGNJET T830 ', 'CN19TCM03G', 'HP DESIGNJET T830 MULTI-PRINTER (F9A30E) HP 728 ink series\r\n3-in-1 Functionality: Print, Scan, Copy\r\nUp to 36 inches (A0 size)\r\nWi-Fi, Wi-Fi Direct, AirPrint, USB\r\nWorks with HP Smart App & ePrint\r\n4 cartridges (Cyan, Magenta, Yellow, Matte Black)\r\nRoll paper (up to 36\")\r\nSheet sizes: A4 → A0\r\n\r\nHiaire Operations\r\n', 1, '2026-03-19', '2026-03-19 01:08:46', '2026-03-19 01:13:21', 6, 1),
(313, 'PRIWJ0313', 'Printer', 'HP', 'HP LASERJET P3015 SERIES (CE525A)', 'VNBXC6WJ03', 'Outsource from Teragon\r\n\r\nType: Monochrome laser printer (no color)\r\nSpeed: ~40–45 pages per minute (very fast)\r\nResolution: Up to 1200 × 1200 dpi\r\nDuty Cycle: Up to 100,000 pages/month (heavy usage)\r\nSupports A4 and smaller sizes\r\nInput trays: 500-sheet main + 100-sheet multipurpose\r\nExpandable up to ~1600 sheets\r\n\r\nHiaire Operations', 1, '2026-03-19', '2026-03-19 01:11:26', '2026-03-19 01:11:26', 6, 1),
(314, 'PRIWJ0414', 'Printer', 'HP', 'HP LASERJET P3015 SERIES (CE525A)', 'VNBXC6WJ04', 'Outsource from Teragon\r\n\r\nType: Monochrome laser printer (no color)\r\nSpeed: ~40–45 pages per minute (very fast)\r\nResolution: Up to 1200 × 1200 dpi\r\nDuty Cycle: Up to 100,000 pages/month (heavy usage)\r\nSupports A4 and smaller sizes\r\nInput trays: 500-sheet main + 100-sheet multipurpose\r\nExpandable up to ~1600 sheets\r\n\r\nHIMC AC Sales\r\n', 1, '2026-03-19', '2026-03-19 01:13:01', '2026-03-19 01:13:01', 6, 1),
(315, 'PRIRS0C15', 'Printer', 'HP', 'HP LASERJET P3015 SERIES (CE528A)', 'VNBXC3RS0C', 'Outsource from Teragon\r\n\r\nType: Monochrome laser printer (no color)\r\nSpeed: ~40–45 pages per minute (very fast)\r\nResolution: Up to 1200 × 1200 dpi\r\nDuty Cycle: Up to 100,000 pages/month (heavy usage)\r\nSupports A4 and smaller sizes\r\nInput trays: 500-sheet main + 100-sheet multipurpose\r\nExpandable up to ~1600 sheets\r\n\r\nHIMC Executive', 1, '2026-03-19', '2026-03-19 01:14:11', '2026-03-19 01:14:11', 6, 1),
(316, 'PRI866216', 'Printer', 'HP', 'HP LASERJET P3015 SERIES (CE528A)', 'VNF3F08662', 'Outsource from Teragon\r\n\r\nType: Monochrome laser printer (no color)\r\nSpeed: ~40–45 pages per minute (very fast)\r\nResolution: Up to 1200 × 1200 dpi\r\nDuty Cycle: Up to 100,000 pages/month (heavy usage)\r\nSupports A4 and smaller sizes\r\nInput trays: 500-sheet main + 100-sheet multipurpose\r\nExpandable up to ~1600 sheets\r\n\r\nHEEC Sales', 1, '2026-03-19', '2026-03-19 01:15:00', '2026-03-19 01:15:00', 6, 1),
(317, 'PRI174117', 'Printer', 'HP', 'HP LASERJET P3015 SERIES (CE528A)', 'VNF3F01741', 'Type: Monochrome Laser Printer (Black & White only)\r\nFunction: Print only (no scan/copy)\r\nPrint Speed: Up to ~42 pages per minute (A4)\r\nPrint Resolution: Up to 1200 × 1200 dpi\r\nDuty Cycle: Up to 100,000 pages/month\r\nRecommended Monthly Volume: 1,500 – 5,000 pages\r\n\r\nHYATT HR', 1, '2026-03-19', '2026-03-19 01:24:34', '2026-03-19 01:24:34', 6, 1),
(318, 'PRI184018', 'Printer', 'Epson', 'EPSON LX-310 (PA71A)', 'Q7CYJO1840', 'Accounting Rowy', 0, '2026-03-19', '2026-03-19 02:06:48', '2026-03-19 02:19:14', 6, 1),
(319, 'PRI929019', 'Printer', 'Epson', 'EPSON LX-310 (PA71A)', 'Q7CY219290', 'Accounting Ninn', 0, '2026-03-19', '2026-03-19 02:10:57', '2026-03-19 02:21:49', 6, 1),
(320, 'PRI939820', 'Printer', 'Epson', 'EPSON LX-310 (PA71A)', 'Q7CY229398', 'Accounting RJ', 0, '2026-03-19', '2026-03-19 02:11:59', '2026-03-19 02:22:08', 6, 1),
(321, 'PRI006321', 'Printer', 'Epson', 'EPSON LX-310 (PA71A)', 'Q7CY020063', 'Accounting Vilma', 0, '2026-03-19', '2026-03-19 02:12:31', '2026-03-19 02:22:21', 6, 1),
(322, 'PRI107122', 'Printer', 'Epson', 'LX-310+II (P170B)', 'G8NY221071', 'Accounting Roel', 0, '2026-03-19', '2026-03-19 02:13:19', '2026-03-19 02:22:50', 6, 1),
(323, 'PRI126423', 'Printer', 'Epson', 'EPSON LX-310 (PA71A)', 'Q7CY271264', 'Hiaire CJ', 0, '2026-03-19', '2026-03-19 02:16:09', '2026-03-19 02:17:05', 6, 1),
(324, 'PRI410724', 'Printer', 'Epson', 'EPSON LX-310 (PA71A)', 'Q7CY064107', 'Hiaire Dexter', 0, '2026-03-19', '2026-03-19 02:16:31', '2026-03-19 02:17:42', 6, 1),
(325, 'PRI182725', 'Printer', 'Epson', 'EPSON LX-310 (PA71A)', 'Q7CYJO1827', 'Accounting Cheng', 0, '2026-03-19', '2026-03-19 02:25:44', '2026-03-19 02:26:13', 6, 1),
(326, 'PRI953226', 'Printer', 'Epson', 'EPSON LX-310 (PA71A)', 'Q7CY029532', 'HEEC Harvey', 0, '2026-03-19', '2026-03-19 02:28:31', '2026-03-19 02:29:48', 6, 1),
(327, 'PRI866E27', 'Printer', 'OKI', 'OKIDATA MICROLINE 321 TURBO', 'AE4013866E', 'HEEC Patrick', 0, '2026-03-19', '2026-03-19 02:37:06', '2026-03-19 02:38:03', 6, 1),
(328, 'PRI871E28', 'Printer', 'OKI', 'OKIDATA MICROLINE 321 TURBO', 'AE4013871E', 'HEEC Rose', 0, '2026-03-19', '2026-03-19 02:37:28', '2026-03-19 02:38:19', 6, 1),
(329, 'PRI020229', 'Printer', 'OKI', 'OKIDATA MICROLINE 321 TURBO', '706A1010202', 'HIMC Jona', 0, '2026-03-19', '2026-03-19 02:39:00', '2026-03-19 02:39:40', 6, 1),
(330, 'PRI36E030', 'Printer', 'OKI', 'OKIDATA MICROLINE 321 TURBO', 'AE77046636E0', 'Printer Issuance', 0, '2026-03-19', '2026-03-19 02:40:04', '2026-03-19 02:41:26', 6, 1),
(331, 'PRI83I031', 'Printer', 'OKI', 'OKIDATA MICROLINE 321 TURBO', 'AK69033183I0', 'Printer Issuance', 0, '2026-03-19', '2026-03-19 02:41:45', '2026-03-19 02:42:05', 6, 1),
(335, 'MOU333002', 'Mouse', 'A4TECH', 'KRS-3330', 'KRS-3330', '', 5, '2026-03-19', '2026-03-22 23:57:10', '2026-03-27 06:57:40', 2, 1),
(336, 'KEY330102', 'Keyboard', 'A4TECH', 'KRS-3330', 'KRS-33301', '', 7, '2026-03-19', '2026-03-22 23:57:44', '2026-03-22 23:57:44', 2, 1),
(337, 'PRI196832', 'Printer', 'Epson', 'EPSON LX-310 (PA71A)', 'Q7CYJ41968', 'For Issuance', 0, '2026-07-16', '2026-03-23 01:15:12', '2026-03-23 01:16:01', 6, 1),
(338, 'PRI134833', 'Printer', 'Konica', 'Konica Minolta 367 (BIZHUB 367)', 'A789047011348', 'Hyatt 3rd floor shared printer', 1, '2026-03-19', '2026-03-23 02:07:34', '2026-03-23 02:09:04', 6, 1),
(339, 'PRI224734', 'Printer', 'Epson', 'EPSON L120 SERIES', 'TP3K102247', 'HEEC Colored Printer', 1, '2026-03-19', '2026-03-23 02:08:12', '2026-03-23 02:08:59', 6, 1),
(340, 'PRI4MTN35', 'Printer', 'HP', 'HP DESKJET INK ADVANTAGE 2010 PRINTER(K010a)', 'CN34F1914MTN', '', 1, '2026-03-19', '2026-03-23 02:08:44', '2026-03-23 02:08:53', 6, 1),
(341, 'PRIS04B36', 'Printer', 'HP', 'HP LASERJET P3015 SERIES (CE528A)', 'VNBJ9CS04B', 'Sir Wilson', 1, '2026-03-19', '2026-03-23 02:09:56', '2026-03-23 02:09:56', 6, 1),
(342, 'PRI364537', 'PRINTER', 'CANON', 'G2010', 'KSEY23645', 'New printer for PDED OEM and issue to Sir Jason Viray', 0, '2026-03-24', '2026-03-23 23:13:39', '2026-03-24 05:01:28', 2, 1),
(356, 'SCA123401', 'Scanner', 'Zebra', 'Zebra', '1234', 'test 1234', 1, '2026-03-28', '2026-03-28 12:09:53', '2026-03-28 12:09:53', 6, 1);

-- --------------------------------------------------------

--
-- Table structure for table `item_type`
--

CREATE TABLE `item_type` (
  `type_id` int(11) NOT NULL,
  `type_name` varchar(100) NOT NULL,
  `description` text DEFAULT NULL
) ENGINE=InnoDB DEFAULT CHARSET=utf8mb4 COLLATE=utf8mb4_general_ci;

--
-- Dumping data for table `item_type`
--

INSERT INTO `item_type` (`type_id`, `type_name`, `description`) VALUES
(1, 'PC Parts', 'CPU, Motherboard, RAM, HDD/SSD, PSU, GPU, Cooling systems, Cases, Cables'),
(2, 'Peripherals', 'Monitors, Keyboards, Mice, Printers, Scanners, Webcams, External storage'),
(4, 'Software', 'Operating Systems, Productivity Software, Security Software, Specialized Software'),
(5, 'Tools', 'Screwdrivers, Tool Kits, Cable Organizers, Antistatic Equipment, UPS, Batteries'),
(6, 'Devices', 'Laptops, Tablets, Smartphones, External Battery Packs'),
(7, 'Storage', 'External HDD/SSD, NAS, Backup Tapes, Cloud Storage Subscriptions'),
(8, 'Consumables', 'Consumables');

-- --------------------------------------------------------

--
-- Table structure for table `it_tickets`
--

CREATE TABLE `it_tickets` (
  `id` int(10) UNSIGNED NOT NULL,
  `name` varchar(100) NOT NULL,
  `email` varchar(150) NOT NULL,
  `conversation` text NOT NULL,
  `issue_category` varchar(50) NOT NULL DEFAULT 'unclassified',
  `status` enum('pending','in_progress','resolved','closed') NOT NULL DEFAULT 'pending',
  `created_at` timestamp NOT NULL DEFAULT current_timestamp(),
  `updated_at` timestamp NOT NULL DEFAULT current_timestamp() ON UPDATE current_timestamp()
) ENGINE=InnoDB DEFAULT CHARSET=utf8mb4 COLLATE=utf8mb4_unicode_ci;

-- --------------------------------------------------------

--
-- Table structure for table `laptop_pc_specs`
--

CREATE TABLE `laptop_pc_specs` (
  `spec_id` int(11) NOT NULL,
  `item_id` int(11) NOT NULL,
  `cpu` varchar(255) DEFAULT NULL,
  `ram` varchar(255) DEFAULT NULL,
  `rom` varchar(255) DEFAULT NULL,
  `motherboard` varchar(255) DEFAULT NULL,
  `os` varchar(255) DEFAULT NULL,
  `key` varchar(255) DEFAULT NULL,
  `antivirus` varchar(255) DEFAULT NULL,
  `comp_name` varchar(255) DEFAULT NULL
) ENGINE=InnoDB DEFAULT CHARSET=utf8mb4 COLLATE=utf8mb4_general_ci;

--
-- Dumping data for table `laptop_pc_specs`
--

INSERT INTO `laptop_pc_specs` (`spec_id`, `item_id`, `cpu`, `ram`, `rom`, `motherboard`, `os`, `key`, `antivirus`, `comp_name`) VALUES
(7, 210, 'Intel(R) Core(TM) i5-10310u CPU@1.70GHz', '16GB DDR4 2667 MT/s', 'NVMe 512GB SSD', '-', ' WIN 11 PRO 64-bit (10.0, Build26100)', '-', '-', '-'),
(8, 302, 'Intel(R) Core(TM) i5-1021OU CPU @ 1.60GHz', '16GB RAM 2667MHz SODIMM', '240GB NVMe SSD', '', 'Windows 11 PRO 64 Bit ', 'HCN7B-BFQPM-HK9V2-QVR4J-W44C2', 'Trend Micro', 'DESKTOP-PQRQ4M3'),
(9, 303, '', '', '', '', '', '', '', ''),
(10, 304, 'Intel(R) Core(TM) i5-1031OU CPU @ 1.70GHz', '16GB RAM 2667MHz SODIMM', '500gb SSD', '', 'Windows 11 PRO 64 Bit ', '', 'Trend Micro', 'DESKTOP-8OSL4SH'),
(11, 305, '', '', '', '', '', '', '', ''),
(12, 308, 'Intel(R) Core(TM) i5-1031OU CPU @ 1.70GHz', '16GB RAM 2400MHz SODIMM', '500GB NVMe SSD', '', 'Windows 11 PRO 64 Bit ', 'HCN7B-BFQPM-HK9V2-QVR4J-W44C2', '', 'DESKTOP-PICI4FB'),
(13, 309, '', '', '', '', '', '', '', '');

-- --------------------------------------------------------

--
-- Table structure for table `qr_tb`
--

CREATE TABLE `qr_tb` (
  `qr_id` int(11) NOT NULL,
  `item_id` int(11) NOT NULL,
  `qr_code_path` varchar(255) NOT NULL,
  `qr_value` text NOT NULL,
  `created_at` timestamp NOT NULL DEFAULT current_timestamp()
) ENGINE=InnoDB DEFAULT CHARSET=utf8mb4 COLLATE=utf8mb4_general_ci;

--
-- Dumping data for table `qr_tb`
--

INSERT INTO `qr_tb` (`qr_id`, `item_id`, `qr_code_path`, `qr_value`, `created_at`) VALUES
(441, 341, 'qrcodes/item_341.png', 'http://115.88.1.63/koppel-itsm/ITSM/admin/item_view.php?id=341', '2026-03-27 07:43:20'),
(445, 342, 'qrcodes/item_342.png', 'http://115.88.1.63/koppel-itsm/ITSM/admin/item_view.php?id=342', '2026-03-27 07:46:48'),
(448, 340, 'qrcodes/item_340.png', 'http://115.88.1.63/koppel-itsm/ITSM/admin/item_view.php?id=340', '2026-03-27 08:11:27'),
(449, 337, 'qrcodes/item_337.png', 'http://115.88.1.63/koppel-itsm/ITSM/admin/item_view.php?id=337', '2026-03-27 08:12:53'),
(450, 337, 'qrcodes/item_337.png', 'http://115.88.1.63/koppel-itsm/ITSM/admin/item_view.php?id=337', '2026-03-27 08:13:27'),
(451, 318, 'qrcodes/item_318.png', 'http://115.88.1.63/koppel-itsm/ITSM/admin/item_view.php?id=318', '2026-03-27 08:13:41'),
(453, 317, 'qrcodes/item_317.png', 'http://115.88.1.63/koppel-itsm/ITSM/admin/item_view.php?id=317', '2026-03-28 00:55:21'),
(454, 83, 'qrcodes/item_83.png', 'http://115.88.1.63/koppel-itsm/ITSM/admin/item_view.php?id=83', '2026-03-28 00:59:04'),
(455, 147, 'qrcodes/item_147.png', 'http://115.88.1.63/koppel-itsm/ITSM/admin/item_view.php?id=147', '2026-03-28 00:59:04'),
(456, 187, 'qrcodes/item_187.png', 'http://115.88.1.63/koppel-itsm/ITSM/admin/item_view.php?id=187', '2026-03-28 00:59:04'),
(457, 188, 'qrcodes/item_188.png', 'http://115.88.1.63/koppel-itsm/ITSM/admin/item_view.php?id=188', '2026-03-28 00:59:04'),
(458, 202, 'qrcodes/item_202.png', 'http://115.88.1.63/koppel-itsm/ITSM/admin/item_view.php?id=202', '2026-03-28 00:59:04'),
(459, 52, 'qrcodes/item_52.png', 'http://115.88.1.63/koppel-itsm/ITSM/admin/item_view.php?id=52', '2026-03-28 00:59:04'),
(460, 85, 'qrcodes/item_85.png', 'http://115.88.1.63/koppel-itsm/ITSM/admin/item_view.php?id=85', '2026-03-28 00:59:04'),
(461, 86, 'qrcodes/item_86.png', 'http://115.88.1.63/koppel-itsm/ITSM/admin/item_view.php?id=86', '2026-03-28 00:59:04'),
(462, 87, 'qrcodes/item_87.png', 'http://115.88.1.63/koppel-itsm/ITSM/admin/item_view.php?id=87', '2026-03-28 00:59:04'),
(463, 109, 'qrcodes/item_109.png', 'http://115.88.1.63/koppel-itsm/ITSM/admin/item_view.php?id=109', '2026-03-28 00:59:04'),
(464, 111, 'qrcodes/item_111.png', 'http://115.88.1.63/koppel-itsm/ITSM/admin/item_view.php?id=111', '2026-03-28 00:59:04'),
(465, 113, 'qrcodes/item_113.png', 'http://115.88.1.63/koppel-itsm/ITSM/admin/item_view.php?id=113', '2026-03-28 00:59:04'),
(466, 115, 'qrcodes/item_115.png', 'http://115.88.1.63/koppel-itsm/ITSM/admin/item_view.php?id=115', '2026-03-28 00:59:04'),
(467, 117, 'qrcodes/item_117.png', 'http://115.88.1.63/koppel-itsm/ITSM/admin/item_view.php?id=117', '2026-03-28 00:59:04'),
(468, 121, 'qrcodes/item_121.png', 'http://115.88.1.63/koppel-itsm/ITSM/admin/item_view.php?id=121', '2026-03-28 00:59:04'),
(469, 126, 'qrcodes/item_126.png', 'http://115.88.1.63/koppel-itsm/ITSM/admin/item_view.php?id=126', '2026-03-28 00:59:04'),
(470, 132, 'qrcodes/item_132.png', 'http://115.88.1.63/koppel-itsm/ITSM/admin/item_view.php?id=132', '2026-03-28 00:59:05'),
(471, 133, 'qrcodes/item_133.png', 'http://115.88.1.63/koppel-itsm/ITSM/admin/item_view.php?id=133', '2026-03-28 00:59:05'),
(472, 143, 'qrcodes/item_143.png', 'http://115.88.1.63/koppel-itsm/ITSM/admin/item_view.php?id=143', '2026-03-28 00:59:05'),
(473, 159, 'qrcodes/item_159.png', 'http://115.88.1.63/koppel-itsm/ITSM/admin/item_view.php?id=159', '2026-03-28 00:59:05'),
(474, 161, 'qrcodes/item_161.png', 'http://115.88.1.63/koppel-itsm/ITSM/admin/item_view.php?id=161', '2026-03-28 00:59:05'),
(475, 165, 'qrcodes/item_165.png', 'http://115.88.1.63/koppel-itsm/ITSM/admin/item_view.php?id=165', '2026-03-28 00:59:05'),
(476, 178, 'qrcodes/item_178.png', 'http://115.88.1.63/koppel-itsm/ITSM/admin/item_view.php?id=178', '2026-03-28 00:59:05'),
(477, 179, 'qrcodes/item_179.png', 'http://115.88.1.63/koppel-itsm/ITSM/admin/item_view.php?id=179', '2026-03-28 00:59:05'),
(478, 181, 'qrcodes/item_181.png', 'http://115.88.1.63/koppel-itsm/ITSM/admin/item_view.php?id=181', '2026-03-28 00:59:05'),
(479, 203, 'qrcodes/item_203.png', 'http://115.88.1.63/koppel-itsm/ITSM/admin/item_view.php?id=203', '2026-03-28 00:59:05'),
(480, 226, 'qrcodes/item_226.png', 'http://115.88.1.63/koppel-itsm/ITSM/admin/item_view.php?id=226', '2026-03-28 00:59:05'),
(481, 227, 'qrcodes/item_227.png', 'http://115.88.1.63/koppel-itsm/ITSM/admin/item_view.php?id=227', '2026-03-28 00:59:05'),
(482, 228, 'qrcodes/item_228.png', 'http://115.88.1.63/koppel-itsm/ITSM/admin/item_view.php?id=228', '2026-03-28 00:59:05'),
(483, 229, 'qrcodes/item_229.png', 'http://115.88.1.63/koppel-itsm/ITSM/admin/item_view.php?id=229', '2026-03-28 00:59:05'),
(484, 230, 'qrcodes/item_230.png', 'http://115.88.1.63/koppel-itsm/ITSM/admin/item_view.php?id=230', '2026-03-28 00:59:05'),
(485, 231, 'qrcodes/item_231.png', 'http://115.88.1.63/koppel-itsm/ITSM/admin/item_view.php?id=231', '2026-03-28 00:59:05'),
(486, 233, 'qrcodes/item_233.png', 'http://115.88.1.63/koppel-itsm/ITSM/admin/item_view.php?id=233', '2026-03-28 00:59:05'),
(487, 234, 'qrcodes/item_234.png', 'http://115.88.1.63/koppel-itsm/ITSM/admin/item_view.php?id=234', '2026-03-28 00:59:05'),
(488, 235, 'qrcodes/item_235.png', 'http://115.88.1.63/koppel-itsm/ITSM/admin/item_view.php?id=235', '2026-03-28 00:59:05'),
(489, 273, 'qrcodes/item_273.png', 'http://115.88.1.63/koppel-itsm/ITSM/admin/item_view.php?id=273', '2026-03-28 00:59:05'),
(490, 300, 'qrcodes/item_300.png', 'http://115.88.1.63/koppel-itsm/ITSM/admin/item_view.php?id=300', '2026-03-28 00:59:05'),
(491, 301, 'qrcodes/item_301.png', 'http://115.88.1.63/koppel-itsm/ITSM/admin/item_view.php?id=301', '2026-03-28 00:59:05'),
(492, 303, 'qrcodes/item_303.png', 'http://115.88.1.63/koppel-itsm/ITSM/admin/item_view.php?id=303', '2026-03-28 00:59:05'),
(493, 309, 'qrcodes/item_309.png', 'http://115.88.1.63/koppel-itsm/ITSM/admin/item_view.php?id=309', '2026-03-28 00:59:05'),
(494, 310, 'qrcodes/item_310.png', 'http://115.88.1.63/koppel-itsm/ITSM/admin/item_view.php?id=310', '2026-03-28 00:59:05'),
(495, 335, 'qrcodes/item_335.png', 'http://115.88.1.63/koppel-itsm/ITSM/admin/item_view.php?id=335', '2026-03-28 00:59:05'),
(496, 336, 'qrcodes/item_336.png', 'http://115.88.1.63/koppel-itsm/ITSM/admin/item_view.php?id=336', '2026-03-28 00:59:05'),
(497, 155, 'qrcodes/item_155.png', 'http://115.88.1.63/koppel-itsm/ITSM/admin/item_view.php?id=155', '2026-03-28 00:59:05'),
(498, 92, 'qrcodes/item_92.png', 'http://115.88.1.63/koppel-itsm/ITSM/admin/item_view.php?id=92', '2026-03-28 00:59:05'),
(499, 93, 'qrcodes/item_93.png', 'http://115.88.1.63/koppel-itsm/ITSM/admin/item_view.php?id=93', '2026-03-28 00:59:05'),
(500, 94, 'qrcodes/item_94.png', 'http://115.88.1.63/koppel-itsm/ITSM/admin/item_view.php?id=94', '2026-03-28 00:59:05'),
(501, 95, 'qrcodes/item_95.png', 'http://115.88.1.63/koppel-itsm/ITSM/admin/item_view.php?id=95', '2026-03-28 00:59:05'),
(502, 96, 'qrcodes/item_96.png', 'http://115.88.1.63/koppel-itsm/ITSM/admin/item_view.php?id=96', '2026-03-28 00:59:05'),
(503, 97, 'qrcodes/item_97.png', 'http://115.88.1.63/koppel-itsm/ITSM/admin/item_view.php?id=97', '2026-03-28 00:59:05'),
(504, 98, 'qrcodes/item_98.png', 'http://115.88.1.63/koppel-itsm/ITSM/admin/item_view.php?id=98', '2026-03-28 00:59:05'),
(505, 99, 'qrcodes/item_99.png', 'http://115.88.1.63/koppel-itsm/ITSM/admin/item_view.php?id=99', '2026-03-28 00:59:05'),
(506, 100, 'qrcodes/item_100.png', 'http://115.88.1.63/koppel-itsm/ITSM/admin/item_view.php?id=100', '2026-03-28 00:59:05'),
(507, 101, 'qrcodes/item_101.png', 'http://115.88.1.63/koppel-itsm/ITSM/admin/item_view.php?id=101', '2026-03-28 00:59:05'),
(508, 102, 'qrcodes/item_102.png', 'http://115.88.1.63/koppel-itsm/ITSM/admin/item_view.php?id=102', '2026-03-28 00:59:05'),
(509, 103, 'qrcodes/item_103.png', 'http://115.88.1.63/koppel-itsm/ITSM/admin/item_view.php?id=103', '2026-03-28 00:59:05'),
(510, 104, 'qrcodes/item_104.png', 'http://115.88.1.63/koppel-itsm/ITSM/admin/item_view.php?id=104', '2026-03-28 00:59:05'),
(511, 107, 'qrcodes/item_107.png', 'http://115.88.1.63/koppel-itsm/ITSM/admin/item_view.php?id=107', '2026-03-28 00:59:05'),
(512, 157, 'qrcodes/item_157.png', 'http://115.88.1.63/koppel-itsm/ITSM/admin/item_view.php?id=157', '2026-03-28 00:59:05'),
(513, 51, 'qrcodes/item_51.png', 'http://115.88.1.63/koppel-itsm/ITSM/admin/item_view.php?id=51', '2026-03-28 00:59:05'),
(514, 108, 'qrcodes/item_108.png', 'http://115.88.1.63/koppel-itsm/ITSM/admin/item_view.php?id=108', '2026-03-28 00:59:05'),
(515, 110, 'qrcodes/item_110.png', 'http://115.88.1.63/koppel-itsm/ITSM/admin/item_view.php?id=110', '2026-03-28 00:59:05'),
(516, 112, 'qrcodes/item_112.png', 'http://115.88.1.63/koppel-itsm/ITSM/admin/item_view.php?id=112', '2026-03-28 00:59:05'),
(517, 114, 'qrcodes/item_114.png', 'http://115.88.1.63/koppel-itsm/ITSM/admin/item_view.php?id=114', '2026-03-28 00:59:05'),
(518, 116, 'qrcodes/item_116.png', 'http://115.88.1.63/koppel-itsm/ITSM/admin/item_view.php?id=116', '2026-03-28 00:59:05'),
(519, 120, 'qrcodes/item_120.png', 'http://115.88.1.63/koppel-itsm/ITSM/admin/item_view.php?id=120', '2026-03-28 00:59:05'),
(520, 125, 'qrcodes/item_125.png', 'http://115.88.1.63/koppel-itsm/ITSM/admin/item_view.php?id=125', '2026-03-28 00:59:05'),
(521, 134, 'qrcodes/item_134.png', 'http://115.88.1.63/koppel-itsm/ITSM/admin/item_view.php?id=134', '2026-03-28 00:59:05'),
(522, 135, 'qrcodes/item_135.png', 'http://115.88.1.63/koppel-itsm/ITSM/admin/item_view.php?id=135', '2026-03-28 00:59:05'),
(523, 136, 'qrcodes/item_136.png', 'http://115.88.1.63/koppel-itsm/ITSM/admin/item_view.php?id=136', '2026-03-28 00:59:05'),
(524, 137, 'qrcodes/item_137.png', 'http://115.88.1.63/koppel-itsm/ITSM/admin/item_view.php?id=137', '2026-03-28 00:59:05'),
(525, 138, 'qrcodes/item_138.png', 'http://115.88.1.63/koppel-itsm/ITSM/admin/item_view.php?id=138', '2026-03-28 00:59:05'),
(526, 139, 'qrcodes/item_139.png', 'http://115.88.1.63/koppel-itsm/ITSM/admin/item_view.php?id=139', '2026-03-28 00:59:05'),
(527, 140, 'qrcodes/item_140.png', 'http://115.88.1.63/koppel-itsm/ITSM/admin/item_view.php?id=140', '2026-03-28 00:59:05'),
(528, 142, 'qrcodes/item_142.png', 'http://115.88.1.63/koppel-itsm/ITSM/admin/item_view.php?id=142', '2026-03-28 00:59:05'),
(529, 153, 'qrcodes/item_153.png', 'http://115.88.1.63/koppel-itsm/ITSM/admin/item_view.php?id=153', '2026-03-28 00:59:05'),
(530, 156, 'qrcodes/item_156.png', 'http://115.88.1.63/koppel-itsm/ITSM/admin/item_view.php?id=156', '2026-03-28 00:59:05'),
(531, 160, 'qrcodes/item_160.png', 'http://115.88.1.63/koppel-itsm/ITSM/admin/item_view.php?id=160', '2026-03-28 00:59:05'),
(532, 163, 'qrcodes/item_163.png', 'http://115.88.1.63/koppel-itsm/ITSM/admin/item_view.php?id=163', '2026-03-28 00:59:05'),
(533, 164, 'qrcodes/item_164.png', 'http://115.88.1.63/koppel-itsm/ITSM/admin/item_view.php?id=164', '2026-03-28 00:59:06'),
(534, 169, 'qrcodes/item_169.png', 'http://115.88.1.63/koppel-itsm/ITSM/admin/item_view.php?id=169', '2026-03-28 00:59:06'),
(535, 170, 'qrcodes/item_170.png', 'http://115.88.1.63/koppel-itsm/ITSM/admin/item_view.php?id=170', '2026-03-28 00:59:06'),
(536, 171, 'qrcodes/item_171.png', 'http://115.88.1.63/koppel-itsm/ITSM/admin/item_view.php?id=171', '2026-03-28 00:59:06'),
(537, 177, 'qrcodes/item_177.png', 'http://115.88.1.63/koppel-itsm/ITSM/admin/item_view.php?id=177', '2026-03-28 00:59:06'),
(538, 180, 'qrcodes/item_180.png', 'http://115.88.1.63/koppel-itsm/ITSM/admin/item_view.php?id=180', '2026-03-28 00:59:06'),
(539, 197, 'qrcodes/item_197.png', 'http://115.88.1.63/koppel-itsm/ITSM/admin/item_view.php?id=197', '2026-03-28 00:59:06'),
(540, 208, 'qrcodes/item_208.png', 'http://115.88.1.63/koppel-itsm/ITSM/admin/item_view.php?id=208', '2026-03-28 00:59:06'),
(541, 209, 'qrcodes/item_209.png', 'http://115.88.1.63/koppel-itsm/ITSM/admin/item_view.php?id=209', '2026-03-28 00:59:06'),
(542, 210, 'qrcodes/item_210.png', 'http://115.88.1.63/koppel-itsm/ITSM/admin/item_view.php?id=210', '2026-03-28 00:59:06'),
(543, 211, 'qrcodes/item_211.png', 'http://115.88.1.63/koppel-itsm/ITSM/admin/item_view.php?id=211', '2026-03-28 00:59:06'),
(544, 212, 'qrcodes/item_212.png', 'http://115.88.1.63/koppel-itsm/ITSM/admin/item_view.php?id=212', '2026-03-28 00:59:06'),
(545, 213, 'qrcodes/item_213.png', 'http://115.88.1.63/koppel-itsm/ITSM/admin/item_view.php?id=213', '2026-03-28 00:59:06'),
(546, 214, 'qrcodes/item_214.png', 'http://115.88.1.63/koppel-itsm/ITSM/admin/item_view.php?id=214', '2026-03-28 00:59:06'),
(547, 215, 'qrcodes/item_215.png', 'http://115.88.1.63/koppel-itsm/ITSM/admin/item_view.php?id=215', '2026-03-28 00:59:06'),
(548, 216, 'qrcodes/item_216.png', 'http://115.88.1.63/koppel-itsm/ITSM/admin/item_view.php?id=216', '2026-03-28 00:59:06'),
(549, 217, 'qrcodes/item_217.png', 'http://115.88.1.63/koppel-itsm/ITSM/admin/item_view.php?id=217', '2026-03-28 00:59:06'),
(550, 218, 'qrcodes/item_218.png', 'http://115.88.1.63/koppel-itsm/ITSM/admin/item_view.php?id=218', '2026-03-28 00:59:06'),
(551, 219, 'qrcodes/item_219.png', 'http://115.88.1.63/koppel-itsm/ITSM/admin/item_view.php?id=219', '2026-03-28 00:59:06'),
(552, 220, 'qrcodes/item_220.png', 'http://115.88.1.63/koppel-itsm/ITSM/admin/item_view.php?id=220', '2026-03-28 00:59:06'),
(553, 221, 'qrcodes/item_221.png', 'http://115.88.1.63/koppel-itsm/ITSM/admin/item_view.php?id=221', '2026-03-28 00:59:06'),
(554, 224, 'qrcodes/item_224.png', 'http://115.88.1.63/koppel-itsm/ITSM/admin/item_view.php?id=224', '2026-03-28 00:59:06'),
(555, 225, 'qrcodes/item_225.png', 'http://115.88.1.63/koppel-itsm/ITSM/admin/item_view.php?id=225', '2026-03-28 00:59:06'),
(556, 232, 'qrcodes/item_232.png', 'http://115.88.1.63/koppel-itsm/ITSM/admin/item_view.php?id=232', '2026-03-28 00:59:06'),
(557, 239, 'qrcodes/item_239.png', 'http://115.88.1.63/koppel-itsm/ITSM/admin/item_view.php?id=239', '2026-03-28 00:59:06'),
(558, 240, 'qrcodes/item_240.png', 'http://115.88.1.63/koppel-itsm/ITSM/admin/item_view.php?id=240', '2026-03-28 00:59:06'),
(559, 241, 'qrcodes/item_241.png', 'http://115.88.1.63/koppel-itsm/ITSM/admin/item_view.php?id=241', '2026-03-28 00:59:06'),
(560, 242, 'qrcodes/item_242.png', 'http://115.88.1.63/koppel-itsm/ITSM/admin/item_view.php?id=242', '2026-03-28 00:59:06'),
(561, 244, 'qrcodes/item_244.png', 'http://115.88.1.63/koppel-itsm/ITSM/admin/item_view.php?id=244', '2026-03-28 00:59:06'),
(562, 247, 'qrcodes/item_247.png', 'http://115.88.1.63/koppel-itsm/ITSM/admin/item_view.php?id=247', '2026-03-28 00:59:06'),
(563, 248, 'qrcodes/item_248.png', 'http://115.88.1.63/koppel-itsm/ITSM/admin/item_view.php?id=248', '2026-03-28 00:59:06'),
(564, 249, 'qrcodes/item_249.png', 'http://115.88.1.63/koppel-itsm/ITSM/admin/item_view.php?id=249', '2026-03-28 00:59:06'),
(565, 250, 'qrcodes/item_250.png', 'http://115.88.1.63/koppel-itsm/ITSM/admin/item_view.php?id=250', '2026-03-28 00:59:06'),
(566, 251, 'qrcodes/item_251.png', 'http://115.88.1.63/koppel-itsm/ITSM/admin/item_view.php?id=251', '2026-03-28 00:59:06'),
(567, 252, 'qrcodes/item_252.png', 'http://115.88.1.63/koppel-itsm/ITSM/admin/item_view.php?id=252', '2026-03-28 00:59:06'),
(568, 253, 'qrcodes/item_253.png', 'http://115.88.1.63/koppel-itsm/ITSM/admin/item_view.php?id=253', '2026-03-28 00:59:06'),
(569, 254, 'qrcodes/item_254.png', 'http://115.88.1.63/koppel-itsm/ITSM/admin/item_view.php?id=254', '2026-03-28 00:59:06'),
(570, 257, 'qrcodes/item_257.png', 'http://115.88.1.63/koppel-itsm/ITSM/admin/item_view.php?id=257', '2026-03-28 00:59:06'),
(571, 259, 'qrcodes/item_259.png', 'http://115.88.1.63/koppel-itsm/ITSM/admin/item_view.php?id=259', '2026-03-28 00:59:06'),
(572, 260, 'qrcodes/item_260.png', 'http://115.88.1.63/koppel-itsm/ITSM/admin/item_view.php?id=260', '2026-03-28 00:59:06'),
(573, 261, 'qrcodes/item_261.png', 'http://115.88.1.63/koppel-itsm/ITSM/admin/item_view.php?id=261', '2026-03-28 00:59:06'),
(574, 262, 'qrcodes/item_262.png', 'http://115.88.1.63/koppel-itsm/ITSM/admin/item_view.php?id=262', '2026-03-28 00:59:06'),
(575, 263, 'qrcodes/item_263.png', 'http://115.88.1.63/koppel-itsm/ITSM/admin/item_view.php?id=263', '2026-03-28 00:59:06'),
(576, 264, 'qrcodes/item_264.png', 'http://115.88.1.63/koppel-itsm/ITSM/admin/item_view.php?id=264', '2026-03-28 00:59:06'),
(577, 265, 'qrcodes/item_265.png', 'http://115.88.1.63/koppel-itsm/ITSM/admin/item_view.php?id=265', '2026-03-28 00:59:06'),
(578, 266, 'qrcodes/item_266.png', 'http://115.88.1.63/koppel-itsm/ITSM/admin/item_view.php?id=266', '2026-03-28 00:59:06'),
(579, 267, 'qrcodes/item_267.png', 'http://115.88.1.63/koppel-itsm/ITSM/admin/item_view.php?id=267', '2026-03-28 00:59:06'),
(580, 268, 'qrcodes/item_268.png', 'http://115.88.1.63/koppel-itsm/ITSM/admin/item_view.php?id=268', '2026-03-28 00:59:06'),
(581, 269, 'qrcodes/item_269.png', 'http://115.88.1.63/koppel-itsm/ITSM/admin/item_view.php?id=269', '2026-03-28 00:59:06'),
(582, 270, 'qrcodes/item_270.png', 'http://115.88.1.63/koppel-itsm/ITSM/admin/item_view.php?id=270', '2026-03-28 00:59:06'),
(583, 271, 'qrcodes/item_271.png', 'http://115.88.1.63/koppel-itsm/ITSM/admin/item_view.php?id=271', '2026-03-28 00:59:06'),
(584, 272, 'qrcodes/item_272.png', 'http://115.88.1.63/koppel-itsm/ITSM/admin/item_view.php?id=272', '2026-03-28 00:59:06'),
(585, 274, 'qrcodes/item_274.png', 'http://115.88.1.63/koppel-itsm/ITSM/admin/item_view.php?id=274', '2026-03-28 00:59:06'),
(586, 275, 'qrcodes/item_275.png', 'http://115.88.1.63/koppel-itsm/ITSM/admin/item_view.php?id=275', '2026-03-28 00:59:06'),
(587, 302, 'qrcodes/item_302.png', 'http://115.88.1.63/koppel-itsm/ITSM/admin/item_view.php?id=302', '2026-03-28 00:59:06'),
(588, 304, 'qrcodes/item_304.png', 'http://115.88.1.63/koppel-itsm/ITSM/admin/item_view.php?id=304', '2026-03-28 00:59:06'),
(589, 305, 'qrcodes/item_305.png', 'http://115.88.1.63/koppel-itsm/ITSM/admin/item_view.php?id=305', '2026-03-28 00:59:06'),
(590, 308, 'qrcodes/item_308.png', 'http://115.88.1.63/koppel-itsm/ITSM/admin/item_view.php?id=308', '2026-03-28 00:59:06'),
(591, 311, 'qrcodes/item_311.png', 'http://115.88.1.63/koppel-itsm/ITSM/admin/item_view.php?id=311', '2026-03-28 00:59:06'),
(592, 312, 'qrcodes/item_312.png', 'http://115.88.1.63/koppel-itsm/ITSM/admin/item_view.php?id=312', '2026-03-28 00:59:06'),
(593, 313, 'qrcodes/item_313.png', 'http://115.88.1.63/koppel-itsm/ITSM/admin/item_view.php?id=313', '2026-03-28 00:59:06'),
(594, 314, 'qrcodes/item_314.png', 'http://115.88.1.63/koppel-itsm/ITSM/admin/item_view.php?id=314', '2026-03-28 00:59:06'),
(595, 315, 'qrcodes/item_315.png', 'http://115.88.1.63/koppel-itsm/ITSM/admin/item_view.php?id=315', '2026-03-28 00:59:06'),
(596, 316, 'qrcodes/item_316.png', 'http://115.88.1.63/koppel-itsm/ITSM/admin/item_view.php?id=316', '2026-03-28 00:59:06'),
(597, 319, 'qrcodes/item_319.png', 'http://115.88.1.63/koppel-itsm/ITSM/admin/item_view.php?id=319', '2026-03-28 00:59:06'),
(598, 320, 'qrcodes/item_320.png', 'http://115.88.1.63/koppel-itsm/ITSM/admin/item_view.php?id=320', '2026-03-28 00:59:06'),
(599, 321, 'qrcodes/item_321.png', 'http://115.88.1.63/koppel-itsm/ITSM/admin/item_view.php?id=321', '2026-03-28 00:59:06'),
(600, 322, 'qrcodes/item_322.png', 'http://115.88.1.63/koppel-itsm/ITSM/admin/item_view.php?id=322', '2026-03-28 00:59:07'),
(601, 323, 'qrcodes/item_323.png', 'http://115.88.1.63/koppel-itsm/ITSM/admin/item_view.php?id=323', '2026-03-28 00:59:07'),
(602, 324, 'qrcodes/item_324.png', 'http://115.88.1.63/koppel-itsm/ITSM/admin/item_view.php?id=324', '2026-03-28 00:59:07'),
(603, 325, 'qrcodes/item_325.png', 'http://115.88.1.63/koppel-itsm/ITSM/admin/item_view.php?id=325', '2026-03-28 00:59:07'),
(604, 326, 'qrcodes/item_326.png', 'http://115.88.1.63/koppel-itsm/ITSM/admin/item_view.php?id=326', '2026-03-28 00:59:07'),
(605, 327, 'qrcodes/item_327.png', 'http://115.88.1.63/koppel-itsm/ITSM/admin/item_view.php?id=327', '2026-03-28 00:59:07'),
(606, 328, 'qrcodes/item_328.png', 'http://115.88.1.63/koppel-itsm/ITSM/admin/item_view.php?id=328', '2026-03-28 00:59:07'),
(607, 329, 'qrcodes/item_329.png', 'http://115.88.1.63/koppel-itsm/ITSM/admin/item_view.php?id=329', '2026-03-28 00:59:07'),
(608, 330, 'qrcodes/item_330.png', 'http://115.88.1.63/koppel-itsm/ITSM/admin/item_view.php?id=330', '2026-03-28 00:59:07'),
(609, 331, 'qrcodes/item_331.png', 'http://115.88.1.63/koppel-itsm/ITSM/admin/item_view.php?id=331', '2026-03-28 00:59:07'),
(610, 338, 'qrcodes/item_338.png', 'http://115.88.1.63/koppel-itsm/ITSM/admin/item_view.php?id=338', '2026-03-28 00:59:07'),
(611, 339, 'qrcodes/item_339.png', 'http://115.88.1.63/koppel-itsm/ITSM/admin/item_view.php?id=339', '2026-03-28 00:59:07'),
(612, 84, 'qrcodes/item_84.png', 'http://115.88.1.63/koppel-itsm/ITSM/admin/item_view.php?id=84', '2026-03-28 00:59:07'),
(613, 88, 'qrcodes/item_88.png', 'http://115.88.1.63/koppel-itsm/ITSM/admin/item_view.php?id=88', '2026-03-28 00:59:07'),
(614, 105, 'qrcodes/item_105.png', 'http://115.88.1.63/koppel-itsm/ITSM/admin/item_view.php?id=105', '2026-03-28 00:59:07'),
(615, 106, 'qrcodes/item_106.png', 'http://115.88.1.63/koppel-itsm/ITSM/admin/item_view.php?id=106', '2026-03-28 00:59:07'),
(616, 127, 'qrcodes/item_127.png', 'http://115.88.1.63/koppel-itsm/ITSM/admin/item_view.php?id=127', '2026-03-28 00:59:07'),
(617, 128, 'qrcodes/item_128.png', 'http://115.88.1.63/koppel-itsm/ITSM/admin/item_view.php?id=128', '2026-03-28 00:59:07'),
(618, 129, 'qrcodes/item_129.png', 'http://115.88.1.63/koppel-itsm/ITSM/admin/item_view.php?id=129', '2026-03-28 00:59:07'),
(619, 144, 'qrcodes/item_144.png', 'http://115.88.1.63/koppel-itsm/ITSM/admin/item_view.php?id=144', '2026-03-28 00:59:07'),
(620, 145, 'qrcodes/item_145.png', 'http://115.88.1.63/koppel-itsm/ITSM/admin/item_view.php?id=145', '2026-03-28 00:59:07'),
(621, 146, 'qrcodes/item_146.png', 'http://115.88.1.63/koppel-itsm/ITSM/admin/item_view.php?id=146', '2026-03-28 00:59:07'),
(622, 154, 'qrcodes/item_154.png', 'http://115.88.1.63/koppel-itsm/ITSM/admin/item_view.php?id=154', '2026-03-28 00:59:07'),
(623, 172, 'qrcodes/item_172.png', 'http://115.88.1.63/koppel-itsm/ITSM/admin/item_view.php?id=172', '2026-03-28 00:59:07'),
(624, 173, 'qrcodes/item_173.png', 'http://115.88.1.63/koppel-itsm/ITSM/admin/item_view.php?id=173', '2026-03-28 00:59:07'),
(625, 176, 'qrcodes/item_176.png', 'http://115.88.1.63/koppel-itsm/ITSM/admin/item_view.php?id=176', '2026-03-28 00:59:07'),
(626, 182, 'qrcodes/item_182.png', 'http://115.88.1.63/koppel-itsm/ITSM/admin/item_view.php?id=182', '2026-03-28 00:59:07'),
(627, 189, 'qrcodes/item_189.png', 'http://115.88.1.63/koppel-itsm/ITSM/admin/item_view.php?id=189', '2026-03-28 00:59:07'),
(628, 190, 'qrcodes/item_190.png', 'http://115.88.1.63/koppel-itsm/ITSM/admin/item_view.php?id=190', '2026-03-28 00:59:07'),
(629, 191, 'qrcodes/item_191.png', 'http://115.88.1.63/koppel-itsm/ITSM/admin/item_view.php?id=191', '2026-03-28 00:59:07'),
(630, 192, 'qrcodes/item_192.png', 'http://115.88.1.63/koppel-itsm/ITSM/admin/item_view.php?id=192', '2026-03-28 00:59:07'),
(631, 193, 'qrcodes/item_193.png', 'http://115.88.1.63/koppel-itsm/ITSM/admin/item_view.php?id=193', '2026-03-28 00:59:07'),
(632, 194, 'qrcodes/item_194.png', 'http://115.88.1.63/koppel-itsm/ITSM/admin/item_view.php?id=194', '2026-03-28 00:59:07'),
(633, 195, 'qrcodes/item_195.png', 'http://115.88.1.63/koppel-itsm/ITSM/admin/item_view.php?id=195', '2026-03-28 00:59:07'),
(634, 196, 'qrcodes/item_196.png', 'http://115.88.1.63/koppel-itsm/ITSM/admin/item_view.php?id=196', '2026-03-28 00:59:07'),
(635, 199, 'qrcodes/item_199.png', 'http://115.88.1.63/koppel-itsm/ITSM/admin/item_view.php?id=199', '2026-03-28 00:59:07'),
(636, 201, 'qrcodes/item_201.png', 'http://115.88.1.63/koppel-itsm/ITSM/admin/item_view.php?id=201', '2026-03-28 00:59:07'),
(637, 204, 'qrcodes/item_204.png', 'http://115.88.1.63/koppel-itsm/ITSM/admin/item_view.php?id=204', '2026-03-28 00:59:07'),
(638, 205, 'qrcodes/item_205.png', 'http://115.88.1.63/koppel-itsm/ITSM/admin/item_view.php?id=205', '2026-03-28 00:59:07'),
(639, 206, 'qrcodes/item_206.png', 'http://115.88.1.63/koppel-itsm/ITSM/admin/item_view.php?id=206', '2026-03-28 00:59:07'),
(640, 207, 'qrcodes/item_207.png', 'http://115.88.1.63/koppel-itsm/ITSM/admin/item_view.php?id=207', '2026-03-28 00:59:07'),
(641, 236, 'qrcodes/item_236.png', 'http://115.88.1.63/koppel-itsm/ITSM/admin/item_view.php?id=236', '2026-03-28 00:59:07'),
(642, 89, 'qrcodes/item_89.png', 'http://115.88.1.63/koppel-itsm/ITSM/admin/item_view.php?id=89', '2026-03-28 00:59:07'),
(643, 90, 'qrcodes/item_90.png', 'http://115.88.1.63/koppel-itsm/ITSM/admin/item_view.php?id=90', '2026-03-28 00:59:07'),
(644, 151, 'qrcodes/item_151.png', 'http://115.88.1.63/koppel-itsm/ITSM/admin/item_view.php?id=151', '2026-03-28 00:59:07'),
(645, 152, 'qrcodes/item_152.png', 'http://115.88.1.63/koppel-itsm/ITSM/admin/item_view.php?id=152', '2026-03-28 00:59:07'),
(646, 168, 'qrcodes/item_168.png', 'http://115.88.1.63/koppel-itsm/ITSM/admin/item_view.php?id=168', '2026-03-28 00:59:07'),
(647, 174, 'qrcodes/item_174.png', 'http://115.88.1.63/koppel-itsm/ITSM/admin/item_view.php?id=174', '2026-03-28 00:59:07'),
(648, 175, 'qrcodes/item_175.png', 'http://115.88.1.63/koppel-itsm/ITSM/admin/item_view.php?id=175', '2026-03-28 00:59:07'),
(649, 183, 'qrcodes/item_183.png', 'http://115.88.1.63/koppel-itsm/ITSM/admin/item_view.php?id=183', '2026-03-28 00:59:07'),
(650, 184, 'qrcodes/item_184.png', 'http://115.88.1.63/koppel-itsm/ITSM/admin/item_view.php?id=184', '2026-03-28 00:59:07'),
(651, 185, 'qrcodes/item_185.png', 'http://115.88.1.63/koppel-itsm/ITSM/admin/item_view.php?id=185', '2026-03-28 00:59:07'),
(652, 186, 'qrcodes/item_186.png', 'http://115.88.1.63/koppel-itsm/ITSM/admin/item_view.php?id=186', '2026-03-28 00:59:07'),
(653, 198, 'qrcodes/item_198.png', 'http://115.88.1.63/koppel-itsm/ITSM/admin/item_view.php?id=198', '2026-03-28 00:59:07'),
(654, 245, 'qrcodes/item_245.png', 'http://115.88.1.63/koppel-itsm/ITSM/admin/item_view.php?id=245', '2026-03-28 00:59:07'),
(655, 246, 'qrcodes/item_246.png', 'http://115.88.1.63/koppel-itsm/ITSM/admin/item_view.php?id=246', '2026-03-28 00:59:07'),
(656, 306, 'qrcodes/item_306.png', 'http://115.88.1.63/koppel-itsm/ITSM/admin/item_view.php?id=306', '2026-03-28 00:59:07'),
(657, 307, 'qrcodes/item_307.png', 'http://115.88.1.63/koppel-itsm/ITSM/admin/item_view.php?id=307', '2026-03-28 00:59:07');

-- --------------------------------------------------------

--
-- Table structure for table `request_tb`
--

CREATE TABLE `request_tb` (
  `request_id` int(11) NOT NULL,
  `lmr_no` varchar(50) NOT NULL,
  `requestor` varchar(100) NOT NULL,
  `department` varchar(70) NOT NULL,
  `item` varchar(70) NOT NULL,
  `description` varchar(150) NOT NULL,
  `quantity` tinyint(4) NOT NULL,
  `UoM` varchar(50) NOT NULL,
  `date_needed` date NOT NULL,
  `remarks` varchar(150) NOT NULL,
  `date_created` date NOT NULL,
  `status` varchar(50) NOT NULL,
  `date_updated` timestamp NOT NULL DEFAULT current_timestamp() ON UPDATE current_timestamp(),
  `created_by` int(11) NOT NULL,
  `ticket_id` int(11) DEFAULT NULL
) ENGINE=InnoDB DEFAULT CHARSET=utf8mb4 COLLATE=utf8mb4_general_ci;

--
-- Dumping data for table `request_tb`
--

INSERT INTO `request_tb` (`request_id`, `lmr_no`, `requestor`, `department`, `item`, `description`, `quantity`, `UoM`, `date_needed`, `remarks`, `date_created`, `status`, `date_updated`, `created_by`, `ticket_id`) VALUES
(8, 'SD-2506-002', 'Abby Mina', 'VRF', 'SSD', 'Laptop Upgrade', 1, 'piece', '2026-02-27', '', '2025-07-15', 'Received', '2026-02-24 01:35:11', 446, NULL),
(9, 'IT-100011', 'Gardo Oruga', 'Purchasing', 'Laptop', 'New Laptop', 1, 'piece', '2026-02-27', '', '2025-07-15', 'Received', '2026-03-16 17:06:35', 446, NULL),
(10, 'IT-100018', 'Xerxis Costelo', 'Tarlac Warehouse', 'SSD', 'Laptop Upgrade', 1, 'piece', '2026-02-27', '', '2025-08-13', 'Received', '2026-02-24 01:35:11', 446, NULL),
(11, 'IT-100020', 'Ed Villapando', 'Sucat Warehouse', 'Printer', 'Dot Matrix Repair', 1, 'piece', '2026-02-27', '', '2025-08-15', 'Approved', '2026-02-24 01:35:11', 446, NULL),
(12, 'IT-100021', 'Accounting Department', 'Accounting Department', 'SSD', 'PC Upgrade', 7, 'piece', '2026-02-27', '', '2025-08-22', 'Received', '2026-02-24 01:35:11', 446, NULL),
(13, 'IT-100031', 'Manuel Penas', 'Sales', 'Laptop', 'New Laptop', 1, 'piece', '2026-02-27', '', '2025-10-01', 'Received', '2026-02-24 01:35:11', 446, NULL),
(15, 'IT-100034', 'Sales, Vrf, HR', 'Sales, Vrf, HR', 'Printer Ink', 'Printer Ink', 4, 'piece', '2026-02-27', '', '2025-10-03', 'Received', '2026-02-24 01:35:11', 446, NULL),
(16, 'IT-100041', 'Service - Parts', 'Service - Parts', 'SSD', 'SSD', 2, 'piece', '2026-02-27', '', '2025-10-30', 'Received', '2026-02-24 01:35:11', 446, NULL),
(17, 'IT-100038', 'CDO Branch', 'CDO Branch', 'Monitor', 'Monitor Replacement', 2, 'piece', '2026-02-27', 'OK', '2025-10-30', 'Received', '2026-02-24 01:35:11', 446, NULL),
(18, 'IT-100040', 'Service - Parts', 'Service - Parts', 'AVR', 'AVR', 7, 'piece', '2026-02-27', '', '2025-10-30', 'Received', '2026-02-24 01:35:11', 446, NULL),
(19, 'IT-100037', 'Cebu Branch', 'Cebu Branch', 'SSD/RAM', '500GB SSD 2.5\" INTERNAL, 8GB DDR4 RAM 2400 MHZ', 4, 'piece', '2026-02-27', '', '2025-11-18', 'Received', '2026-02-24 01:35:11', 446, NULL),
(20, 'IT-100036', 'IT Department', 'IT Department', 'WIFI Dongle', 'WIFI Dongle for Sucat', 3, 'piece', '2026-02-27', '', '2025-11-18', 'Received', '2026-02-24 01:35:11', 446, NULL),
(22, 'IT-100045', 'IT Department', 'IT Department', 'Mouse', 'A4TECH KEYBOARD AND MOUSE', 7, 'pieces', '2026-02-27', 'for 2 service engineers, 1 rey grena, and 4 spare', '2025-11-28', 'Pending', '2026-02-24 01:35:11', 446, NULL),
(23, 'IT-100046', 'Abby Mina', 'VRF', 'Battery', 'Laptop Battery', 1, 'pieces', '2026-02-27', 'Defective Battery (Acer TravelMate P249 Series, Model No. N16Q1)', '2025-11-28', 'Rejected', '2026-02-24 01:35:11', 446, NULL),
(24, 'IT-100047', 'Service Engineers', 'Service Department', 'Monitor', 'New Monitor', 2, 'piece', '2026-02-27', 'for new technical Service Engineers', '2025-11-28', 'Received', '2026-02-24 01:35:11', 446, NULL),
(30, 'IT-100048', 'Jayson Almadrones', 'Accounting Department', 'SSD', '500 GB INTERNAL SSD 2.5\"', 1, 'pc', '2026-02-27', 'Laptop Upgrade due to slow laptop performance', '2025-11-28', 'Received', '2026-02-24 01:35:11', 446, NULL),
(31, 'IT-100048', 'Jayson Almadrones', 'Accounting Department', 'Battery', 'Lenovo Ideapad 100-14IBD, \r\nModel: 81MV', 1, 'pc', '2026-02-27', 'Defective Laptop Battery', '2025-11-28', 'Approved', '2026-02-24 01:35:11', 446, NULL),
(32, 'IT-100049', 'IT Department', 'IT Department', 'Lamp Projector', 'OS-RAM P-VIP 190/0.8 E20.8 Lamp Projector', 1, 'pc', '2026-02-27', 'For Replacement of Parts of Defective Projector (Service Department)', '2025-11-28', 'Received', '2026-02-24 01:35:11', 446, NULL),
(33, 'IT-100050', 'PDED Design', 'PDED Department', 'SSD', '512GB INTERNAL SSD 2.5\"', 4, 'pcs', '2026-02-27', 'PC Upgrade for Mike Jordan Constantino, Christopher Tarcena, Wyndell Erpe and Vacant PC', '2025-12-03', 'Received', '2026-02-24 01:35:11', 446, NULL),
(35, 'IT-100051', 'Reynald Gapido', 'HI-AIRE - Operations', 'SSD', '500 GB INTERNAL SSD 2.5\"', 2, 'pc', '2026-02-27', 'For 2 Project Engineers', '2025-12-03', 'Received', '2026-02-24 01:35:11', 446, NULL),
(36, 'IT-100051', 'William Tating', 'HEEC - Sales', 'SSD', '500 GB INTERNAL SSD 2.5\"', 1, 'pc', '2026-02-27', 'For PC Upgrade', '2025-12-03', 'Received', '2026-02-24 01:35:11', 446, NULL),
(37, 'IT-100052', 'Cary Frances Maunahan', 'QA Department', 'SSD', '500 GB INTERNAL SSD 2.5\"', 1, 'pc', '2026-02-27', 'HDD to SSD Upgrade due to low HDD life', '2025-12-16', 'Pending', '2026-02-24 01:35:11', 446, NULL),
(38, 'IT-100053', 'SALES, VRF, MKTG', 'SALES, VRF, MKTG', 'INK', 'M15140 PRINTER INK', 2, 'pcs', '2026-02-27', 'For SALES, VRF, MKTG Printer', '2026-01-06', 'Received', '2026-02-24 01:35:11', 446, NULL),
(39, 'IT-100054', 'Aldrine Rocero', 'Service', 'Printer', 'Printer Head Repair of EPSON LX-310', 1, 'pc', '2026-02-27', 'Unreadable Print out due to possible printer head problem (need vendor technical assessment)', '2026-01-08', 'Approved', '2026-02-24 01:35:11', 446, NULL),
(40, 'IT-100055', 'Oscar Juanico', 'CNC Dept', 'INK', 'Printer Ink for Epson M15140', 1, 'pc', '2026-02-27', 'Printer Ink for Epson M15140', '2026-01-09', 'Received', '2026-02-24 01:35:11', 446, NULL),
(41, 'IT-100056', 'Jayson Viray', 'PDED Department', 'Monitor', 'Monitor Replacement', 1, 'pc', '2026-02-27', 'Monitor Replacement', '2026-01-16', 'Received', '2026-02-24 01:35:11', 446, NULL),
(42, 'KI-MD-F002-26', 'Marketing', 'Marketing Department', 'Printer', 'Colored A3 Printer with Scanner', 1, 'pc', '2026-02-27', '', '2026-01-16', 'Rejected', '2026-02-24 01:35:11', 446, NULL),
(43, 'IT-100057', 'IT Department', 'IT Department', 'Forti Switch', '48 ports Forti Switch 148F', 2, 'pc', '2026-02-27', 'Replacement of Switch for SAP Servers', '2026-01-30', 'Pending', '2026-02-24 01:35:11', 446, NULL),
(44, 'IT-100057', 'IT Department', 'IT Department', 'Access Point', 'Rujie Reyee Access Point', 3, 'pc', '2026-02-27', 'Replacement of defective access points', '2026-01-30', 'Pending', '2026-02-24 01:35:11', 446, NULL),
(45, 'IT-110057', 'IT Department', 'IT Department', 'UPS', '1500 VA UPS (Schneider/Eaton/Vertiv)', 1, 'pc', '2026-02-27', 'UPS for servers', '2026-01-30', 'Rejected', '2026-02-24 01:35:11', 446, NULL),
(46, 'IT-100057', 'IT Department', 'IT Department', 'Battery', '9 Volts Battery (Eveready, Energizer)', 2, 'pc', '2026-02-27', '9 Volts Battery for lan tester', '2026-01-30', 'Received', '2026-02-24 01:35:11', 446, NULL),
(47, 'IT-100058', 'Jaypeeh Guertah', 'Canlubang Warehouse', 'Switch', '12/16 Port TP Link Switch', 1, 'pc', '2026-02-27', 'Existing Access point is full and having malfunction', '2026-01-28', 'Rejected', '2026-03-16 17:06:25', 446, NULL),
(48, 'IT-100059', 'SUCAT WAREHOUSE', 'SUCAT WAREHOUSE', 'SSD', '500 GB INTERNAL SSD 2.5\"', 4, 'pc', '2026-02-27', 'For PC Upgrade of Ed, Mildred, Nestor and Archie', '2026-01-30', 'Pending', '2026-02-24 01:35:11', 446, NULL),
(49, 'IT-100059', 'SUCAT WAREHOUSE', 'SUCAT WAREHOUSE', 'RAM', '8GB DDR4 RAM 2100-2600 Mhz DIMM', 2, 'pc', '2026-02-27', 'For Archie and Amor', '2026-01-30', 'Pending', '2026-02-24 01:35:11', 446, NULL),
(50, 'IT-100059', 'SUCAT WAREHOUSE', 'SUCAT WAREHOUSE', 'RAM', '8GB DDR3 1300-1600 Mhz DIMM', 3, 'pc', '2026-02-27', 'For Ed, Mildred, Nestor', '2026-01-30', 'Pending', '2026-02-24 01:35:11', 446, NULL),
(51, 'IT-100060', 'CDO BRANCH', 'CDO BRANCH', 'SSD', '500 GB INTERNAL SSD 2.5\"', 6, 'pc', '2026-02-27', 'For PC upgrade of Jane, Leslie, Charlene, Rey, Sarah, Rey', '2026-01-30', 'Pending', '2026-03-16 23:39:20', 446, NULL),
(52, 'IT-100060', 'CDO BRANCH', 'CDO BRANCH', 'RAM', '8GB DDR4 RAM 2100-2600 Mhz DIMM', 2, 'pc', '2026-02-27', 'For Leslie, Rey', '2026-01-30', 'Approved', '2026-02-24 01:35:11', 446, NULL),
(53, 'IT-100060', 'CDO BRANCH', 'CDO BRANCH', 'RAM', '8GB DDR3 1300-1600 Mhz DIMM', 1, 'pc', '2026-02-27', 'For Jane', '2026-01-30', 'Approved', '2026-02-24 01:35:11', 446, NULL),
(54, 'IT-100060', 'CDO BRANCH', 'CDO BRANCH', 'RAM', '8GB DDR4 RAM 2100-2600 Mhz SO-DIMM', 4, 'pc', '2026-02-27', 'For Laptop of Roel, Shyne, Rey, Sarah', '2026-01-30', 'Approved', '2026-02-24 01:35:11', 446, NULL),
(55, 'IT-100060', 'CDO BRANCH', 'CDO BRANCH', 'PSU', 'P700W ATX SWITCH POWER SUPPLY', 1, 'pc', '2026-02-27', 'For Vacant PC, replacement defective PSU', '2026-01-30', 'Approved', '2026-02-24 01:35:11', 446, NULL),
(56, 'IT-100060', 'CDO BRANCH', 'CDO BRANCH', 'SSD', '500 GB NVMe PCIe Gen3 x4 M.2 2280 SSD', 2, 'pc', '2026-02-27', 'For Roel, Shyne', '2026-01-30', 'Pending', '2026-03-16 23:39:29', 446, NULL),
(57, 'IT-100057', 'IT Department', 'IT Department', 'UPS', '1000 VA UPS (Schneider/Eaton/Vertiv)', 3, 'pc', '2026-02-27', '1000 VA UPS (Schneider/Eaton/Vertiv)', '2026-01-30', 'Pending', '2026-02-24 01:35:11', 446, NULL),
(65, 'IT-100057', 'Rochelle P. Paciola', 'PDED-OEM', 'SSD', 'SSD', 1, 'pc', '2026-02-27', 'SSD', '2026-02-01', 'Rejected', '2026-02-24 01:35:11', 457, NULL),
(69, 'IT-100061', 'KOPPEL SERVICE', 'SERVICE OPERATION', 'PROJECTOR', 'Infocus P130 IN112AA Multimedia SVGA Projector', 1, 'pc', '2026-02-27', 'Replacement for defective Infocus IN230 Projector', '2026-02-06', 'Pending', '2026-02-24 01:35:11', 444, NULL),
(70, 'IT-100061', 'KOPPEL SERVICE', 'SERVICE OPERATION', 'PROJECTOR', 'Infocus P130 IN112AA Multimedia SVGA Projector', 1, 'pc', '2026-02-27', 'Replacement for old Projector of HIMC', '2026-02-06', 'Rejected', '2026-02-24 01:35:11', 444, NULL),
(71, 'IT-100062', 'Kaye Requizo', 'Marketing', 'Printer', 'Epson EcoTank L3150 or Epson L3210 or HP Smart Tank 500', 1, 'pc', '2026-02-27', 'Replacement of Old Epson Printer', '2026-02-16', 'Pending', '2026-02-24 01:35:11', 446, NULL),
(72, 'IT-100063', 'Rio Navarro', 'VRF', 'Laptop Battery', 'Dell Precision 3520 Laptop Battery', 1, 'pc', '2026-02-27', 'Replacement of Laptop Battery due to spilled water on laptop by the user', '2026-02-18', 'Pending', '2026-02-24 01:35:11', 446, NULL),
(73, 'IT-100063', 'Rio Navarro', 'VRF', 'Laptop Keyboard', 'Dell Precision 3520 Laptop Keyboard', 1, 'pc', '2026-02-27', 'Replacement of Laptop Keyboard due to spilled water on laptop by the user', '2026-02-18', 'Pending', '2026-02-24 01:35:11', 446, NULL),
(74, 'IT-100064', 'Aljon Cardeno', 'IT Department', 'INK', 'Printer Ink for Canon GM2070 (70 PGBK)', 2, 'pc', '2026-02-27', 'For HR Printer and IT backup printer currently used by service dept', '2026-02-19', 'Pending', '2026-02-24 01:35:11', 446, NULL),
(120, 'IT-100066', 'Paul Lagrasca', 'Tarlac Warehouse', 'INK', 'Printer Ink for Epson M2050', 2, 'pc', '2026-03-16', 'Ink level of printer is very low', '2026-03-10', 'Rejected', '2026-03-16 17:09:50', 446, 74),
(121, 'IT-100067', 'Rhodalia Beltran', 'Sales', 'INK', 'EPSON M15140 INK', 2, 'pc', '2026-03-12', 'LOW INK LEVEL', '2026-03-12', 'Pending', '2026-03-12 07:14:28', 446, 75),
(127, 'IT-100081', 'IT Department', 'IT Department', 'UPS', '1500 KVA UPS', 3, 'pc', '2026-04-12', 'Additional and Replacement of UPS on Server Room', '2026-03-23', 'Pending', '2026-03-23 04:26:34', 446, 98);

-- --------------------------------------------------------

--
-- Table structure for table `sla_settings`
--

CREATE TABLE `sla_settings` (
  `id` int(11) NOT NULL,
  `priority` varchar(50) NOT NULL,
  `response_minutes` int(11) NOT NULL,
  `resolution_minutes` int(11) NOT NULL,
  `updated_at` timestamp NOT NULL DEFAULT current_timestamp() ON UPDATE current_timestamp()
) ENGINE=InnoDB DEFAULT CHARSET=utf8mb4 COLLATE=utf8mb4_general_ci;

--
-- Dumping data for table `sla_settings`
--

INSERT INTO `sla_settings` (`id`, `priority`, `response_minutes`, `resolution_minutes`, `updated_at`) VALUES
(1, 'highest', 10, 480, '2026-03-25 09:40:12'),
(2, 'high', 20, 1440, '2026-03-25 07:59:10'),
(3, 'medium', 20, 7200, '2026-03-25 06:56:01'),
(4, 'low', 20, 21600, '2026-03-25 06:56:01');

-- --------------------------------------------------------

--
-- Table structure for table `subject_details`
--

CREATE TABLE `subject_details` (
  `subject_details_id` int(11) NOT NULL,
  `subject_id` int(11) NOT NULL,
  `name` varchar(150) NOT NULL,
  `description` varchar(255) NOT NULL,
  `date_created` timestamp NOT NULL DEFAULT current_timestamp() ON UPDATE current_timestamp()
) ENGINE=InnoDB DEFAULT CHARSET=utf8mb4 COLLATE=utf8mb4_general_ci;

--
-- Dumping data for table `subject_details`
--

INSERT INTO `subject_details` (`subject_details_id`, `subject_id`, `name`, `description`, `date_created`) VALUES
(1, 1, 'Get IT help', 'Get assistance for general IT problems and questions', '2026-02-04 07:16:34'),
(2, 1, 'Request a new account', 'Request a new account for a system.', '2026-02-04 07:16:34'),
(3, 1, 'Report a system problem\r\n', 'Let us know if something isn\'t working properly and we\'ll aim to get it back up and running quickly.', '2026-02-04 07:16:34'),
(4, 1, 'Report broken hardware\r\n', 'Report hardware that might be faulty or broken e.g. a broken computer screen or a damaged server.', '2026-02-04 07:16:34'),
(5, 2, 'Get IT help\r\n', 'Get assistance for general IT problems and questions.\r\n\r\n', '2026-02-04 07:19:11'),
(6, 2, 'Request new software\r\n', 'If you need a software license, raise a request here.\r\n', '2026-02-04 07:19:11'),
(7, 2, 'Report broken hardware\r\n', 'Report hardware that might be faulty or broken e.g. a broken computer screen or a damaged server.\r\n', '2026-02-04 07:19:11'),
(8, 2, 'Request new hardware\r\n', 'For example, a new mouse or monitor.', '2026-02-04 07:19:11'),
(9, 3, 'Request admin access\r\n', 'For example, if you need to administer Jira.\r\n', '2026-02-04 07:20:51'),
(10, 3, 'Request a new account\r\n', 'Request a new account for a system.\r\n', '2026-02-04 07:20:51'),
(11, 3, 'Onboard new employees\r\n', 'Request access for new employees.', '2026-02-04 07:20:51'),
(12, 4, 'Request new software', 'If you need a software license, raise a request here.', '2026-02-09 02:13:49'),
(13, 4, 'Report a system problem', 'Let us know if something isn\'t working properly and we\'ll aim to get it back up and running quickly.', '2026-02-09 02:13:49'),
(14, 5, 'Report a system problem\r\n', 'Let us know if something isn\'t working properly and we\'ll aim to get it back up and running quickly.', '2026-02-04 07:16:34'),
(15, 5, 'Report broken hardware\r\n', 'Report hardware that might be faulty or broken e.g. a broken computer screen or a damaged server.', '2026-02-09 02:15:08'),
(17, 6, 'Get IT help\r\n', 'Get assistance for general IT problems and questions.\r\n\r\n', '2026-02-04 07:19:11'),
(18, 6, 'Request new software\r\n', 'If you need a software license, raise a request here.\r\n', '2026-02-04 07:19:11'),
(19, 6, 'Report broken hardware\r\n', 'Report hardware that might be faulty or broken e.g. a broken computer screen or a damaged server.\r\n', '2026-02-04 07:19:11'),
(20, 6, 'Request new hardware\r\n', 'For example, a new mouse or monitor.', '2026-02-04 07:19:11');

-- --------------------------------------------------------

--
-- Table structure for table `system_settings`
--

CREATE TABLE `system_settings` (
  `setting_id` int(11) NOT NULL,
  `setting_key` varchar(100) NOT NULL,
  `setting_value` text NOT NULL,
  `created_at` timestamp NOT NULL DEFAULT current_timestamp(),
  `updated_at` timestamp NOT NULL DEFAULT current_timestamp() ON UPDATE current_timestamp()
) ENGINE=InnoDB DEFAULT CHARSET=utf8mb4 COLLATE=utf8mb4_general_ci;

--
-- Dumping data for table `system_settings`
--

INSERT INTO `system_settings` (`setting_id`, `setting_key`, `setting_value`, `created_at`, `updated_at`) VALUES
(1, 'low_stock_threshold', '2', '2025-09-26 06:44:12', '2026-01-18 03:08:28'),
(2, 'auto_archive_days', '3365', '2025-09-26 06:44:12', '2025-11-21 02:05:21'),
(3, 'default_item_type', '6', '2025-09-26 06:44:12', '2025-09-26 06:44:12'),
(4, 'borrow_limit', '5', '2025-09-26 06:44:12', '2025-09-26 06:44:12'),
(5, 'require_approval', '1', '2025-09-26 06:44:12', '2026-02-03 05:13:46');

-- --------------------------------------------------------

--
-- Table structure for table `ticket_attachments`
--

CREATE TABLE `ticket_attachments` (
  `attachment_id` int(11) NOT NULL,
  `ticket_id` int(11) NOT NULL,
  `file_name` varchar(255) NOT NULL,
  `file_path` varchar(255) NOT NULL,
  `uploaded_at` timestamp NOT NULL DEFAULT current_timestamp()
) ENGINE=InnoDB DEFAULT CHARSET=utf8mb4 COLLATE=utf8mb4_general_ci;

--
-- Dumping data for table `ticket_attachments`
--

INSERT INTO `ticket_attachments` (`attachment_id`, `ticket_id`, `file_name`, `file_path`, `uploaded_at`) VALUES
(21, 107, 'Error proof.JPG', 'uploads/tickets/1774416142_0.jpg', '2026-03-25 05:22:22');

-- --------------------------------------------------------

--
-- Table structure for table `ticket_logs`
--

CREATE TABLE `ticket_logs` (
  `log_id` int(11) NOT NULL,
  `ticket_id` int(11) NOT NULL,
  `changed_by` int(11) NOT NULL,
  `action_type` varchar(50) NOT NULL,
  `field_name` varchar(50) NOT NULL,
  `old_value` text DEFAULT NULL,
  `new_value` text DEFAULT NULL,
  `created_at` timestamp NOT NULL DEFAULT current_timestamp(),
  `comment` text DEFAULT NULL,
  `is_public` tinyint(1) DEFAULT 1
) ENGINE=InnoDB DEFAULT CHARSET=utf8mb4 COLLATE=utf8mb4_general_ci;

--
-- Dumping data for table `ticket_logs`
--

INSERT INTO `ticket_logs` (`log_id`, `ticket_id`, `changed_by`, `action_type`, `field_name`, `old_value`, `new_value`, `created_at`, `comment`, `is_public`) VALUES
(338, 74, 446, 'update', 'assigned_to', 'Triage', 'Aljon Cardeno', '2026-03-10 07:27:34', 'Triage transferred the ticket to Aljon Cardeno', 1),
(339, 74, 446, 'update', 'status', 'waiting for support', 'in progress', '2026-03-10 07:27:50', 'creating lmr', 0),
(340, 74, 446, 'update', 'status', 'in progress', 'pending', '2026-03-10 07:28:02', 'Waiting for lmr', 0),
(341, 75, 446, 'update', 'assigned_to', 'Triage', 'Aljon Cardeno', '2026-03-12 07:13:46', 'Triage transferred the ticket to Aljon Cardeno', 1),
(342, 75, 446, 'update', 'status', 'waiting for support', 'in progress', '2026-03-12 07:13:50', NULL, 1),
(343, 75, 446, 'update', 'assigned_to', 'Aljon Cardeno', 'Erwin R. Gallardo', '2026-03-12 07:51:54', 'Aljon Cardeno transferred the ticket to Erwin R. Gallardo', 1),
(344, 74, 446, 'update', 'assigned_to', 'Aljon Cardeno', 'Erwin R. Gallardo', '2026-03-12 07:51:58', 'Aljon Cardeno transferred the ticket to Erwin R. Gallardo', 1),
(346, 75, 446, 'update', 'status', 'in progress', 'pending', '2026-03-12 07:52:33', NULL, 1),
(347, 74, 446, 'update', 'status', 'pending', 'in progress', '2026-03-12 07:52:36', NULL, 1),
(348, 75, 446, 'update', 'status', 'pending', 'in progress', '2026-03-12 07:52:47', NULL, 1),
(349, 75, 446, 'update', 'assigned_to', 'Erwin R. Gallardo', 'Aljon Cardeno', '2026-03-12 07:53:01', 'Erwin R. Gallardo transferred the ticket to Aljon Cardeno', 1),
(350, 75, 446, 'update', 'status', 'in progress', 'pending', '2026-03-12 07:53:04', NULL, 1),
(351, 74, 446, 'update', 'assigned_to', 'Erwin R. Gallardo', 'Aljon Cardeno', '2026-03-12 07:53:08', 'Erwin R. Gallardo transferred the ticket to Aljon Cardeno', 1),
(352, 74, 446, 'update', 'status', 'in progress', 'pending', '2026-03-12 07:53:11', NULL, 1),
(380, 75, 446, 'update', 'ticket_category', 'incident', 'service', '2026-03-12 09:26:57', NULL, 1),
(423, 74, 446, 'update', 'status', 'pending', 'in progress', '2026-03-17 01:51:55', NULL, 1),
(424, 75, 446, 'update', 'status', 'pending', 'in progress', '2026-03-17 01:51:57', NULL, 1),
(431, 75, 446, 'update', 'status', 'in progress', 'resolved', '2026-03-18 03:28:07', 'LMR already on Purchasing Department', 1),
(432, 74, 446, 'update', 'status', 'in progress', 'resolved', '2026-03-18 03:30:19', 'Stock to be sent to tarlac warehouse', 0),
(455, 75, 446, 'update', 'status', 'resolved', 'closed', '2026-03-18 07:38:52', 'Ticket automatically closed due to SLA exceedance', 0),
(457, 74, 446, 'update', 'status', 'resolved', 'closed', '2026-03-18 07:39:32', 'Ticket automatically closed due to SLA exceedance', 0),
(458, 74, 446, 'update', 'ticket_category', 'change', 'incident', '2026-03-18 07:39:36', NULL, 1),
(633, 74, 446, 'comment', 'comment', '', '', '2026-03-20 13:43:00', 'test', 0),
(640, 98, 446, 'update', 'assigned_to', 'Triage', 'Aljon Cardeno', '2026-03-23 04:24:05', 'Triage transferred the ticket to Aljon Cardeno', 1),
(641, 98, 446, 'update', 'status', 'waiting for support', 'in progress', '2026-03-23 04:24:16', 'CHECKING', 0),
(642, 98, 446, 'update', 'status', 'in progress', 'in progress', '2026-03-23 04:24:18', 'CHECKING', 0),
(643, 98, 446, 'update', 'status', 'in progress', 'pending', '2026-03-23 04:24:37', 'Waiting for LMR', 0),
(670, 106, 444, 'update', 'assigned_to', 'Triage', 'Aljon Cardeno', '2026-03-25 00:40:54', 'Triage transferred the ticket to Aljon Cardeno', 1),
(671, 106, 446, 'update', 'priority', 'highest', 'medium', '2026-03-25 00:41:14', NULL, 1),
(672, 106, 446, 'update', 'urgency', 'None', 'medium', '2026-03-25 00:41:21', NULL, 1),
(673, 106, 446, 'update', 'impact', 'Department', 'department', '2026-03-25 00:41:23', NULL, 1),
(674, 106, 446, 'update', 'status', 'waiting for support', 'in progress', '2026-03-25 00:42:09', 'tried ink flushing', 1),
(675, 106, 446, 'update', 'assigned_to', 'Aljon Cardeno', 'Lenin Villarin', '2026-03-25 00:56:45', 'Aljon Cardeno transferred the ticket to Lenin Villarin', 1),
(676, 107, 446, 'update', 'assigned_to', 'Triage', 'Aljon Cardeno', '2026-03-25 05:30:20', 'Triage transferred the ticket to Aljon Cardeno', 1),
(677, 107, 446, 'update', 'status', 'waiting for support', 'in progress', '2026-03-25 05:30:43', 'Checking Issue', 1),
(678, 107, 446, 'update', 'status', 'in progress', 'in progress', '2026-03-25 05:30:45', 'Checking Issue', 1),
(679, 107, 446, 'update', 'priority', 'highest', 'high', '2026-03-25 05:30:58', NULL, 1),
(680, 107, 446, 'update', 'urgency', 'None', 'high', '2026-03-25 05:31:03', NULL, 1),
(681, 107, 446, 'update', 'impact', 'Organization', 'department', '2026-03-25 05:31:05', NULL, 1),
(682, 107, 446, 'update', 'status', 'in progress', 'pending', '2026-03-25 05:45:51', 'Manually configure the status and warranty type of Units on the database but this does not resolve the problem. This ticket will be escalated to our manager.', 1),
(686, 106, 444, 'comment', 'comment', '', '', '2026-03-25 06:50:02', 'Ink flushing', 0),
(687, 106, 444, 'comment', 'comment', '', '', '2026-03-25 06:51:38', 'Under monitoring', 0),
(688, 106, 444, 'update', 'status', 'in progress', 'resolved', '2026-03-25 06:52:47', NULL, 1),
(689, 109, 446, 'update', 'assigned_to', 'Triage', 'Aljon Cardeno', '2026-03-25 06:58:04', 'Triage transferred the ticket to Aljon Cardeno', 1),
(690, 109, 446, 'update', 'status', 'waiting for support', 'in progress', '2026-03-25 06:58:26', 'Will check this', 1),
(691, 109, 446, 'update', 'impact', 'Department', 'department', '2026-03-25 06:58:35', NULL, 1),
(692, 109, 446, 'update', 'status', 'in progress', 'pending', '2026-03-25 07:03:50', 'We need to schedule a site visit to canlubang to reconfigure synology storage to be able to access from canlubang to ortigas and vice versa', 1),
(706, 106, 444, 'update', 'status', 'resolved', 'closed', '2026-03-25 08:22:42', NULL, 1);

-- --------------------------------------------------------

--
-- Table structure for table `ticket_messages`
--

CREATE TABLE `ticket_messages` (
  `message_id` int(11) NOT NULL,
  `ticket_id` int(11) NOT NULL,
  `sender_id` int(11) NOT NULL,
  `sender_role` enum('admin','user') NOT NULL,
  `message` text NOT NULL,
  `created_at` timestamp NOT NULL DEFAULT current_timestamp()
) ENGINE=InnoDB DEFAULT CHARSET=utf8mb4 COLLATE=utf8mb4_general_ci;

--
-- Dumping data for table `ticket_messages`
--

INSERT INTO `ticket_messages` (`message_id`, `ticket_id`, `sender_id`, `sender_role`, `message`, `created_at`) VALUES
(78, 107, 446, 'admin', 'Will check this sir.', '2026-03-25 05:31:23'),
(79, 106, 446, 'admin', 'sir pa try nga mag restart lang ng printer', '2026-03-25 05:43:19'),
(81, 106, 446, 'admin', 'sir okay na po ba yung printer?', '2026-03-25 08:22:11'),
(82, 106, 198, 'user', 'yes sir. thank you', '2026-03-25 08:25:09'),
(83, 106, 198, 'user', 'yes sir. thank you', '2026-03-25 08:25:09'),
(84, 106, 198, 'user', 'yes sir. thank you', '2026-03-25 08:25:10');

-- --------------------------------------------------------

--
-- Table structure for table `ticket_ratings`
--

CREATE TABLE `ticket_ratings` (
  `rating_id` int(11) NOT NULL,
  `ticket_id` int(11) NOT NULL,
  `user_id` int(11) NOT NULL,
  `rating` tinyint(4) NOT NULL,
  `created_at` timestamp NOT NULL DEFAULT current_timestamp()
) ENGINE=InnoDB DEFAULT CHARSET=utf8mb4 COLLATE=utf8mb4_general_ci;

-- --------------------------------------------------------

--
-- Table structure for table `ticket_subject`
--

CREATE TABLE `ticket_subject` (
  `subject_id` int(11) NOT NULL,
  `subject` varchar(150) NOT NULL,
  `description` text NOT NULL,
  `date_created` timestamp NOT NULL DEFAULT current_timestamp() ON UPDATE current_timestamp()
) ENGINE=InnoDB DEFAULT CHARSET=utf8mb4 COLLATE=utf8mb4_general_ci;

--
-- Dumping data for table `ticket_subject`
--

INSERT INTO `ticket_subject` (`subject_id`, `subject`, `description`, `date_created`) VALUES
(1, 'Common Requests', 'Get IT help, Request a new account, Report a system problem, Report broken hardware', '2026-02-04 07:09:36'),
(2, 'Computers', 'Get IT help, Request new software, Report broken hardware, Request new hardware', '2026-02-04 07:10:03'),
(3, 'Logins and Accounts', 'Request admin access, Request a new account, Onboard new employees', '2026-02-04 07:10:59'),
(4, 'Applications', 'Request new software, Report a system problem', '2026-02-04 07:10:59'),
(5, 'Servers and Infrastructure', 'Report a system problem, Report broken hardware', '2026-02-04 07:11:16'),
(6, 'Hardware/Software Request', 'Request new software, Report broken hardware, Request new hardware', '2026-02-24 09:39:12');

-- --------------------------------------------------------

--
-- Table structure for table `ticket_tb`
--

CREATE TABLE `ticket_tb` (
  `ticket_id` int(11) NOT NULL,
  `ticket_number` varchar(20) DEFAULT NULL,
  `user_id` int(11) DEFAULT NULL,
  `fullname` varchar(100) DEFAULT NULL,
  `email` varchar(100) DEFAULT NULL,
  `company` varchar(100) DEFAULT NULL,
  `department` varchar(100) DEFAULT NULL,
  `priority` varchar(50) NOT NULL,
  `urgency` varchar(50) NOT NULL,
  `impact` varchar(70) NOT NULL,
  `ticket_category` varchar(20) DEFAULT NULL,
  `subject` varchar(150) DEFAULT NULL,
  `subject_details` varchar(200) DEFAULT NULL,
  `issue` text DEFAULT NULL,
  `status` varchar(20) DEFAULT 'open',
  `date_created` timestamp NOT NULL DEFAULT current_timestamp(),
  `assigned_to` int(11) NOT NULL
) ENGINE=InnoDB DEFAULT CHARSET=utf8mb4 COLLATE=utf8mb4_general_ci;

--
-- Dumping data for table `ticket_tb`
--

INSERT INTO `ticket_tb` (`ticket_id`, `ticket_number`, `user_id`, `fullname`, `email`, `company`, `department`, `priority`, `urgency`, `impact`, `ticket_category`, `subject`, `subject_details`, `issue`, `status`, `date_created`, `assigned_to`) VALUES
(74, 'TICKET-00074', 551, 'Allan Paul A. Lagasca', 'salestarlac@koppel.ph', 'Koppel Inc.', 'Sales ', 'medium', 'None', 'Department', 'incident', 'Hardware/Software Request', 'Request new hardware\r\n', 'Request for Printer ink on tarlac', 'closed', '2026-03-10 07:27:23', 446),
(75, 'TICKET-00075', 411, 'Rodhalia', 'salesmla2@koppel.ph', 'Koppel Inc.', 'Sales', 'medium', 'None', 'Department', 'service', 'Hardware/Software Request', 'Request new hardware\r\n', 'INk request', 'closed', '2026-03-12 07:13:38', 446),
(98, 'TICKET-00098', 446, NULL, 'acardeno@koppel.ph', 'Koppel Inc.', 'IT', 'medium', 'None', 'Department', 'service', 'Hardware/Software Request', 'Request new hardware\r\n', 'Beeping sound of UPS in server room. Additional UPS on IDF', 'pending', '2026-03-23 04:24:00', 446),
(106, 'TICKET-00106', 198, 'Gabriel Nikko Calabano', '-', 'Koppel Inc.', 'Service', 'medium', 'medium', 'department', 'incident', 'Common Requests', 'Report a system problem\r\n', 'Our Printer here in Service Department is not properly working. The ink is not working properly. Could you help us on our concern immediately? Thank you!', 'closed', '2026-03-25 00:33:47', 444),
(107, 'TICKET-00107', 240, 'Ryan Vincent Cuerdo', '', 'Koppel Inc.', 'Service', 'high', 'high', 'department', 'service', 'Common Requests', 'Report a system problem\r\n', 'KASDI CAN\'T REGISTER THE NEW UNIT DC PRO PLUS IN SOLUS\r\n\r\nGood day,\r\nIto na po yung mga serial number ng mga DC PRO PLUS na nireregister ng mga KASDI,\r\n\r\n1. RB HOMES APPLIANCE SERVICE & AIRCONDITIONG\r\nKV18WM-ARF31A 251626-00370\r\nKV18OD-ARF31A  251626-00536\r\n\r\n2. E.D. ESPINOSA REF & AIRCON SERV\r\n\r\nKV12WM-ARF31A 251675-00178\r\nKV12OD-ARF31A  251626-00204\r\n\r\n3. Cheratech\r\nModel -KV24WM-ARF31A\r\nSerial:\r\nI-251620-00276      O-251626-00680\r\nI-251620-00269       O-251626-00776\r\nI-251629-01066        O-251620-00247\r\n\r\nModel-KV12WM-ARF31A\r\nSerial:\r\nI-251691-00098       O-251626-00222\r\nI-251691-00097       O-251626-00273\r\n\r\nThank you ', 'pending', '2026-03-25 05:22:22', 446),
(109, 'TICKET-00109', 185, 'Ralph Capinig', 'digitalmktg@koppel.ph', 'Koppel Inc.', 'Marketing', 'medium', 'None', 'department', 'service', 'Servers and Infrastructure', 'Report a system problem\r\n', 'Need access with PDED Shared File (PDED MARKETING) (4.3)?', 'pending', '2026-03-25 06:56:51', 446);

-- --------------------------------------------------------

--
-- Table structure for table `transaction_tb`
--

CREATE TABLE `transaction_tb` (
  `transaction_id` int(11) NOT NULL,
  `item_id` int(11) NOT NULL,
  `user_id` int(11) NOT NULL,
  `action` enum('borrowed','issued','returned') NOT NULL,
  `quantity` int(11) DEFAULT 1,
  `action_date` timestamp NOT NULL DEFAULT current_timestamp(),
  `date_returned` timestamp NOT NULL DEFAULT current_timestamp() ON UPDATE current_timestamp(),
  `remarks` text DEFAULT NULL
) ENGINE=InnoDB DEFAULT CHARSET=utf8mb4 COLLATE=utf8mb4_general_ci;

--
-- Dumping data for table `transaction_tb`
--

INSERT INTO `transaction_tb` (`transaction_id`, `item_id`, `user_id`, `action`, `quantity`, `action_date`, `date_returned`, `remarks`) VALUES
(43, 106, 105, 'returned', 1, '2026-02-08 22:12:35', '2026-03-23 01:21:36', 'Okay'),
(44, 96, 120, 'returned', 1, '2025-09-10 01:09:17', '2025-09-09 16:00:00', 'Okay'),
(45, 99, 48, 'returned', 1, '2025-09-10 01:10:00', '2025-09-11 00:40:38', 'Okayyy'),
(46, 116, 105, 'issued', 1, '2025-09-10 01:38:35', '0000-00-00 00:00:00', 'Reissuance of Old laptop of Atty Jake '),
(47, 117, 105, 'issued', 1, '2025-09-10 01:38:55', '0000-00-00 00:00:00', 'Reissuance of Old laptop of Atty Jake '),
(48, 114, 46, 'issued', 1, '2025-09-10 01:39:46', '0000-00-00 00:00:00', 'Reissuance of Old laptop of Mei (Koppel-Sales)'),
(49, 115, 46, 'issued', 1, '2025-09-10 01:40:11', '0000-00-00 00:00:00', 'Reissuance of Old laptop of Mei (Koppel-Sales)'),
(57, 51, 105, 'returned', 1, '2016-10-16 05:35:31', '2025-09-11 03:13:43', 'Laptop Replacement'),
(58, 52, 105, 'returned', 1, '2016-10-16 05:35:31', '2025-09-11 03:13:55', 'Laptop Replacement'),
(60, 133, 60, 'issued', 1, '2025-09-11 09:29:14', '0000-00-00 00:00:00', 'Replacement of OLD Monitor'),
(61, 132, 181, 'issued', 1, '2025-09-11 09:32:33', '0000-00-00 00:00:00', 'Replacement of OLD Monitor'),
(62, 135, 182, 'issued', 1, '2025-09-02 23:55:33', '0000-00-00 00:00:00', 'Replacement of Old IP Phone'),
(63, 134, 183, 'issued', 1, '2025-09-03 23:55:58', '0000-00-00 00:00:00', 'Replacement of Old IP Phone'),
(66, 100, 185, 'returned', 1, '2025-09-14 23:43:16', '2025-09-14 16:00:00', 'ok'),
(67, 136, 184, 'issued', 1, '2025-08-15 00:48:16', '0000-00-00 00:00:00', 'New Biometrics'),
(68, 137, 186, 'issued', 1, '2025-08-15 00:48:16', '0000-00-00 00:00:00', 'New Biometrics'),
(69, 106, 187, 'returned', 1, '2025-09-15 02:08:56', '2025-09-14 16:00:00', 'OKay'),
(70, 142, 188, 'returned', 1, '2025-06-05 01:46:53', '2025-09-15 16:00:00', 'Resigned'),
(71, 143, 188, 'returned', 1, '2025-06-05 01:58:27', '2025-09-15 16:00:00', 'Resigned'),
(72, 142, 189, 'returned', 1, '2025-09-16 07:47:33', '2026-03-18 16:00:00', 'resigned'),
(73, 143, 189, 'returned', 1, '2025-09-16 07:48:21', '2026-03-18 16:00:00', 'Resigned'),
(76, 152, 191, 'issued', 1, '2025-09-22 01:22:13', '0000-00-00 00:00:00', 'Ink Refill for Printer'),
(77, 144, 152, 'issued', 1, '2025-09-22 08:34:39', '0000-00-00 00:00:00', 'Issued'),
(78, 147, 152, 'issued', 1, '2025-09-22 08:35:09', '0000-00-00 00:00:00', 'Issued'),
(79, 145, 192, 'issued', 1, '2025-09-22 08:58:30', '0000-00-00 00:00:00', 'Issued'),
(81, 146, 194, 'issued', 1, '2025-09-23 06:14:38', '0000-00-00 00:00:00', 'Issued to Danica '),
(82, 88, 48, 'issued', 1, '2025-09-23 07:04:21', '0000-00-00 00:00:00', 'Used for Afuangs Laptop'),
(83, 153, 195, 'issued', 1, '2025-09-24 00:52:24', '0000-00-00 00:00:00', 'Replacement of Old Laptop'),
(84, 159, 195, 'issued', 1, '2025-09-24 00:56:01', '0000-00-00 00:00:00', 'Laptop Charger'),
(85, 160, 195, 'returned', 1, '2019-08-31 16:00:00', '2025-09-23 16:00:00', 'Laptop Replacement'),
(86, 161, 195, 'returned', 1, '2019-08-31 16:00:00', '2025-09-23 16:00:00', 'Laptop Replacement'),
(90, 151, 48, 'returned', 1, '2025-09-26 06:44:56', '2025-09-25 16:00:00', 'Returned\r\n'),
(91, 164, 197, 'issued', 1, '2025-09-29 01:22:04', '0000-00-00 00:00:00', 'New Employee'),
(92, 165, 197, 'issued', 1, '2025-09-29 01:22:29', '0000-00-00 00:00:00', 'New Employee'),
(93, 84, 197, 'issued', 1, '2025-09-29 01:24:02', '0000-00-00 00:00:00', 'Issue for the new pc'),
(94, 87, 197, 'issued', 1, '2025-09-29 01:30:43', '0000-00-00 00:00:00', 'New Employee'),
(95, 85, 198, 'issued', 1, '2025-09-29 02:00:47', '0000-00-00 00:00:00', 'For new PC'),
(96, 163, 198, 'issued', 1, '2025-09-29 02:01:22', '0000-00-00 00:00:00', 'New PC'),
(97, 87, 198, 'issued', 1, '2025-09-29 05:17:14', '0000-00-00 00:00:00', 'New PC'),
(100, 90, 203, 'issued', 1, '2025-10-01 08:26:13', '0000-00-00 00:00:00', 'Replacement'),
(101, 90, 204, 'issued', 1, '2025-10-01 08:26:35', '0000-00-00 00:00:00', 'Replacement'),
(102, 100, 185, 'returned', 1, '2025-10-01 08:27:17', '2025-09-30 16:00:00', 'Returned'),
(103, 168, 205, 'issued', 1, '2025-10-07 00:31:33', '0000-00-00 00:00:00', 'Ink Refill'),
(104, 170, 206, 'issued', 1, '2025-06-23 07:52:20', '0000-00-00 00:00:00', 'New Printer'),
(105, 171, 191, 'issued', 1, '2025-10-07 08:06:23', '0000-00-00 00:00:00', 'For New Printer\r\n'),
(106, 169, 462, 'issued', 1, '2025-10-07 08:16:26', '0000-00-00 00:00:00', 'New Printer'),
(107, 174, 462, 'issued', 1, '2025-10-08 09:24:47', '2026-02-19 05:54:11', 'Ink for printer'),
(108, 175, 462, 'issued', 1, '2025-10-08 09:24:59', '2026-02-19 05:54:14', 'Ink for printer'),
(109, 176, 209, 'issued', 1, '2025-10-10 06:07:38', '0000-00-00 00:00:00', 'PC Upgrade'),
(110, 121, 211, 'issued', 1, '2025-10-13 00:53:35', '0000-00-00 00:00:00', 'New Laptop for New Employee'),
(111, 120, 211, 'issued', 1, '2025-10-13 00:54:05', '0000-00-00 00:00:00', 'New Laptop for New Employee'),
(112, 112, 212, 'issued', 1, '2025-10-15 00:26:35', '0000-00-00 00:00:00', 'Laptop Reissuance'),
(113, 52, 212, 'issued', 1, '2025-10-15 00:28:10', '0000-00-00 00:00:00', 'Laptop Charger'),
(114, 177, 212, 'returned', 1, '2018-11-14 00:38:17', '2025-10-15 00:39:02', 'New Laptop'),
(115, 99, 213, 'returned', 1, '2025-10-15 01:07:38', '2025-10-16 16:00:00', 'Returned Ok'),
(116, 178, 185, 'issued', 1, '2025-10-16 00:54:51', '0000-00-00 00:00:00', 'AVR Replacement'),
(117, 178, 213, 'issued', 1, '2025-10-16 00:55:12', '0000-00-00 00:00:00', 'AVR Replacement'),
(118, 180, 214, 'issued', 1, '2025-10-21 02:48:03', '0000-00-00 00:00:00', 'Laptop Reissuance\r\n\r\nUpgrade:\r\nRAM: +8GB RAM DDR4\r\nROM: +1TB HDD'),
(119, 181, 214, 'issued', 1, '2025-10-21 02:48:39', '0000-00-00 00:00:00', 'Laptop Charger for Lenovo'),
(120, 173, 211, 'issued', 1, '2025-10-21 03:46:56', '0000-00-00 00:00:00', 'For Laptop Upgrade'),
(121, 172, 215, 'issued', 1, '2025-10-21 03:48:19', '0000-00-00 00:00:00', 'Laptop Upgrade'),
(122, 179, 216, 'issued', 1, '2025-10-22 07:06:26', '0000-00-00 00:00:00', 'Battery Replacement'),
(123, 108, 217, 'issued', 1, '2025-11-03 01:03:25', '0000-00-00 00:00:00', 'New Laptop '),
(124, 109, 217, 'issued', 1, '2025-11-03 01:07:07', '0000-00-00 00:00:00', 'Charger for Dell Laptop'),
(125, 183, 417, 'issued', 1, '2025-11-13 05:41:47', '2026-01-18 07:21:20', 'Replacement of borrowed ink'),
(126, 151, 206, 'issued', 1, '2025-11-13 05:43:29', '0000-00-00 00:00:00', 'Borrowed cnc ink'),
(127, 178, 240, 'issued', 1, '2025-11-13 05:57:02', '0000-00-00 00:00:00', 'AVR Replacement/Issuance'),
(128, 178, 241, 'issued', 1, '2025-11-13 05:57:16', '0000-00-00 00:00:00', 'AVR Replacement/Issuance'),
(129, 178, 219, 'issued', 1, '2025-11-13 05:57:30', '0000-00-00 00:00:00', 'AVR Replacement/Issuance'),
(130, 178, 401, 'issued', 1, '2025-11-13 05:57:44', '0000-00-00 00:00:00', 'AVR Replacement/Issuance'),
(131, 178, 220, 'issued', 1, '2025-11-13 05:58:05', '0000-00-00 00:00:00', 'AVR Replacement/Issuance'),
(132, 187, 223, 'issued', 1, '2025-11-13 09:02:35', '0000-00-00 00:00:00', 'Laptop Upgrade'),
(133, 195, 223, 'issued', 1, '2025-11-13 09:03:37', '0000-00-00 00:00:00', 'Laptop Upgrade'),
(134, 194, 224, 'issued', 1, '2025-11-14 00:26:53', '0000-00-00 00:00:00', 'PC Upgrade'),
(135, 191, 226, 'issued', 1, '2025-11-19 01:54:58', '0000-00-00 00:00:00', 'PC Upgrade'),
(136, 186, 186, 'issued', 1, '2025-11-19 06:26:16', '0000-00-00 00:00:00', ''),
(137, 185, 186, 'issued', 1, '2025-11-19 06:26:42', '0000-00-00 00:00:00', ''),
(138, 139, 136, 'returned', 1, '2025-11-19 06:29:53', '2026-01-18 16:00:00', 'Returned'),
(139, 138, 227, 'issued', 1, '2025-11-19 06:31:48', '0000-00-00 00:00:00', ''),
(140, 140, 186, 'issued', 1, '2025-11-19 06:33:15', '0000-00-00 00:00:00', 'Spare Printer issued'),
(142, 125, 230, 'issued', 1, '2025-10-23 07:52:27', '0000-00-00 00:00:00', 'Temporary Reissuance of Laptop'),
(143, 126, 230, 'issued', 1, '2025-10-23 07:53:32', '0000-00-00 00:00:00', 'Temporary Reissuance of Laptop'),
(144, 177, 228, 'issued', 1, '2025-10-30 07:59:33', '0000-00-00 00:00:00', 'Laptop Replacement'),
(145, 99, 231, 'returned', 1, '2025-11-20 00:12:32', '2025-11-19 16:00:00', 'Returned'),
(146, 193, 232, 'issued', 1, '2025-11-21 05:23:11', '0000-00-00 00:00:00', 'SN: 4P1322057334'),
(147, 184, 206, 'issued', 1, '2025-11-24 00:36:30', '0000-00-00 00:00:00', 'INK Refill'),
(148, 197, 233, 'returned', 1, '2025-11-24 02:32:07', '2026-02-19 16:00:00', ''),
(149, 196, 234, 'issued', 1, '2025-11-24 02:41:58', '0000-00-00 00:00:00', '4P1322057769 - \r\nOriginally for vilma \r\nInstalled to Jayson Laptop - to be replaced'),
(150, 89, 235, 'issued', 79, '2025-11-24 08:51:40', '0000-00-00 00:00:00', ''),
(152, 90, 235, 'issued', 13, '2025-11-25 03:41:13', '0000-00-00 00:00:00', 'Replacement of CMOS Battery'),
(153, 99, 231, 'returned', 1, '2025-11-27 05:22:35', '2025-11-27 16:00:00', 'Returned OK'),
(154, 198, 187, 'issued', 4, '2025-12-03 07:47:18', '0000-00-00 00:00:00', 'Epson Colored Ink Replacement'),
(156, 193, 428, 'issued', 1, '2025-12-03 08:12:46', '0000-00-00 00:00:00', 'sn: 4P1322057775 for ruel'),
(158, 196, 430, 'issued', 1, '2025-12-03 08:18:47', '0000-00-00 00:00:00', 'SN: 4P1322079237'),
(159, 201, 431, 'issued', 1, '2025-12-04 02:38:04', '0000-00-00 00:00:00', 'New Employee'),
(160, 182, 202, 'issued', 1, '2025-12-05 06:38:46', '0000-00-00 00:00:00', 'Laptop Upgrade'),
(161, 193, 433, 'issued', 1, '2025-12-12 06:52:31', '0000-00-00 00:00:00', '4P1322055830 \r\nOriginally for hector, used by Cary. Need LMR for replacement\r\n'),
(162, 206, 435, 'issued', 1, '2025-12-16 03:38:04', '0000-00-00 00:00:00', 'SN: 192523208459'),
(163, 206, 434, 'issued', 1, '2025-12-16 03:38:47', '0000-00-00 00:00:00', 'SN: 192523208456'),
(164, 208, 230, 'issued', 1, '2025-12-17 06:25:05', '0000-00-00 00:00:00', 'New Employee Laptop Issuance\r\nMAC ADDRESS: D8:3B:BF:03:F3:C6'),
(165, 209, 436, 'issued', 1, '2025-12-18 04:36:42', '0000-00-00 00:00:00', 'Laptop Replacement\r\nMAC- 54:8D:5A:F4:C8:F1'),
(166, 210, 437, 'issued', 1, '2025-12-18 04:38:32', '0000-00-00 00:00:00', 'Laptop Replacement\r\nMAC: 54:8D:5A:F4:78:7E'),
(167, 203, 432, 'issued', 3, '2025-12-18 06:58:51', '0000-00-00 00:00:00', 'For wifi backup'),
(169, 212, 448, 'issued', 1, '2026-01-05 03:59:39', '0000-00-00 00:00:00', 'IP Phone Replacement'),
(170, 213, 441, 'issued', 1, '2026-01-05 05:44:07', '0000-00-00 00:00:00', 'Replacement of IP Phone'),
(171, 214, 440, 'issued', 1, '2026-01-05 05:45:55', '0000-00-00 00:00:00', 'Replacement of IP Phone'),
(172, 221, 441, 'borrowed', 1, '2026-01-06 03:03:58', '0000-00-00 00:00:00', 'Temporary Replacement of Defective Monitor'),
(173, 216, 111, 'issued', 1, '2026-01-15 08:33:01', '0000-00-00 00:00:00', 'IP Phone Replacement'),
(176, 190, 254, 'issued', 1, '2026-01-16 08:40:54', '0000-00-00 00:00:00', 'Upgrade NVMe 256GB SSD Main Drive to ADATA LEGEND 710 NVMe 512GB M.2 SSD'),
(177, 189, 255, 'issued', 1, '2026-01-16 08:41:27', '0000-00-00 00:00:00', 'Upgrade NVMe 256GB SSD Main Drive to ADATA LEGEND 710 NVMe 512GB M.2 SSD'),
(178, 224, 422, 'issued', 1, '2025-10-13 08:08:52', '0000-00-00 00:00:00', 'EPSON ECOTANK M15140 MONO A3 WIFI AOI INK TANK PRINTER\r\nFOR PURCHASING DEPT FROM MAVEN'),
(180, 205, 454, 'issued', 1, '2026-01-19 23:40:05', '0000-00-00 00:00:00', 'SN: 192523208700'),
(181, 228, 130, 'issued', 1, '2026-01-21 00:54:10', '0000-00-00 00:00:00', 'Old Monitor Replacement'),
(182, 227, 456, 'issued', 1, '2026-01-21 00:54:56', '0000-00-00 00:00:00', 'Old Monitor Replacement '),
(183, 226, 455, 'returned', 1, '2026-01-21 00:56:30', '2026-03-01 16:00:00', 'Defective for warranty'),
(184, 232, 46, 'returned', 1, '2026-01-23 02:30:29', '2026-01-27 16:00:00', ''),
(185, 233, 46, 'returned', 1, '2026-01-23 02:30:54', '2026-01-27 16:00:00', 'For new laptop'),
(186, 229, 457, 'issued', 1, '2026-01-23 03:15:14', '0000-00-00 00:00:00', 'OLD Monitor Replacement'),
(187, 246, 206, 'issued', 1, '2026-02-05 23:49:32', '0000-00-00 00:00:00', 'Consumed 2/4/26\r\nSN: 016842170'),
(188, 199, 462, 'issued', 4, '2026-02-06 00:09:40', '0000-00-00 00:00:00', 'For Branch PC Upgrade'),
(189, 202, 462, 'issued', 4, '2026-02-06 00:10:26', '0000-00-00 00:00:00', 'For Branch PC Upgrade'),
(190, 252, 464, 'returned', 1, '2016-04-13 06:11:12', '2024-10-14 06:16:58', 'New Laptop'),
(191, 252, 465, 'returned', 1, '2024-10-18 06:18:56', '2026-02-05 06:18:56', 'Reissuance of OLD laptop of Jober Malonzo\r\n\r\nUpgraded to 500 GB SSD and 8GB RAM'),
(192, 252, 463, 'returned', 1, '2026-02-09 06:27:33', '2026-03-08 16:00:00', 'Returned OK'),
(193, 168, 413, 'issued', 1, '2026-02-16 09:16:55', '0000-00-00 00:00:00', 'Refill the HR printer and Backup printer borrowed by service dept'),
(194, 107, 240, 'returned', 1, '2026-02-19 06:06:41', '2026-02-26 16:00:00', ''),
(195, 231, 466, 'issued', 1, '2026-02-19 06:57:17', '0000-00-00 00:00:00', 'Replacement of defective Monitor'),
(196, 230, 34, 'issued', 1, '2026-02-19 06:57:57', '0000-00-00 00:00:00', 'Replacement of defective monitor'),
(197, 188, 445, 'issued', 1, '2026-02-19 06:59:07', '0000-00-00 00:00:00', ''),
(198, 232, 530, 'returned', 1, '2026-02-25 00:13:23', '2026-02-24 16:00:00', ''),
(199, 232, 405, 'returned', 1, '2026-02-27 04:56:06', '2026-03-02 16:00:00', 'RETURNED'),
(200, 245, 417, 'issued', 1, '2026-02-27 08:53:56', '0000-00-00 00:00:00', 'Ink Refill\r\nSN:016842162 '),
(202, 225, 532, 'returned', 1, '2021-08-27 00:25:00', '2025-09-11 16:00:00', 'Laptop Returned'),
(203, 225, 531, 'issued', 1, '2025-12-18 00:27:49', '0000-00-00 00:00:00', 'Old Laptop of ms cahilig swapped due to hardware issue'),
(204, 232, 531, 'returned', 1, '2021-08-27 00:25:00', '2025-12-16 00:30:51', 'Laptop Issuance'),
(205, 232, 46, 'issued', 1, '2026-03-03 00:50:09', '0000-00-00 00:00:00', 'Issuance for IMS Troubleshooting\r\nOld Laptop of Mr. Sumalpong from Koppel\r\nLaptop Charger: LAP3456'),
(206, 246, 206, 'issued', 1, '2026-03-03 03:29:26', '0000-00-00 00:00:00', 'INK Refill, 016842168'),
(207, 257, 235, 'returned', 1, '2026-03-04 00:40:33', '2026-03-07 16:00:00', '1'),
(210, 254, 240, 'returned', 1, '2026-03-05 02:44:57', '2026-03-04 16:00:00', 'Laptop Returned Okay'),
(211, 233, 46, 'issued', 1, '2026-03-05 05:46:33', '0000-00-00 00:00:00', 'laptop charger'),
(213, 234, 243, 'issued', 1, '2026-03-06 01:55:40', '0000-00-00 00:00:00', 'Temporary Issuance of Monitor\r\nOriginal owner: Technical Engineer'),
(214, 235, 219, 'issued', 1, '2026-03-06 01:57:15', '0000-00-00 00:00:00', 'Temporary Issuance of Monitor\r\nOriginal owner: Technical Engineer'),
(215, 259, 191, 'issued', 1, '2026-03-08 02:09:45', '0000-00-00 00:00:00', 'CNC Dept'),
(216, 260, 191, 'issued', 1, '2026-03-08 02:13:51', '0000-00-00 00:00:00', 'Printer'),
(217, 261, 205, 'issued', 1, '2026-03-08 02:52:41', '0000-00-00 00:00:00', 'New printer'),
(218, 271, 463, 'issued', 1, '2026-03-09 00:53:35', '0000-00-00 00:00:00', 'Reissuance of Laptop'),
(219, 272, 463, 'issued', 1, '2026-03-09 00:57:26', '0000-00-00 00:00:00', 'For New Laptop'),
(220, 252, 534, 'issued', 1, '2026-03-09 02:01:26', '0000-00-00 00:00:00', 'For new Sales Engr.'),
(221, 273, 534, 'issued', 1, '2026-03-09 02:15:54', '0000-00-00 00:00:00', 'For laptop'),
(222, 251, 14, 'issued', 1, '2026-03-10 00:02:02', '0000-00-00 00:00:00', 'For Anson\'s Promodizer '),
(223, 248, 542, 'issued', 1, '2026-03-10 00:03:49', '0000-00-00 00:00:00', 'For Anson\'s Promodizer'),
(224, 249, 543, 'returned', 1, '2026-03-10 00:05:57', '2026-03-09 16:00:00', '1'),
(225, 247, 543, 'returned', 1, '2026-03-10 00:07:59', '2026-03-09 16:00:00', '1'),
(226, 249, 540, 'issued', 1, '2026-03-10 00:09:52', '0000-00-00 00:00:00', 'For Anson\'s Promodizer'),
(227, 247, 543, 'issued', 1, '2026-03-10 00:10:55', '0000-00-00 00:00:00', 'For Anson\'s Promodizer'),
(228, 250, 537, 'issued', 1, '2026-03-10 00:12:43', '0000-00-00 00:00:00', 'For Anson\'s Promodizer'),
(229, 253, 11, 'issued', 1, '2026-03-10 00:14:43', '0000-00-00 00:00:00', 'For Anson\'s Promodizer'),
(230, 239, 12, 'issued', 1, '2026-03-10 00:15:58', '0000-00-00 00:00:00', 'For Anson\'s Promodizer'),
(231, 241, 13, 'issued', 1, '2026-03-10 00:19:04', '0000-00-00 00:00:00', 'For Anson\'s Promodizer'),
(232, 242, 541, 'issued', 1, '2026-03-10 00:20:16', '0000-00-00 00:00:00', 'For Anson\'s Promodizer'),
(233, 244, 538, 'issued', 1, '2026-03-10 00:22:23', '0000-00-00 00:00:00', 'For Anson\'s Promodizer'),
(234, 240, 539, 'issued', 1, '2026-03-10 01:18:37', '0000-00-00 00:00:00', 'For Anson\'s Promodizer'),
(235, 274, 551, 'issued', 1, '2025-07-16 07:40:01', '0000-00-00 00:00:00', 'For Tarlac Warehouse'),
(236, 300, 444, 'issued', 1, '2026-03-13 00:33:22', '0000-00-00 00:00:00', 'For replacement of Defective monitor\r\nModel: NVISION N190V8 19\"\r\nS/N:N190VL658A241223777'),
(237, 301, 455, 'issued', 1, '2026-03-13 00:37:31', '0000-00-00 00:00:00', 'Replacement Defective Monitor\r\nModel: NVISION N190V8 19\"\r\nS/N: N190VL658A251179353'),
(238, 236, 426, 'issued', 1, '2026-03-16 23:36:15', '0000-00-00 00:00:00', 'PC Upgrade'),
(240, 218, 112, 'issued', 1, '2026-03-18 05:08:14', '0000-00-00 00:00:00', 'Replacement of old IP Phone'),
(241, 310, 216, 'issued', 1, '2026-03-19 00:17:27', '0000-00-00 00:00:00', 'Mouse issuance'),
(242, 323, 554, 'issued', 1, '2026-03-19 02:17:05', '0000-00-00 00:00:00', 'Printer Issuance'),
(243, 324, 231, 'issued', 1, '2026-03-19 02:17:42', '0000-00-00 00:00:00', 'Printer Issuance'),
(244, 318, 560, 'issued', 1, '2026-03-19 02:19:14', '0000-00-00 00:00:00', 'Printer Issuance'),
(246, 319, 226, 'issued', 1, '2026-03-19 02:21:49', '0000-00-00 00:00:00', 'Printer Issuance'),
(247, 320, 232, 'issued', 1, '2026-03-19 02:22:08', '0000-00-00 00:00:00', 'Printer Issuance'),
(248, 321, 238, 'issued', 1, '2026-03-19 02:22:21', '0000-00-00 00:00:00', 'Printer Issuance'),
(249, 322, 428, 'issued', 1, '2026-03-19 02:22:50', '0000-00-00 00:00:00', 'Printer Issuance'),
(250, 325, 419, 'issued', 1, '2026-03-19 02:26:13', '0000-00-00 00:00:00', 'Printer Issuance'),
(251, 326, 43, 'issued', 1, '2026-03-19 02:29:48', '0000-00-00 00:00:00', 'Printer Issuance'),
(252, 327, 70, 'issued', 1, '2026-03-19 02:38:03', '0000-00-00 00:00:00', 'Printer Issuance'),
(253, 328, 60, 'issued', 1, '2026-03-19 02:38:19', '0000-00-00 00:00:00', 'Printer Issuance'),
(254, 329, 114, 'issued', 1, '2026-03-19 02:39:40', '0000-00-00 00:00:00', 'Printer Issuance'),
(255, 330, 562, 'issued', 1, '2026-03-19 02:41:26', '0000-00-00 00:00:00', 'Printer Issuance'),
(256, 331, 561, 'issued', 1, '2026-03-19 02:42:05', '0000-00-00 00:00:00', 'Printer Issuance'),
(261, 337, 551, 'issued', 1, '2025-07-16 01:16:01', '0000-00-00 00:00:00', 'For Printing Invoice in Tarlac'),
(262, 342, 481, 'issued', 1, '2026-03-24 05:01:28', '0000-00-00 00:00:00', 'New printer issuance'),
(263, 335, 198, 'issued', 1, '2026-03-24 05:10:12', '0000-00-00 00:00:00', 'Mouse replacement'),
(264, 197, 445, 'issued', 1, '2026-01-05 06:50:56', '0000-00-00 00:00:00', 'Laptop Issuance'),
(265, 335, 231, 'issued', 1, '2026-03-27 06:57:40', '0000-00-00 00:00:00', 'Replacement of defective/ malfunctioning mouse');

-- --------------------------------------------------------

--
-- Table structure for table `user_desktop_tb`
--

CREATE TABLE `user_desktop_tb` (
  `user_desktop_id` int(11) NOT NULL,
  `user_id` int(11) NOT NULL,
  `desktop_id` int(11) NOT NULL,
  `date_created` datetime DEFAULT current_timestamp()
) ENGINE=InnoDB DEFAULT CHARSET=utf8mb4 COLLATE=utf8mb4_general_ci;

--
-- Dumping data for table `user_desktop_tb`
--

INSERT INTO `user_desktop_tb` (`user_desktop_id`, `user_id`, `desktop_id`, `date_created`) VALUES
(1, 185, 11, '2025-11-25 17:45:51'),
(2, 213, 12, '2025-12-01 15:53:30'),
(3, 240, 1, '2025-12-01 16:08:10'),
(5, 219, 8, '2025-12-01 16:15:22'),
(6, 241, 7, '2025-12-01 16:17:32'),
(7, 243, 6, '2025-12-01 16:20:31'),
(8, 244, 5, '2025-12-01 16:22:38'),
(10, 401, 3, '2025-12-03 11:41:09'),
(11, 386, 2, '2025-12-03 11:44:28'),
(14, 402, 10, '2025-12-03 11:56:33'),
(15, 249, 9, '2025-12-03 12:00:17'),
(16, 405, 14, '2025-12-03 15:18:19'),
(18, 204, 15, '2025-12-03 15:19:01'),
(19, 203, 16, '2025-12-03 15:19:36'),
(20, 407, 17, '2025-12-03 15:20:51'),
(22, 409, 18, '2025-12-03 15:24:10'),
(23, 411, 19, '2025-12-03 15:24:34'),
(24, 410, 20, '2025-12-03 15:24:56'),
(25, 413, 21, '2025-12-03 15:25:12'),
(26, 415, 22, '2025-12-03 15:25:27'),
(28, 417, 23, '2025-12-03 15:29:06'),
(30, 419, 25, '2025-12-03 15:29:43'),
(33, 224, 29, '2025-12-03 15:33:10'),
(34, 238, 30, '2025-12-03 15:33:32'),
(35, 426, 31, '2025-12-03 15:33:43'),
(36, 428, 32, '2025-12-03 15:34:00'),
(37, 232, 33, '2025-12-03 15:34:38'),
(38, 226, 35, '2025-12-03 15:34:55'),
(40, 444, 13, '2026-01-19 13:12:34'),
(41, 420, 38, '2026-01-19 13:52:39'),
(42, 422, 39, '2026-01-19 13:53:05'),
(43, 183, 40, '2026-01-19 13:53:22'),
(44, 220, 43, '2026-01-19 13:53:55'),
(45, 182, 44, '2026-01-19 13:54:08'),
(46, 450, 41, '2026-01-19 14:09:27'),
(47, 451, 42, '2026-01-19 14:09:37'),
(48, 449, 45, '2026-01-19 14:09:51'),
(49, 452, 46, '2026-01-19 14:10:45'),
(50, 303, 47, '2026-01-19 14:11:27'),
(51, 453, 48, '2026-01-19 14:12:53'),
(52, 306, 49, '2026-01-19 14:13:04'),
(53, 198, 50, '2026-01-19 14:13:15'),
(55, 197, 55, '2026-01-19 14:14:47'),
(56, 307, 54, '2026-01-19 14:14:58'),
(59, 459, 52, '2026-01-24 11:07:30'),
(60, 460, 53, '2026-01-24 11:07:37'),
(61, 440, 56, '2026-01-24 11:50:29'),
(63, 432, 60, '2026-01-24 13:08:50'),
(64, 227, 99, '2026-01-24 13:10:51'),
(101, 471, 62, '2026-03-17 14:13:41'),
(102, 470, 61, '2026-03-17 14:48:18'),
(103, 469, 59, '2026-03-17 14:48:49'),
(104, 468, 58, '2026-03-17 14:49:49'),
(106, 467, 57, '2026-03-17 14:51:25'),
(107, 112, 63, '2026-03-18 07:53:23'),
(108, 60, 64, '2026-03-18 07:54:12'),
(109, 70, 65, '2026-03-18 07:54:34'),
(110, 47, 66, '2026-03-18 07:54:59'),
(111, 46, 68, '2026-03-18 07:55:32'),
(112, 48, 71, '2026-03-18 07:56:08'),
(113, 43, 72, '2026-03-18 07:56:31'),
(114, 192, 109, '2026-03-18 07:59:55'),
(115, 463, 111, '2026-03-18 08:01:46'),
(116, 231, 125, '2026-03-18 08:23:34'),
(117, 130, 132, '2026-03-18 08:27:08'),
(118, 455, 134, '2026-03-18 08:27:50'),
(119, 456, 135, '2026-03-18 08:28:29'),
(120, 553, 126, '2026-03-18 08:48:53'),
(121, 554, 127, '2026-03-18 08:49:04'),
(122, 555, 128, '2026-03-18 08:49:15'),
(123, 556, 129, '2026-03-18 08:49:29'),
(124, 557, 130, '2026-03-18 08:50:20');

-- --------------------------------------------------------

--
-- Table structure for table `user_tb`
--

CREATE TABLE `user_tb` (
  `user_id` int(11) NOT NULL,
  `emp_id` varchar(50) NOT NULL,
  `fullname` varchar(150) NOT NULL,
  `position` varchar(100) NOT NULL,
  `email` varchar(150) DEFAULT NULL,
  `department` varchar(100) DEFAULT NULL,
  `company` varchar(50) NOT NULL,
  `area` varchar(150) NOT NULL,
  `user_type` varchar(30) NOT NULL,
  `date_hired` timestamp NOT NULL DEFAULT current_timestamp() ON UPDATE current_timestamp(),
  `date_resigned` varchar(100) DEFAULT NULL,
  `created_at` timestamp NOT NULL DEFAULT current_timestamp(),
  `password` varchar(255) DEFAULT NULL,
  `is_active` tinyint(1) NOT NULL DEFAULT 1,
  `reset_token` varchar(255) DEFAULT NULL,
  `reset_token_expiry` datetime DEFAULT NULL
) ENGINE=InnoDB DEFAULT CHARSET=utf8mb4 COLLATE=utf8mb4_general_ci;

--
-- Dumping data for table `user_tb`
--

INSERT INTO `user_tb` (`user_id`, `emp_id`, `fullname`, `position`, `email`, `department`, `company`, `area`, `user_type`, `date_hired`, `date_resigned`, `created_at`, `password`, `is_active`, `reset_token`, `reset_token_expiry`) VALUES
(1, '', 'Triage', '', '', '', 'Koppel Inc.', 'Mandaluyong', 'admin', '2026-03-08 07:37:05', NULL, '2026-02-23 01:05:08', NULL, 1, NULL, NULL),
(11, '-', 'Marc John Arcilla', '-', '', '-', 'Koppel Inc.', 'Cainta', 'user', '2026-03-08 16:00:00', NULL, '2026-03-09 09:37:30', NULL, 1, NULL, NULL),
(12, '-', 'Jose Domanais III', '-', '', '-', 'Koppel Inc.', 'Cash and Carry', 'user', '2026-03-08 16:00:00', NULL, '2026-03-09 09:37:30', NULL, 1, NULL, NULL),
(13, '-', 'Mark Anthoy Garcia', '-', '', '-', 'Koppel Inc.', 'Greenhills', 'user', '2026-03-08 16:00:00', NULL, '2026-03-09 09:41:57', NULL, 1, NULL, NULL),
(14, '-', 'Edzel Bejer', '-', '-', '-', 'Koppel Inc.', 'Nuvali', 'user', '2026-03-08 16:00:00', NULL, '2026-03-09 09:41:57', NULL, 1, NULL, NULL),
(34, 'ALT012616', 'Leslie Abella', 'Sales Assistant', '', 'Sales', 'Koppel Inc.', 'CDO', 'user', '2026-02-19 06:55:55', NULL, '2026-02-19 06:54:35', NULL, 1, NULL, NULL),
(35, 'BEB091890', 'Barbacena, Eleuterio Buen', 'OIC QA/QC', 'N/A', 'QA/QC', 'HEEC', 'Mandaluyong', 'user', '1990-09-17 16:00:00', NULL, '2025-09-10 00:34:40', NULL, 1, NULL, NULL),
(36, 'VDS032091', 'Varanal, Diomedes Separa', 'OIC Testing & Commissioning', 'N/A', 'Testing & Commissioning', 'HEEC', 'Mandaluyong', 'user', '1991-03-19 16:00:00', NULL, '2025-09-10 00:34:40', NULL, 1, NULL, NULL),
(37, 'PDG010196', 'Pasumbal, Danilo Gonzales', 'Sales Manager', 'N/A', 'A/C Sales', 'HEEC', 'Mandaluyong', 'user', '1995-12-31 16:00:00', NULL, '2025-09-10 00:34:40', NULL, 1, NULL, NULL),
(38, 'TTP092997', 'Tano, Teodomiro Pasquil', 'Technician III', 'N/A', 'Service', 'HEEC', 'Mandaluyong', 'user', '1997-09-28 16:00:00', NULL, '2025-09-10 00:34:40', NULL, 1, NULL, NULL),
(39, 'MAS041299', 'Miguel, Allan Singca', 'Technician III - Asst. Leadman', 'N/A', 'Service', 'HEEC', 'Mandaluyong', 'user', '1999-04-11 16:00:00', NULL, '2025-09-10 00:34:40', NULL, 1, NULL, NULL),
(40, 'DRG011801', 'Dalit, Rolando Galvez', 'Foreman', 'N/A', 'Service', 'HEEC', 'Mandaluyong', 'user', '2001-01-17 16:00:00', NULL, '2025-09-10 00:34:40', NULL, 1, NULL, NULL),
(41, 'DMB071805', 'Delfin, Macdonald Bibit', 'Testing & Commissioning Engineer', 'N/A', 'Testing & Commissioning', 'HEEC', 'Mandaluyong', 'user', '2005-07-17 16:00:00', NULL, '2025-09-10 00:34:40', NULL, 1, NULL, NULL),
(42, 'ABB110706', 'Antonio, Bob', 'Technician II', 'N/A', 'Service', 'HEEC', 'Mandaluyong', 'user', '2026-01-19 06:21:18', '2024-04-05', '2025-09-10 00:34:40', NULL, 0, NULL, NULL),
(43, 'AFHS073007', 'Antiporta, Francis Harvey Sandigan', 'Department Coordinator', 'N/A', 'Operations', 'HEEC', 'Mandaluyong', 'user', '2007-07-29 16:00:00', NULL, '2025-09-10 00:34:40', NULL, 1, NULL, NULL),
(44, 'BMD042608', 'Bravo, Marvin Dimaano', 'Technician I', 'N/A', 'Service', 'HEEC', 'Mandaluyong', 'user', '2008-04-25 16:00:00', NULL, '2025-09-10 00:34:40', NULL, 1, NULL, NULL),
(45, 'MGB042608', 'Maga, Gilbert Bautista', 'Service Technician', 'N/A', 'Service', 'HEEC', 'Mandaluyong', 'user', '2008-04-25 16:00:00', NULL, '2025-09-10 00:34:40', NULL, 1, NULL, NULL),
(46, 'VMC100308', 'Valerio, Marlon Cristobal', 'Service Coordinator', 'N/A', 'Service', 'HEEC', 'Mandaluyong', 'user', '2026-03-02 01:11:56', NULL, '2025-09-10 00:34:40', '$2y$10$FGra/RRG6qjg1bRhkhw1au2GH/EmKJW3zA52NmrK4hPtHHPChZFgO', 1, NULL, NULL),
(47, 'UPC111208', 'Uy, Pinky Chua', 'Service Sales Coordinator', 'N/A', 'Service', 'HEEC', 'Mandaluyong', 'user', '2008-11-11 16:00:00', NULL, '2025-09-10 00:34:40', NULL, 1, NULL, NULL),
(48, 'AMJB112710', 'Afuang, Mark Jason Bendaña', 'Sr. Technical Engineering Supervisor', 'N/A', 'Service', 'HEEC', 'Mandaluyong', 'user', '2010-11-26 16:00:00', NULL, '2025-09-10 00:34:40', NULL, 1, NULL, NULL),
(49, 'JJM082611', 'Jamayo, Jerry', 'Maintenance Engineer', 'N/A', 'Service', 'HEEC', 'Iloilo', 'user', '2026-01-19 06:21:18', '2023-09-30', '2025-09-10 00:36:33', NULL, 0, NULL, NULL),
(50, 'ACA042015', 'Arsolon, Charlie Abecilla', 'Technician', 'N/A', 'Service', 'HEEC', 'Mandaluyong', 'user', '2015-04-19 16:00:00', NULL, '2025-09-10 00:36:33', NULL, 1, NULL, NULL),
(51, 'BJR051215', 'Begardon, Jose Rellores', 'Foreman', 'N/A', 'Operations', 'HEEC', 'Mandaluyong', 'user', '2015-05-11 16:00:00', NULL, '2025-09-10 00:36:33', NULL, 1, NULL, NULL),
(52, 'MRL100515', 'Manalo, Raymart Lagamia', 'Service Troubleshooting Supervisor', 'N/A', 'Service', 'HEEC', 'Mandaluyong', 'user', '2015-10-04 16:00:00', NULL, '2025-09-10 00:36:33', NULL, 1, NULL, NULL),
(53, 'FJA122015', 'Fugaban, Jolito Agub', 'EL/ES Technician', 'N/A', 'Service', 'HEEC', 'Mandaluyong', 'user', '2015-12-19 16:00:00', NULL, '2025-09-10 00:36:33', NULL, 1, NULL, NULL),
(54, 'MJL032816', 'Malonzo, John Robert Libardo', 'Sales Engr.', 'N/A', 'EL Sales', 'HEEC', 'Mandaluyong', 'user', '2016-03-27 16:00:00', NULL, '2025-09-10 00:36:33', NULL, 1, NULL, NULL),
(55, 'SMS042616', 'Sagun, Marc Joseph Socito', 'Service Technician', 'N/A', 'Service', 'HEEC', 'Mandaluyong', 'user', '2016-04-25 16:00:00', NULL, '2025-09-10 00:36:33', NULL, 1, NULL, NULL),
(56, 'AAM050416', 'Avila, Archie Miguel', 'Foreman', 'N/A', 'Operations', 'HEEC', 'Mandaluyong', 'user', '2016-05-03 16:00:00', NULL, '2025-09-10 00:36:33', NULL, 1, NULL, NULL),
(57, 'ABP0511162', 'Altura, Bernard', 'Jr. Service Engineer', 'N/A', 'Service', 'HEEC', 'Mandaluyong', 'user', '2026-01-19 06:21:18', '2023-02-10', '2025-09-10 00:36:33', NULL, 0, NULL, NULL),
(58, 'AJC090516', 'Arguelles, Juan Gerwin Capulso', 'Sr. Service Engineering Supervisor', 'N/A', 'Service', 'HEEC', 'Mandaluyong', 'user', '2016-09-04 16:00:00', NULL, '2025-09-10 00:36:33', NULL, 1, NULL, NULL),
(59, 'EJM092617', 'Escobar, Jonathan Millare', 'Foreman', 'N/A', 'Operations', 'HEEC', 'Mandaluyong', 'user', '2017-09-25 16:00:00', NULL, '2025-09-10 00:36:33', NULL, 1, NULL, NULL),
(60, 'BMB031218', 'Bernardo, Mary Rose Bautista', 'Sr. Accounting Specialist', 'N/A', 'Accounting', 'HEEC', 'Mandaluyong', 'user', '2018-03-11 16:00:00', NULL, '2025-09-10 00:36:33', NULL, 1, NULL, NULL),
(61, 'IRM060118', 'Infante, Rudy Magistrado', 'EL/ES Technician', 'N/A', 'Service', 'HEEC', 'Mandaluyong', 'user', '2018-05-31 16:00:00', NULL, '2025-09-10 00:36:33', NULL, 1, NULL, NULL),
(62, 'PEF062618', 'Pura, Eugene Floralde', 'Safety Officer', 'N/A', 'Operations', 'HEEC', 'Mandaluyong', 'user', '2018-06-25 16:00:00', NULL, '2025-09-10 00:36:33', NULL, 1, NULL, NULL),
(63, 'RNB090318', 'Rarugal, Nathaniel Baunsit', 'Jr. Sales Engineer', 'N/A', 'EL Sales', 'HEEC', 'Mandaluyong', 'user', '2018-09-02 16:00:00', NULL, '2025-09-10 00:36:33', NULL, 1, NULL, NULL),
(64, 'LPL102318', 'Lee, Paul Rosell', 'Jr. Service Engineer', 'N/A', 'Service', 'HEEC', 'Mandaluyong', 'user', '2026-01-19 06:21:18', '2023-03-27', '2025-09-10 00:36:33', NULL, 0, NULL, NULL),
(65, 'MJT010719', 'Mendoza, Jonathan Calixto Taña', 'Jr. Service Engineer', 'N/A', 'Service', 'HEEC', 'Mandaluyong', 'user', '2019-01-06 16:00:00', NULL, '2025-09-10 00:36:33', NULL, 1, NULL, NULL),
(66, 'BKV031819', 'Bernardino, Kristian Valencia', 'Jr. Service Engineer', 'N/A', 'Service', 'HEEC', 'Mandaluyong', 'user', '2019-03-17 16:00:00', NULL, '2025-09-10 00:36:33', NULL, 1, NULL, NULL),
(67, 'SRV062619', 'Soria, Rowell Vingno', 'Jr. Service Engineer', 'N/A', 'Service', 'HEEC', 'Mandaluyong', 'user', '2026-01-19 06:21:18', '2024-05-10', '2025-09-10 00:36:33', NULL, 0, NULL, NULL),
(68, 'SGG070419', 'Sael, Gerrine Galendez', 'Messenger/Collector', 'N/A', 'Accounting', 'HEEC', 'Mandaluyong', 'user', '2026-01-19 06:21:18', '2024-06-30', '2025-09-10 00:36:33', NULL, 0, NULL, NULL),
(69, 'DGM022620', 'De Ocampo, Gary Marqueses', 'Sales Admin', 'N/A', 'EL Sales', 'HEEC', 'Mandaluyong', 'user', '2020-02-25 16:00:00', NULL, '2025-09-10 00:36:33', NULL, 1, NULL, NULL),
(70, 'DAD022720', 'Delos Reyes, Andre Patrick Dela Cruz', 'Inventory Assistant', 'N/A', 'Accounting', 'HEEC', 'Mandaluyong', 'user', '2020-02-26 16:00:00', NULL, '2025-09-10 00:36:33', NULL, 1, NULL, NULL),
(71, 'KIC112320', 'Kalacas, Idriss Kyle', 'Jr. Service Engineer', 'N/A', 'Service', 'HEEC', 'Mandaluyong', 'user', '2026-01-19 06:21:18', '2023-03-04', '2025-09-10 00:36:33', NULL, 0, NULL, NULL),
(72, 'PIB121720', 'Pasculado, Jr., Isagani Bermudo', 'EL/ES Technician', 'N/A', 'Service', 'HEEC', 'Mandaluyong', 'user', '2020-12-16 16:00:00', NULL, '2025-09-10 00:36:33', NULL, 1, NULL, NULL),
(73, 'LJHB091421', 'Lawenko, Jose Hilario Berango', 'Sales Manager', 'N/A', 'EL Sales', 'HEEC', 'Mandaluyong', 'user', '2021-09-13 16:00:00', NULL, '2025-09-10 00:36:33', NULL, 1, NULL, NULL),
(74, 'MAM030122', 'Mallorca, Arjay', 'Operations Manager', 'N/A', 'Operations', 'HEEC', 'Mandaluyong', 'user', '2026-01-19 06:21:18', '2023-08-10', '2025-09-10 00:36:33', NULL, 0, NULL, NULL),
(75, 'MKC032222', 'Moreto, Kim Harold Cuevas', 'Jr. Service Engineer', 'N/A', 'Service', 'HEEC', 'Mandaluyong', 'user', '2022-03-21 16:00:00', NULL, '2025-09-10 00:36:33', NULL, 1, NULL, NULL),
(76, 'CJE041822', 'Colango, Jemuel Ian', 'Service Technician', 'N/A', 'Service', 'HEEC', 'Mandaluyong', 'user', '2026-01-19 06:21:18', '2022-12-28', '2025-09-10 00:36:33', NULL, 0, NULL, NULL),
(77, 'CEC041822', 'Cunanan, Ezequiel Sedgwig', 'Project Engineer / AutoCad Operator', 'N/A', 'Operations', 'HEEC', 'Mandaluyong', 'user', '2022-04-17 16:00:00', NULL, '2025-09-10 00:36:33', NULL, 1, NULL, NULL),
(78, 'PMF041822', 'Paragao, Mark Rolan', 'Jr. Service Engineer', 'N/A', 'Service', 'HEEC', 'Mandaluyong', 'user', '2026-01-19 06:21:18', '2023-02-03', '2025-09-10 00:36:33', NULL, 0, NULL, NULL),
(79, 'TJZ041822', 'Torres, Joshua', 'Service Technician', 'N/A', 'Service', 'HEEC', 'Mandaluyong', 'user', '2026-01-19 06:21:18', '2024-01-16', '2025-09-10 00:36:33', NULL, 0, NULL, NULL),
(80, 'MDT080222', 'Mamalayan, Danica Lyra Tiangco', 'Accounting Assistant', 'N/A', 'Accounting', 'HEEC', 'Mandaluyong', 'user', '2022-08-01 16:00:00', NULL, '2025-09-10 00:36:33', NULL, 1, NULL, NULL),
(81, 'CJD110222', 'Castro, Junith Donio', 'Jr. Service Engineer', 'N/A', 'Service', 'HEEC', 'Mandaluyong', 'user', '2022-11-01 16:00:00', NULL, '2025-09-10 00:36:33', NULL, 1, NULL, NULL),
(82, 'DZR022223', 'De Villa, Zionlee Zicri Raguro', 'Jr. Service Engineer', 'N/A', 'Service', 'HEEC', 'Mandaluyong', 'user', '2023-02-21 16:00:00', NULL, '2025-09-10 00:36:33', NULL, 1, NULL, NULL),
(83, 'YMM032123', 'Yniguez, Marco Vincent', 'Jr. Project Engineer / AutoCad Operator', 'N/A', 'Operations', 'HEEC', 'Mandaluyong', 'user', '2026-01-19 06:21:18', '2023-06-16', '2025-09-10 00:36:33', NULL, 0, NULL, NULL),
(84, 'YRV030623', 'Yulas, Ricky Voces', 'Jr. Service Engineer', 'N/A', 'Service', 'HEEC', 'Mandaluyong', 'user', '2023-03-05 16:00:00', NULL, '2025-09-10 00:36:33', NULL, 1, NULL, NULL),
(85, 'RMC032123', 'Rosales, Miguel Alfonso Constantino', 'Jr. Project Engineer/AutoCAD Operator', 'N/A', 'Operations', 'HEEC', 'Mandaluyong', 'user', '2023-03-20 16:00:00', NULL, '2025-09-10 00:39:55', NULL, 1, NULL, NULL),
(86, 'MDN032723', 'Melendres, Daniel Nocidal', 'Jr. Service Engineer', 'N/A', 'Service', 'HEEC', 'Mandaluyong', 'user', '2023-03-26 16:00:00', NULL, '2025-09-10 00:39:55', NULL, 1, NULL, NULL),
(87, 'DJA061323', 'Dellova, Jesse Lemuel', 'Jr. Testing & Commissioning Engineer', 'N/A', 'Testing & Commissioning', 'HEEC', 'Mandaluyong', 'user', '2026-01-19 06:21:18', '2024-02-14', '2025-09-10 00:39:55', NULL, 0, NULL, NULL),
(88, 'NWD071023', 'Natividad, Wilson Dulatre', 'Testing & Commissioning Sup/Project Engr.', 'N/A', 'Testing & Commissioning', 'HEEC', 'Mandaluyong', 'user', '2023-07-09 16:00:00', NULL, '2025-09-10 00:39:55', NULL, 1, NULL, NULL),
(89, 'BVG071823', 'Briones, Vince Joseph Gargoles', 'Jr. Service Engineer', 'N/A', 'Service', 'HEEC', 'Mandaluyong', 'user', '2023-07-17 16:00:00', NULL, '2025-09-10 00:39:55', NULL, 1, NULL, NULL),
(90, 'FMP071823', 'Francisco, Mark Gerald', 'Jr. Service Engineer', 'N/A', 'Service', 'HEEC', 'Mandaluyong', 'user', '2026-01-19 06:21:18', '2024-04-01', '2025-09-10 00:39:55', NULL, 0, NULL, NULL),
(91, 'BJB080123', 'Barrio, Jodiel', 'Jr. Project Engineer', 'N/A', 'Operations', 'HEEC', 'Mandaluyong', 'user', '2026-01-19 06:21:18', '2024-04-04', '2025-09-10 00:39:55', NULL, 0, NULL, NULL),
(92, 'MLD091323', 'Matavia, Lorenel Destriza', 'EL Installer', 'N/A', 'Operations', 'HEEC', 'Mandaluyong', 'user', '2023-09-12 16:00:00', NULL, '2025-09-10 00:39:55', NULL, 1, NULL, NULL),
(93, 'CGL101623', 'Caramat, Gabrielle Keneth Lim', 'Jr. Service Engineer', 'N/A', 'Service', 'HEEC', 'Mandaluyong', 'user', '2023-10-15 16:00:00', NULL, '2025-09-10 00:39:55', NULL, 1, NULL, NULL),
(94, 'EGB101623', 'Esquivel, Gerick Bayudang', 'Jr. Service Engineer', 'N/A', 'Service', 'HEEC', 'Mandaluyong', 'user', '2023-10-15 16:00:00', NULL, '2025-09-10 00:39:55', NULL, 1, NULL, NULL),
(95, 'LJL101623', 'Lunar, John Russell Lavarez', 'Jr. Testing & Commissioning Engineer', 'N/A', 'Testing & Commissioning', 'HEEC', 'Mandaluyong', 'user', '2023-10-15 16:00:00', NULL, '2025-09-10 00:39:55', NULL, 1, NULL, NULL),
(96, 'MVT101623', 'Mina, Vergilio', 'Jr. Testing & Commissioning Engineer', 'N/A', 'Testing & Commissioning', 'HEEC', 'Mandaluyong', 'user', '2026-01-19 06:21:18', '2024-02-24', '2025-09-10 00:39:55', NULL, 0, NULL, NULL),
(97, 'BMP111623', 'Bantog, Mark Anthony', 'EL Installer', 'N/A', 'Operations', 'HEEC', 'Mandaluyong', 'user', '2026-01-19 06:21:18', '2024-01-03', '2025-09-10 00:39:55', NULL, 0, NULL, NULL),
(98, 'NJA112023', 'Nabora, Jeffrey Altares', 'Service Technician', 'N/A', 'Operations', 'HEEC', 'Mandaluyong', 'user', '2023-11-19 16:00:00', NULL, '2025-09-10 00:39:55', NULL, 1, NULL, NULL),
(99, 'TVT040124', 'Tolentino, Van Dham Tolentino', 'Jr. Testing & Commissioning Engineer', 'N/A', 'Testing & Commissioning', 'HEEC', 'Mandaluyong', 'user', '2024-03-31 16:00:00', NULL, '2025-09-10 00:39:55', NULL, 1, NULL, NULL),
(100, 'CJD041124', 'Cordero, John Carl Victor De Asis', 'Sales Engineer', 'N/A', 'EL Sales', 'HEEC', 'Iloilo', 'user', '2024-04-10 16:00:00', NULL, '2025-09-10 00:39:55', NULL, 1, NULL, NULL),
(101, 'CRR041124', 'Cuyos, Renz Marion Rosell', 'Sales Engineer', 'N/A', 'EL Sales', 'HEEC', 'Cebu', 'user', '2024-04-10 16:00:00', NULL, '2025-09-10 00:39:55', NULL, 1, NULL, NULL),
(102, 'FEA090897', 'Fajardo, Edgar Angeles', 'Operations Manager', 'N/A', 'A/C Operations', 'HI-AIRE', 'Mandaluyong', 'user', '1997-09-07 16:00:00', NULL, '2025-09-10 00:39:55', NULL, 1, NULL, NULL),
(103, 'ONE091604', 'Olazo, Nelson Edang', 'A/C Leadman', 'N/A', 'A/C Operations', 'HI-AIRE', 'Mandaluyong', 'user', '2004-09-15 16:00:00', NULL, '2025-09-10 00:39:55', NULL, 1, NULL, NULL),
(104, 'MFI072805', 'Macaraig, Fortunato Ibon', 'Collector', 'N/A', 'Accounting', 'HI-AIRE', 'Mandaluyong', 'user', '2005-07-27 16:00:00', NULL, '2025-09-10 00:39:55', NULL, 1, NULL, NULL),
(105, 'SRJO110705', 'Sangil, Ronaldo Joseph Olayao', 'Sales Officer', 'N/A', 'A/C Sales', 'HI-AIRE', 'Mandaluyong', 'user', '2005-11-06 16:00:00', NULL, '2025-09-10 00:39:55', NULL, 1, NULL, NULL),
(106, 'MRL010606', 'Martin, Reynaldo Lumugdang', 'A/C Technician', 'N/A', 'A/C Service', 'HI-AIRE', 'Mandaluyong', 'user', '2006-01-05 16:00:00', NULL, '2025-09-10 00:39:55', NULL, 1, NULL, NULL),
(107, 'RWB020208', 'Relevo, Willy Barrios', 'Sr. Project Engineer I', 'N/A', 'A/C Operations', 'HI-AIRE', 'Mandaluyong', 'user', '2008-02-01 16:00:00', NULL, '2025-09-10 00:39:55', NULL, 1, NULL, NULL),
(108, 'DSD060609', 'Deuna, Sandy Deocareza', 'A/C Ductman/Fabricator', 'N/A', 'A/C Operations', 'HI-AIRE', 'Mandaluyong', 'user', '2009-06-05 16:00:00', NULL, '2025-09-10 00:39:55', NULL, 1, NULL, NULL),
(109, 'DMP091779', 'Diangson, Marivic Parilla', 'Corporate Secretary/Purchasing Manager', 'N/A', 'EO/Purchasing', 'HIMC', 'Mandaluyong', 'user', '1979-09-16 16:00:00', NULL, '2025-09-10 00:39:55', NULL, 1, NULL, NULL),
(110, 'HMJ080288', 'Hernandez, Marcelo Jabeguero', 'T & D Helper', 'N/A', 'Traffic', 'HIMC', 'Mandaluyong', 'user', '1988-08-01 16:00:00', NULL, '2025-09-10 00:39:55', NULL, 1, NULL, NULL),
(111, 'PJA020193', 'Pasumbal, Juliet Antonio', 'Executive Secretary/OIC Logistics', 'N/A', 'Executive Office', 'HIMC', 'Mandaluyong', 'user', '1993-01-31 16:00:00', NULL, '2025-09-10 00:39:55', NULL, 1, NULL, NULL),
(112, 'PCS040193', 'Phi, Christina Sy', 'Credit & Collection/Service Contracts & Parts Manager', 'N/A', 'Accounting', 'HIMC', 'Mandaluyong', 'user', '1993-03-31 16:00:00', NULL, '2025-09-10 00:39:55', NULL, 1, NULL, NULL),
(113, 'LJG040112', 'Lape, Josefina Geraldez', 'General Manager', 'N/A', 'HEEC Sales', 'HIMC', 'Mandaluyong', 'user', '1994-05-15 16:00:00', NULL, '2025-09-10 00:39:55', NULL, 1, NULL, NULL),
(114, 'PJM111695', 'PulumbariT, Jonah Mauricio', 'Sales Secretary', 'N/A', 'A/C Sales', 'HIMC', 'Mandaluyong', 'user', '1995-11-15 16:00:00', NULL, '2025-09-10 00:39:55', NULL, 1, NULL, NULL),
(115, 'UAR111696', 'Ubongen, Angel Rapadas', 'Warehouse Checker', 'N/A', 'Warehouse', 'HIMC', 'Taguig', 'user', '1996-11-15 16:00:00', NULL, '2025-09-10 00:39:55', NULL, 1, NULL, NULL),
(116, 'VNT061697', 'Vecina, Norman Tolidana', 'T & D Helper', 'N/A', 'Traffic', 'HIMC', 'MANDALUYONG', 'user', '1997-06-15 16:00:00', NULL, '2025-09-10 00:47:13', NULL, 1, NULL, NULL),
(117, 'BFD092199', 'Bo, Ferdinand Dacay', 'T & D Helper', 'N/A', 'Traffic', 'HIMC', 'MANDALUYONG', 'user', '1999-09-20 16:00:00', NULL, '2025-09-10 00:47:13', NULL, 1, NULL, NULL),
(118, 'RMP101299', 'Retuerma, Manuelito Padaon', 'T & D Driver', 'N/A', 'Traffic', 'HIMC', 'MANDALUYONG', 'user', '1999-10-11 16:00:00', NULL, '2025-09-10 00:47:13', NULL, 1, NULL, NULL),
(119, 'HADG100104', 'Hernandez, Ariel De Guzman', 'Warehouseman', 'N/A', 'Warehouse', 'HIMC', 'MANDALUYONG', 'user', '2004-09-30 16:00:00', NULL, '2025-09-10 00:47:13', NULL, 1, NULL, NULL),
(120, 'DGMD041105', 'Deles, Garry Melvin Diarota', 'Asst. Sales Manager', 'N/A', 'A/C Sales', 'HIMC', 'MANDALUYONG', 'user', '2005-04-10 16:00:00', NULL, '2025-09-10 00:47:13', NULL, 1, NULL, NULL),
(121, 'FMB041205', 'Francisco, Mel Burce', 'Forklift Operator', 'N/A', 'Warehouse', 'HIMC', 'TAGUIG', 'user', '2005-04-11 16:00:00', NULL, '2025-09-10 00:47:13', NULL, 1, NULL, NULL),
(122, 'RAM051305', 'Revilloza, Aristrothel Meron', 'T & D Driver', 'N/A', 'Traffic', 'HIMC', 'MANDALUYONG', 'user', '2005-05-12 16:00:00', NULL, '2025-09-10 00:47:13', NULL, 1, NULL, NULL),
(123, 'AGO112105', 'Adano, Gered Ombrog', 'T & D Driver', 'N/A', 'Traffic', 'HIMC', 'MANDALUYONG', 'user', '2005-11-20 16:00:00', NULL, '2025-09-10 00:47:13', NULL, 1, NULL, NULL),
(124, 'LCC111208', 'Labian, Cornelio Cabilin', 'T & D Driver', 'N/A', 'Traffic', 'HIMC', 'MANDALUYONG', 'user', '2008-11-11 16:00:00', NULL, '2025-09-10 00:47:13', NULL, 1, NULL, NULL),
(125, 'ALAP041309', 'Fabito, Leslie Ann Andrade', 'Purchasing Assistant', 'N/A', 'Purchasing', 'HIMC', 'MANDALUYONG', 'user', '2026-02-06 05:41:02', '2025-05-06', '2025-09-10 00:47:13', NULL, 0, NULL, NULL),
(126, 'AND012910', 'Apostol, Nenita Domdom', 'Credit & Collection Assistant', 'N/A', 'Accounting', 'HIMC', 'MANDALUYONG', 'user', '2010-01-28 16:00:00', NULL, '2025-09-10 00:47:13', NULL, 1, NULL, NULL),
(127, 'DEP021910', 'Cruz, Evangeline', 'Sales Engineer', 'N/A', 'Sales', 'HIMC', 'MANDALUYONG', 'user', '2026-01-19 06:21:18', '2023-09-25', '2025-09-10 00:47:13', NULL, 0, NULL, NULL),
(128, 'ACI022610', 'Torrejos, Christine Aguzar', 'HR Supervisor', 'N/A', 'HR/Admin', 'HIMC', 'MANDALUYONG', 'user', '2026-02-20 08:21:53', NULL, '2025-09-10 00:47:13', NULL, 0, NULL, NULL),
(129, 'ATC050413', 'Andag, Tracy Caballero', 'Accounting Assistant', 'N/A', 'Accounting', 'HIMC', 'MANDALUYONG', 'user', '2013-05-03 16:00:00', NULL, '2025-09-10 00:47:13', NULL, 1, NULL, NULL),
(130, 'FMG062413', 'Fusilero, Melvin Gustoir', 'Sr. A/C Design & Estimate Engineer', 'N/A', 'A/C Operations', 'HI-AIRE', 'MANDALUYONG', 'user', '2026-03-08 04:33:37', NULL, '2025-09-10 00:47:13', NULL, 1, NULL, NULL),
(131, 'JCA052114', 'Javier, Cheryllyn Antalan', 'Credit & Collection Assistant', 'N/A', 'Accounting', 'HIMC', 'MANDALUYONG', 'user', '2014-05-20 16:00:00', NULL, '2025-09-10 00:47:13', NULL, 1, NULL, NULL),
(132, 'RDK081116', 'Refuerzo, Didith', 'Accounting Supervisor', 'N/A', 'Finance', 'HIMC', 'MANDALUYONG', 'user', '2026-01-19 06:21:18', '2023-05-03', '2025-09-10 00:47:13', NULL, 0, NULL, NULL),
(133, 'MRD101117', 'Molato, Rogy Dayo', 'A/C Leadman', 'N/A', 'A/C Operations', 'HIMC', 'MANDALUYONG', 'user', '2017-10-10 16:00:00', NULL, '2025-09-10 00:47:13', NULL, 1, NULL, NULL),
(134, 'PJC021918', 'Pascua, Jimmy Boy', 'AutoCad Operator', 'N/A', 'Engineering', 'HIMC', 'MANDALUYONG', 'user', '2026-01-19 06:21:18', '2023-06-10', '2025-09-10 00:47:13', NULL, 0, NULL, NULL),
(135, 'BMM060418', 'Baluyot, Mhon Azel Marquez', 'Warehouse Assistant', 'N/A', 'Warehouse', 'HIMC', 'MANDALUYONG', 'user', '2018-06-03 16:00:00', NULL, '2025-09-10 00:47:13', NULL, 1, NULL, NULL),
(136, 'DRR073018', 'Diaz, Rowelyn Requina', 'Accounting Assistant-AP', 'N/A', 'Accounting', 'HIMC', 'MANDALUYONG', 'user', '2018-07-29 16:00:00', NULL, '2025-09-10 00:47:13', NULL, 1, NULL, NULL),
(137, 'BAM090318', 'Bautista, Anne Grace Mabalot', 'HR Assistant', 'N/A', 'HR/Admin', 'HIMC', 'MANDALUYONG', 'user', '2018-09-02 16:00:00', NULL, '2025-09-10 00:47:13', NULL, 1, NULL, NULL),
(138, 'GJT100118', 'Gutierrez, Jamaica Tabile', 'General Accountant', 'N/A', 'Accounting', 'HIMC', 'MANDALUYONG', 'user', '2026-01-19 06:21:18', '2024-05-03', '2025-09-10 00:47:13', NULL, 0, NULL, NULL),
(139, 'GJC060719', 'Gayon, John Cedrick Coronacion', 'A/C Installer', 'N/A', 'A/C Operations', 'HIMC', 'MANDALUYONG', 'user', '2019-06-06 16:00:00', NULL, '2025-09-10 00:47:13', NULL, 1, NULL, NULL),
(140, 'MRM060719', 'Mahinay, Richard Mancao', 'A/C Installer', 'N/A', 'A/C Operations', 'HIMC', 'MANDALUYONG', 'user', '2019-06-06 16:00:00', NULL, '2025-09-10 00:47:13', NULL, 1, NULL, NULL),
(141, 'FEG062619', 'Laporie, Elyza Leah Fullente', 'Accounting Assistant', 'N/A', 'Accounting', 'HIMC', 'MANDALUYONG', 'user', '2026-01-19 06:21:18', '2024-02-29', '2025-09-10 00:47:13', NULL, 0, NULL, NULL),
(142, 'FWU070819', 'Fortuno, Whillem Usero', 'Purchasing Assistant', 'N/A', 'Purchasing', 'HIMC', 'MANDALUYONG', 'user', '2019-07-07 16:00:00', NULL, '2025-09-10 00:47:13', NULL, 1, NULL, NULL),
(143, 'DGB0041221', 'Derano, Gerry Berdera', 'Import Assistant', 'N/A', 'Import', 'HIMC', 'MANDALUYONG', 'user', '2021-04-11 16:00:00', NULL, '2025-09-10 00:47:13', NULL, 1, NULL, NULL),
(144, 'MG092021', 'Mainot, Genevieve', 'Office Assistant', 'N/A', 'Finance', 'HIMC', 'MANDALUYONG', 'user', '2026-01-19 06:21:18', '2023-07-07', '2025-09-10 00:47:13', NULL, 0, NULL, NULL),
(145, 'JJD101821', 'Jocson, John Jordan Dionisio', 'Jr. Project Engineer', 'N/A', 'A/C Operations', 'HIMC', 'MANDALUYONG', 'user', '2026-01-19 06:21:18', '2023-08-17', '2025-09-10 00:47:13', NULL, 0, NULL, NULL),
(146, 'RJF112521', 'Reyes, Jenica Fabricante', 'Receptionist/Purchasing Assistant', 'N/A', 'Purchasing', 'HIMC', 'MANDALUYONG', 'user', '2026-01-19 06:21:18', '2024-05-30', '2025-09-10 00:47:13', NULL, 0, NULL, NULL),
(147, 'DJL120921', 'De Alday, Jhonver', 'Jr. Sales Engineer', 'N/A', 'Sales', 'HIMC', 'MANDALUYONG', 'user', '2026-01-19 06:21:18', '2023-03-14', '2025-09-10 00:47:13', NULL, 0, NULL, NULL),
(148, 'EMT022322', 'Evardo, Marino Torrejas', 'Inventory Assistant', 'N/A', 'Accounting', 'HIMC', 'MANDALUYONG', 'user', '2022-02-22 16:00:00', NULL, '2025-09-10 00:47:13', NULL, 1, NULL, NULL),
(149, 'PFC041822', 'Pitogo, Frederick Cruz', 'T & D Driver', 'N/A', 'Traffic', 'HIMC', 'MANDALUYONG', 'user', '2022-04-17 16:00:00', NULL, '2025-09-10 00:47:13', NULL, 1, NULL, NULL),
(150, 'LRC052622', 'Lopez, Ryan Cuevas', 'A/C Installer', 'N/A', 'A/C Operations', 'HIMC', 'MANDALUYONG', 'user', '2022-05-25 16:00:00', NULL, '2025-09-10 00:47:13', NULL, 1, NULL, NULL),
(151, 'VAT052622', 'Villas, Amber Archie', 'AC Installer', 'N/A', 'Operations', 'HIMC', 'MANDALUYONG', 'user', '2026-01-19 06:21:18', '2024-01-08', '2025-09-10 00:47:13', NULL, 0, NULL, NULL),
(152, 'MJM032123', 'Moyo, John Albert Masayda', 'Jr. Sales Engineer 1', 'N/A', 'A/C Sales', 'HIMC', 'MANDALUYONG', 'user', '2023-03-20 16:00:00', NULL, '2025-09-10 00:47:13', NULL, 1, NULL, NULL),
(153, 'RPC062623', 'Rodriguez, Pauline Joy Catura', 'Office Assistant', 'N/A', 'Import', 'HIMC', 'MANDALUYONG', 'user', '2023-06-25 16:00:00', NULL, '2025-09-10 00:47:13', NULL, 1, NULL, NULL),
(154, 'DKM091923', 'Dela Cruz, Kim', 'AutoCad Operator', 'N/A', 'Engineering', 'HIMC', 'MANDALUYONG', 'user', '2026-01-19 06:21:18', '2024-01-31', '2025-09-10 00:47:13', NULL, 0, NULL, NULL),
(155, 'ARB091123', 'Arquiza, Ritchie Barreras', 'Logistic Assistant/Driver', 'N/A', 'Traffic', 'HIMC', 'MANDALUYONG', 'user', '2023-09-10 16:00:00', NULL, '2025-09-10 00:47:13', NULL, 1, NULL, NULL),
(156, 'DSD101123', 'De Leon, Sheyna April Dullano', 'Jr. Sales Engineer 1', 'N/A', 'A/C Sales', 'HIMC', 'MANDALUYONG', 'user', '2026-01-19 06:21:18', '2024-05-10', '2025-09-10 00:47:13', NULL, 0, NULL, NULL),
(157, 'JAC101123', 'Junio, Abegail Claro', 'Junior QA/QC Engineer', 'N/A', 'EL QA/QC', 'HIMC', 'MANDALUYONG', 'user', '2023-10-10 16:00:00', NULL, '2025-09-10 00:47:13', NULL, 1, NULL, NULL),
(158, 'GLF042224', 'Gonzales, Lovely Ness Fernandez', 'AutoCad Operator', 'N/A', 'Engineering', 'HIMC', 'MANDALUYONG', 'user', '2026-03-18 00:26:44', NULL, '2025-09-10 00:47:13', NULL, 0, NULL, NULL),
(159, 'GET110380', 'Guanzon, Elizabeth', 'Sales Secretary', 'N/A', 'Sales', 'HIMC', 'MANDALUYONG', 'user', '2026-01-19 06:21:18', '2014-03-25', '2025-09-10 00:56:05', NULL, 0, NULL, NULL),
(160, 'RFG102912', 'Reyes, Francis Jim', 'Sales Engineer', 'N/A', 'Sales', 'HIMC', 'MANDALUYONG', 'user', '2026-01-19 06:21:18', '2014-06-03', '2025-09-10 00:56:05', NULL, 0, NULL, NULL),
(161, 'PNE111109', 'Pedracio, Nieves', 'Accounting Supervisor', 'N/A', 'Finance', 'HIMC', 'MANDALUYONG', 'user', '2026-01-19 06:21:18', '2014-06-22', '2025-09-10 00:56:05', NULL, 0, NULL, NULL),
(162, 'TJA010709', 'Tam, Joseph', 'Messenger/Collector', 'N/A', 'Finance', 'HEEC', 'MANDALUYONG', 'user', '2026-01-19 06:21:18', '2013-07-08', '2025-09-10 00:56:05', NULL, 0, NULL, NULL),
(163, 'BWC112710', 'Bautista, William', 'Jr. Service Engineer', 'N/A', 'Service', 'HEEC', 'MANDALUYONG', 'user', '2026-01-19 06:21:18', '2013-08-23', '2025-09-10 00:56:05', NULL, 0, NULL, NULL),
(164, 'BMC061913', 'Bolleno, Madelle May', 'Receptionist/HR Assistant', 'N/A', 'HR', 'HIMC', 'MANDALUYONG', 'user', '2026-01-19 06:21:18', '2013-09-10', '2025-09-10 00:56:05', NULL, 0, NULL, NULL),
(165, 'VRJC091211', 'Villaruz, Ryan Jozef', 'Sales Engineer', 'sample@koppel.ph', 'Sales', 'HEEC', 'MANDALUYONG', 'user', '2026-01-19 06:21:18', '2013-11-30', '2025-09-10 00:56:05', NULL, 0, NULL, NULL),
(181, 'MAV071524', 'Angel Malazzab', 'Purchasing Assistant', 'N/A', 'Purchasing ', 'HIMC', 'MANDALUYONG', 'user', '2024-07-14 16:00:00', NULL, '2025-09-11 09:31:38', NULL, 1, NULL, NULL),
(182, '25-8230', 'Sander Mike Rondilla', 'Customer Support', 'N/A', 'Service', 'Koppel Inc.', 'Mandaluyong', 'user', '2026-01-16 08:48:29', NULL, '2025-09-11 23:47:57', NULL, 1, NULL, NULL),
(183, '34241', 'Laarni Pacayra', 'Customer Support', 'N/A', 'Service', 'Koppel Inc.', 'Mandaluyong', 'user', '2026-01-16 08:48:29', NULL, '2025-09-11 23:49:41', NULL, 1, NULL, NULL),
(184, 'QJT111323', 'Jane Quinquiño', 'Accounting Assistant', 'N/A', 'Accounting', 'Koppel Inc.', 'CDO', 'user', '2026-01-16 08:48:29', NULL, '2025-09-12 00:12:11', NULL, 1, NULL, NULL),
(185, 'CRA101424', 'Ralph Capinig', 'Digital Marketing', 'digitalmktg@koppel.ph', 'Marketing', 'Koppel Inc.', 'Mandaluyong', 'user', '2026-03-24 09:12:59', NULL, '2025-09-14 23:42:44', '$2y$10$yy2eIEiNb9PW35P10RrYjuPnFjTEz3xf1UAonq7cPFgBGJmfXNkbK', 1, NULL, NULL),
(186, 'AGS102610', 'G Apura', 'Branch Sales Manager', '-', 'Sales', 'Koppel Inc.', 'Iloilo', 'user', '2026-01-16 08:48:29', NULL, '2025-09-15 00:45:12', NULL, 1, NULL, NULL),
(187, '-', 'Alfonso Bleza', 'Corporate Attorney', '-', 'Legal', 'Koppel Inc.', 'Mandaluyong', 'user', '2026-02-20 08:01:56', NULL, '2025-09-15 02:07:47', NULL, 1, NULL, NULL),
(188, 'MRR071523', 'Rovic Macabalo', 'Technical Engineer', '-', 'Refrigeration', 'Koppel Inc.', 'Mandaluyong', 'user', '2026-01-16 08:48:29', NULL, '2025-09-16 01:46:18', NULL, 1, NULL, NULL),
(189, 'TEG091225', 'Earl Garret G. Tekiko', 'Design Engineer', '-', 'Refrigeration', 'Koppel Inc.', 'Mandaluyong', 'user', '2026-01-16 08:48:29', NULL, '2025-09-16 07:46:53', NULL, 1, NULL, NULL),
(191, '-', 'Anna Marie Basa', 'Manager', '', 'CNC', 'Koppel Inc.', 'Mandaluyong', 'user', '2026-02-20 08:01:56', NULL, '2025-09-22 01:21:35', NULL, 1, NULL, NULL),
(192, '-', 'Miguel Rosales', 'Design Engineer', '-', 'Elevators', 'HEEC', 'Mandaluyong', 'user', '2026-02-20 08:01:56', NULL, '2025-09-22 08:58:00', NULL, 1, NULL, NULL),
(194, '-', 'Danica Villamor', 'N/A', '-', 'HI-AIRE', 'HI-AIRE', 'Mandaluyong', 'user', '2026-02-20 08:01:56', NULL, '2025-09-23 06:14:12', NULL, 1, NULL, NULL),
(195, 'DJT111109', 'JC Dacuycuy', 'Assistant Manager', '-', 'Sales', 'Koppel Inc.', 'Mandaluyong', 'user', '2026-01-16 08:48:29', NULL, '2025-09-24 00:51:44', NULL, 1, NULL, NULL),
(197, 'GWC-00005', 'Rosemarie Larana', 'Parts Admin', '-', 'Service', 'Koppel Inc.', 'Mandaluyong', 'user', '2026-01-16 08:48:29', NULL, '2025-09-29 01:13:41', NULL, 1, NULL, NULL),
(198, 'CGP102925', 'Gabriel Nikko Calabano', 'Parts Analyst', '-', 'Service', 'Koppel Inc.', 'Mandaluyong', 'user', '2026-03-24 08:34:33', NULL, '2025-09-29 01:14:13', '$2y$10$glmfGStPT/.xyHpmNMaDXORoqKoSxJYk4u.rb0Vq/xsVzN/WxGQUu', 1, NULL, NULL),
(200, 'SCC051925', 'Cyrus Sacramento', 'Sales Engineer', '-', 'VRF-SPG', 'Koppel Inc.', 'Mandaluyong', 'user', '2026-01-16 08:48:29', NULL, '2025-09-29 09:52:42', NULL, 1, NULL, NULL),
(202, '-', 'Alvin Salazar', 'VRF Manager', '-', 'VRF', 'Koppel Inc.', 'Mandaluyong', 'user', '2026-02-20 08:01:56', NULL, '2025-10-01 08:23:51', NULL, 1, NULL, NULL),
(203, '-', 'Alex Ascano', 'VRF Senior Supervisor', '-', 'VRF', 'Koppel Inc.', 'Mandaluyong', 'user', '2026-02-20 08:01:56', NULL, '2025-10-01 08:24:40', NULL, 1, NULL, NULL),
(204, '-', 'Dexter Asuncion', 'VRF Supervisor', '-', 'VRF', 'Koppel Inc.', 'Mandaluyong', 'user', '2026-02-20 08:01:56', NULL, '2025-10-01 08:25:16', NULL, 1, NULL, NULL),
(205, '-', 'RB Agustin', 'HR Manager', 'ragustin@koppel.ph', 'HR', 'Koppel Inc.', 'Mandaluyong', 'user', '2026-02-20 08:01:56', NULL, '2025-10-07 00:31:15', NULL, 1, NULL, NULL),
(206, '-', 'Sales Dept', 'Sales Dept', '-', 'Sales Dept', 'Koppel Inc.', 'Mandaluyong', 'user', '2026-02-20 08:01:56', NULL, '2025-10-07 07:51:58', NULL, 1, NULL, NULL),
(207, '-', 'Cebu Branch', 'Cebu Branch', '-', 'Cebu Branch', 'Koppel Inc.', 'Cebu', 'user', '2026-02-20 08:01:56', NULL, '2025-10-07 07:54:27', NULL, 1, NULL, NULL),
(209, 'RPE052125', 'Paul Martin  Rimpillo', 'Purchasing Assistant', '-', 'Purchasing', 'Koppel Inc.', 'Mandaluyong', 'user', '2026-01-16 08:48:29', NULL, '2025-10-10 06:07:17', NULL, 1, NULL, NULL),
(211, 'NEB101325', 'Edmark B. Namoro', 'Application Engineer', '-', 'VRF-SPG', 'Koppel Inc.', 'Mandaluyong', 'user', '2026-01-16 08:48:29', NULL, '2025-10-13 00:53:01', NULL, 1, NULL, NULL),
(212, 'OMG111109', 'Michell Openano-Young', 'GMA Contractor Sales', 'mopenano@koppel.ph', 'Sales', 'Koppel Inc.', 'Mandaluyong', 'user', '2026-01-16 08:48:29', NULL, '2025-10-15 00:24:13', NULL, 1, NULL, NULL),
(213, 'RCC060925', 'Chris Rendon', 'Graphics Designer', 'artworks@koppel.ph', 'Marketing', 'Koppel Inc.', 'Mandaluyong', 'user', '2026-03-06 02:54:12', NULL, '2025-10-15 01:07:16', '$2y$10$tbJe7ZxbmxTj4ysRcJJLcOpqmafGMNGdvkeaXiiZBCiM0hUW9cgPS', 1, NULL, NULL),
(214, 'PAL060115', 'Allan Jay L. Pedrosa', 'Sales Specialist', 'apedrosa@koppel.ph', 'Sales', 'Koppel Inc.', 'Davao', 'user', '2026-01-16 08:48:29', NULL, '2025-10-21 02:32:51', NULL, 1, NULL, NULL),
(215, '-', 'Tere Coronado', 'Sales', 'tconorado@koppel.ph', 'Sales', 'Koppel Inc.', 'Mandaluyong', 'user', '2026-02-20 08:01:56', NULL, '2025-10-21 03:48:00', NULL, 1, NULL, NULL),
(216, '-', 'Bryan Olano', 'Sales Specialist', 'bolano@koppel.ph', 'Sales', 'Koppel Inc.', 'Mandaluyong', 'user', '2026-02-20 08:01:56', NULL, '2025-10-22 07:05:52', NULL, 1, NULL, NULL),
(217, 'OZF110325', 'Zena F. Orinday', 'Assistant Manager', '', 'CNC Dept', 'Koppel Inc.', 'Mandaluyong', 'user', '2026-01-16 08:48:29', NULL, '2025-11-03 00:33:47', NULL, 1, NULL, NULL),
(219, 'MAS051925', 'Allen Jacob Mandreza', 'Service Engineer - Central I', '', 'Service', 'Koppel Inc.', 'Mandaluyong', 'user', '2026-01-16 08:48:29', NULL, '2025-11-13 05:54:39', NULL, 1, NULL, NULL),
(220, '24-8072', 'Jonalyn Lago', 'Customer Support - Central', 'central2svc@koppel.ph', 'Service', 'Koppel Inc.', 'Mandaluyong', 'user', '2026-03-24 07:53:10', NULL, '2025-11-13 05:55:36', '$2y$10$K90BSHPLKZ4/mmvZcJeCLOewx0KTpbi7udpDtcK4lp9XMVeqBal7e', 1, NULL, NULL),
(223, '-', 'Abby Mina', 'VRF ', '', 'VRF', 'Koppel Inc.', 'Mandaluyong', 'user', '2026-02-20 08:01:56', NULL, '2025-11-13 09:02:11', NULL, 1, NULL, NULL),
(224, 'BAR072623', 'Alessandra Nicole R. Biadoy', 'Accounting Analyst - AP', '', 'Accounting', 'Koppel Inc.', 'Mandaluyong', 'user', '2026-01-16 08:48:29', NULL, '2025-11-14 00:26:12', NULL, 1, NULL, NULL),
(226, '-', 'Nhing', 'Accounting ', '', 'Accounting ', 'Koppel Inc.', 'Mandaluyong', 'user', '2026-02-20 08:01:56', NULL, '2025-11-19 01:47:05', NULL, 1, NULL, NULL),
(227, '-', 'Rachelle Paala', 'HR', '', 'HR', 'Koppel Inc.', 'Canlubang', 'user', '2026-02-20 08:01:56', NULL, '2025-11-19 06:31:22', NULL, 1, NULL, NULL),
(228, 'MJL102124', 'Jaymilly Magpusao', 'Jr. Project Engineer', '', 'Service', 'HEEC', 'Mandaluyong', 'user', '2024-10-20 16:00:00', NULL, '2025-11-19 06:35:09', NULL, 1, NULL, NULL),
(230, 'BMA102025 ', 'Mariah Kristelie A. Berdin ', 'Sales Engineer', '', 'Sales', 'Koppel Inc.', 'Mandaluyong', 'user', '2026-01-16 08:48:29', NULL, '2025-11-19 07:51:10', NULL, 1, NULL, NULL),
(231, '-', 'Dexter Rivera', 'Service', '', 'Service', 'HI-AIRE', 'Mandaluyong', 'user', '2026-02-20 08:01:56', NULL, '2025-11-20 00:11:38', NULL, 1, NULL, NULL),
(232, '-', 'RJ', 'Accounting', '', 'Accounting', 'Koppel Inc.', 'Mandaluyong', 'user', '2026-02-20 08:01:56', NULL, '2025-11-21 05:22:50', NULL, 1, NULL, NULL),
(233, 'NRC022624', 'Rio Navarro', 'Application Engineer', 'rnavarro@koppel.ph', 'VRF', 'Koppel Inc.', 'Mandaluyong', 'user', '2026-01-16 08:48:29', NULL, '2025-11-24 01:39:23', NULL, 1, NULL, NULL),
(234, '-', 'Jayson Almadrones', 'N/A', '', 'Accounting', 'Koppel Inc.', 'Canlubang', 'user', '2026-02-20 08:01:56', NULL, '2025-11-24 02:40:52', NULL, 1, NULL, NULL),
(235, '-', 'IT Dept', 'IT Dept', '', 'IT', 'Koppel Inc.', 'Mandaluyong', 'user', '2026-02-20 08:01:56', NULL, '2025-11-24 08:51:08', NULL, 1, NULL, NULL),
(238, '-', 'Vilma', 'Accounting', '', 'Accounting', 'Koppel Inc.', 'Mandaluyong', 'user', '2026-02-20 08:01:56', NULL, '2025-11-28 03:09:51', NULL, 1, NULL, NULL),
(240, 'CR081825', 'Ryan Vincent Cuerdo', 'QA/QC Engineer', '', 'Service', 'Koppel Inc.', 'Mandaluyong', 'user', '2026-03-25 05:06:42', NULL, '2025-12-01 08:06:46', '$2y$10$IX4Wwqu8/UQnhWdbvaAivuzXiSYoVqbW/rHwXWutGioSnD5d6tkAK', 1, NULL, NULL),
(241, 'MDD081825', 'Dominic Domingono Miranda', 'Service Engineer - North II', '', 'Service', 'Koppel Inc.', 'Mandaluyong', 'user', '2026-01-16 08:48:29', NULL, '2025-12-01 08:07:28', NULL, 1, NULL, NULL),
(243, 'SJ031124', 'John Eric Serrano', 'Service Engineer - North II', '', 'Service', 'Koppel Inc.', 'Mandaluyong', 'user', '2026-03-25 05:50:34', NULL, '2025-12-01 08:19:53', '$2y$10$pdyguyLII6LPIpKzvwTQb.lDtotPrjBoRzHromCSqIOqlQXbcYlpC', 1, NULL, NULL),
(244, 'BAC111423', 'Angelo Bendal', 'Service Engineer - Institutional', '', 'Service', 'Koppel Inc.', 'Mandaluyong', 'user', '2026-01-16 08:48:29', NULL, '2025-12-01 08:21:54', NULL, 1, NULL, NULL),
(249, 'LSS062325', 'Sergio Lopez,Jr', 'Service Engineer - Central II', 'central2engr@koppel.ph', 'Service', 'Koppel Inc.', 'Mandaluyong', 'user', '2026-01-15 16:00:00', NULL, '2025-12-01 09:33:42', NULL, 1, NULL, NULL),
(250, 'SNS090808', 'Sabanal, Neil Francis S', 'Parts Coordinator', '', 'Service', 'Koppel Inc.', 'Cebu', 'user', '2008-09-07 16:00:00', NULL, '2025-12-01 09:43:49', '', 1, NULL, NULL),
(251, 'NAA011113', 'Nuera, Adrian A', 'Aircon Technician', '', 'Service', 'Koppel Inc.', 'Mandaluyong', 'user', '2013-01-10 16:00:00', NULL, '2025-12-01 09:43:49', '', 1, NULL, NULL),
(252, 'LDM100714', 'Legutan, Dioniver M', 'Regional Service Supervisor', '', 'Service', 'Koppel Inc.', 'Cebu', 'user', '2014-10-06 16:00:00', NULL, '2025-12-01 09:43:49', '', 1, NULL, NULL),
(254, 'MAM122615', 'Mangrobang, Mirriam A', 'Service Manager', 'mmangrobang@koppel.ph', 'Service', 'Koppel Inc.', 'Mandaluyong', 'user', '2015-12-25 16:00:00', NULL, '2025-12-01 09:43:49', '', 1, NULL, NULL),
(255, 'VCJ122615', 'Vargas, Jeffrey C', 'Assistant Service Manager', 'jvargas@koppel.ph', 'Service', 'Koppel Inc.', 'Mandaluyong', 'user', '2015-12-25 16:00:00', NULL, '2025-12-01 09:43:49', '', 1, NULL, NULL),
(256, 'GAM022717', 'Garcia, Marlon A', 'Aircon Technician', '', 'Service', 'Koppel Inc.', 'Mandaluyong', 'user', '2026-01-19 06:21:18', '2020-11-19', '2025-12-01 09:43:49', '', 0, NULL, NULL),
(257, 'MJF022717', 'Mislang, Fernando J', 'Aircon Technician', '', 'Service', 'Koppel Inc.', 'Mandaluyong', 'user', '2026-01-19 06:21:18', '2022-01-01', '2025-12-01 09:43:49', '', 0, NULL, NULL),
(258, 'PUM022717', 'Panagsagan, Medel U', 'Aircon Technician', '', 'Service', 'Koppel Inc.', 'Mandaluyong', 'user', '2017-02-26 16:00:00', NULL, '2025-12-01 09:43:49', '', 1, NULL, NULL),
(259, 'BPK060117', 'Benjamin, Kathleen Grace P', 'Parts Analyst', '', 'Service', 'Koppel Inc.', 'Iloilo', 'user', '2017-05-31 16:00:00', NULL, '2025-12-01 09:43:49', '', 1, NULL, NULL),
(260, 'PEJ110617', 'Permaran, Rafael James E', 'Technical Engineer', '', 'Service', 'Koppel Inc.', 'Mandaluyong', 'user', '2026-01-19 06:21:18', '2021-03-05', '2025-12-01 09:43:49', '', 0, NULL, NULL),
(261, 'CMO010818', 'Capundag, Oliver M', 'Aircon Technician', '', 'Service', 'Koppel Inc.', 'Cebu', 'user', '2018-01-07 16:00:00', NULL, '2025-12-01 09:43:49', '', 1, NULL, NULL),
(262, 'VCR010818', 'Velasquez, Raul C', 'Aircon Technician', '', 'Service', 'Koppel Inc.', 'Cebu', 'user', '2018-01-07 16:00:00', NULL, '2025-12-01 09:43:49', '', 1, NULL, NULL),
(263, 'LCR070218', 'Luga, Ric Kevien Jay C', 'Service Engineer', '', 'Service', 'Koppel Inc.', 'Mandaluyong', 'user', '2026-01-19 06:21:18', '2020-12-29', '2025-12-01 09:43:49', '', 0, NULL, NULL),
(264, 'TTJ120418', 'Tabulinar, Jello T', 'Service Engineer', '', 'Service', 'Koppel Inc.', 'Iloilo', 'user', '2018-12-03 16:00:00', NULL, '2025-12-01 09:43:49', '', 1, NULL, NULL),
(265, 'PJM010719', 'Picson, Maria Nicole J', 'Cs Supervisor', '', 'Service', 'Koppel Inc.', 'Mandaluyong', 'user', '2026-01-19 06:21:18', '2023-06-25', '2025-12-01 09:43:49', '', 0, NULL, NULL),
(266, 'CON021119', 'Cruz, John Nikko O', 'Service Engineer', '', 'Service', 'Koppel Inc.', 'Mandaluyong', 'user', '2026-01-19 06:21:18', '2021-03-12', '2025-12-01 09:43:49', '', 0, NULL, NULL),
(267, 'MVJ031219', 'Moloboco, Jeremiah V', 'Service Engineer', '', 'Service', 'Koppel Inc.', 'Mandaluyong', 'user', '2026-01-19 06:21:18', '2021-10-22', '2025-12-01 09:43:49', '', 0, NULL, NULL),
(268, 'MAR032719', 'Magpatoc, Regie A', 'Aircon Technician', '', 'Service', 'Koppel Inc.', 'Cdo', 'user', '2026-01-19 06:21:18', '2021-04-23', '2025-12-01 09:43:49', '', 0, NULL, NULL),
(269, 'QTA050219', 'Quitco, Augusto T', 'Service Director', '', 'Service', 'Koppel Inc.', 'Mandaluyong', 'user', '2019-05-01 16:00:00', NULL, '2025-12-01 09:43:49', '', 1, NULL, NULL),
(270, 'TAJ052819', 'Timog, Jasper A', 'Technical Engineer', '', 'Service', 'Koppel Inc.', 'Mandaluyong', 'user', '2026-01-19 06:21:18', '2021-03-05', '2025-12-01 09:43:49', '', 0, NULL, NULL),
(271, 'GPA071519', 'Gallor, Warlito P', 'Service Engineer', '', 'Service', 'Koppel Inc.', 'Davao', 'user', '2026-01-19 06:21:18', '2021-08-06', '2025-12-01 09:43:49', '', 0, NULL, NULL),
(272, 'PGN071519', 'Patindol, Ronnie G', 'Aircon Technician', '', 'Service', 'Koppel Inc.', 'Davao', 'user', '2026-01-19 06:21:18', '2022-03-31', '2025-12-01 09:43:49', '', 0, NULL, NULL),
(273, 'TDR072319', 'Tocson, Remilyn D', 'Parts Analyst', '', 'Service', 'Koppel Inc.', 'Mandaluyong', 'user', '2026-01-19 06:21:18', '2021-05-28', '2025-12-01 09:43:49', '', 0, NULL, NULL),
(274, 'BNR082719', 'Bual, Richard N', 'Aircon Technician', '', 'Service', 'Koppel Inc.', 'Davao', 'user', '2026-01-19 06:21:18', '2023-09-30', '2025-12-01 09:43:49', '', 0, NULL, NULL),
(275, 'YBJ082819', 'Yasto, Jason Martin B', 'Service Engineer', '', 'Service', 'Koppel Inc.', 'Mandaluyong', 'user', '2026-01-19 06:21:18', '2021-03-07', '2025-12-01 09:43:49', '', 0, NULL, NULL),
(277, 'CPJ092319', 'Cali, Jonalyn P', 'Parts Analyst', '', 'Service', 'Koppel Inc.', 'Mandaluyong', 'user', '2026-03-24 07:52:19', '2021-12-16', '2025-12-01 09:43:49', '', 1, NULL, NULL),
(278, 'LRB101119', 'Llaneta, Bernard R', 'Parts Analyst', '', 'Service', 'Koppel Inc.', 'Mandaluyong', 'user', '2026-01-19 06:21:18', '2024-06-21', '2025-12-01 09:43:49', '', 0, NULL, NULL),
(279, 'SSF111119', 'Sobrepeña, Ferden S', 'Service Engineer', '', 'Service', 'Koppel Inc.', 'Davao', 'user', '2026-01-19 06:21:18', '2021-03-31', '2025-12-01 09:43:49', '', 0, NULL, NULL),
(280, 'ADP031620', 'Aquino, Paulo Delfin D', 'Service Engineer', '', 'Service', 'Koppel Inc.', 'Cebu', 'user', '2026-01-19 06:21:18', '2022-04-21', '2025-12-01 09:43:49', '', 0, NULL, NULL),
(281, 'AMM061620', 'Allecer, Sarah Mae M', 'Parts Analyst', '', 'Service', 'Koppel Inc.', 'Cdo', 'user', '2020-06-15 16:00:00', NULL, '2025-12-01 09:43:49', '', 1, NULL, NULL),
(282, 'EEE041921', 'Ebaldone, Deo E', 'Aircon Technician', '', 'Service', 'Koppel Inc.', 'Iloilo', 'user', '2021-04-18 16:00:00', NULL, '2025-12-01 09:43:49', '', 1, NULL, NULL),
(283, 'DQH050421', 'Del Mundo, Harold Q', 'Service Engineer', '', 'Service', 'Koppel Inc.', 'Mandaluyong', 'user', '2026-01-19 06:21:18', '2023-03-17', '2025-12-01 09:43:49', '', 0, NULL, NULL),
(284, 'RCJ050421', 'Realisan, Jabel Emerson C', 'Qa/Qc Service Engineer', '', 'Service', 'Koppel Inc.', 'Mandaluyong', 'user', '2026-01-19 06:21:18', '2021-11-03', '2025-12-01 09:43:49', '', 0, NULL, NULL),
(285, 'SMJ050421', 'Soriano, Jerome M', 'Service Engineer', '', 'Service', 'Koppel Inc.', 'Mandaluyong', 'user', '2026-01-19 06:21:18', '2022-05-04', '2025-12-01 09:43:49', '', 0, NULL, NULL),
(286, 'AIR051121', 'Aguila, Rayster I', 'Technical Engineer', '', 'Service', 'Koppel Inc.', 'Mandaluyong', 'user', '2026-01-19 06:21:18', '2023-03-21', '2025-12-01 09:43:49', '', 0, NULL, NULL),
(287, 'ODA051121', 'Opeña, Bernon Allen D', 'Technical Engineer', '', 'Service', 'Koppel Inc.', 'Mandaluyong', 'user', '2026-01-19 06:21:18', '2022-12-02', '2025-12-01 09:43:49', '', 0, NULL, NULL),
(288, 'CLE052621', 'Cagatin, Edmar Dave L', 'Service Engineer', '', 'Service', 'Koppel Inc.', 'Cdo', 'user', '2026-01-19 06:21:18', '2021-08-05', '2025-12-01 09:43:49', '', 0, NULL, NULL),
(289, 'BBC060121', 'BaldoVino, Carl Luis B', 'Service Engineer', '', 'Service', 'Koppel Inc.', 'Mandaluyong', 'user', '2026-01-19 06:21:18', '2022-03-11', '2025-12-01 09:43:49', '', 0, NULL, NULL),
(290, 'CAR071221', 'Caniban, Reyman A', 'Parts Analyst', '', 'Service', 'Koppel Inc.', 'Davao', 'user', '2026-01-19 06:21:18', '2021-09-17', '2025-12-01 09:43:49', '', 0, NULL, NULL),
(291, 'TSE071221', 'Tiongson, Elmar S', 'Parts Analyst', '', 'Service', 'Koppel Inc.', 'Mandaluyong', 'user', '2026-01-19 06:21:18', '2022-11-11', '2025-12-01 09:43:49', '', 0, NULL, NULL),
(292, 'BBJ091521', 'Bacaron, Jayvee B', 'Service Engineer', '', 'Service', 'Koppel Inc.', 'Davao', 'user', '2026-01-19 06:21:18', '2021-12-15', '2025-12-01 09:43:49', '', 0, NULL, NULL),
(293, 'KAJ102521', 'Kinakin, Jhon Lester A', 'Service Engineer', '', 'Service', 'Koppel Inc.', 'Cdo', 'user', '2026-01-19 06:21:18', '2022-03-07', '2025-12-01 09:43:49', '', 0, NULL, NULL),
(294, 'IGN102621', 'Inojales, Nephi Jether G', 'Parts Analyst', '', 'Service', 'Koppel Inc.', 'Davao', 'user', '2026-01-19 06:21:18', '2023-07-10', '2025-12-01 09:43:49', '', 0, NULL, NULL),
(295, 'HPJ010322', 'Hequibal, Ryan Jerameel P', 'Qa/Qc Engineer', '', 'Service', 'Koppel Inc.', 'Mandaluyong', 'user', '2026-01-19 06:21:18', '2024-01-15', '2025-12-01 09:43:49', '', 0, NULL, NULL),
(296, 'PDR010322', 'Petilo, Raymart D', 'Service Engineer', '', 'Service', 'Koppel Inc.', 'Mandaluyong', 'user', '2026-01-19 06:21:18', '2023-05-26', '2025-12-01 09:43:49', '', 0, NULL, NULL),
(297, 'SEJ010322', 'Sapungan, John Carlo E', 'Qa/Qc Engineer', '', 'Service', 'Koppel Inc.', 'Mandaluyong', 'user', '2026-01-19 06:21:18', '2023-10-31', '2025-12-01 09:43:49', '', 0, NULL, NULL),
(298, 'BGL022822', 'Bajao, Lebrando G', 'Aircon Technician', '', 'Service', 'Koppel Inc.', 'Cdo', 'user', '2026-01-19 06:21:18', '2024-01-15', '2025-12-01 09:43:49', '', 0, NULL, NULL),
(299, 'BCJ051222', 'Buccat, John Carl B', 'Service Manager', '', 'Service', 'Koppel Inc.', 'Mandaluyong', 'user', '2026-01-19 06:21:18', '2023-01-23', '2025-12-01 09:43:49', '', 0, NULL, NULL),
(300, 'MRJ053022', 'Relacion, John Paul M', 'Service Engineer', '', 'Service', 'Koppel Inc.', 'Cdo', 'user', '2026-01-19 06:21:18', '2024-05-17', '2025-12-01 09:43:49', '', 0, NULL, NULL),
(301, 'SCA062722', 'Sagay, Arjay C', 'Service Engineer', '', 'Service', 'Koppel Inc.', 'Mandaluyong', 'user', '2026-01-19 06:21:18', '2022-08-15', '2025-12-01 09:43:49', '', 0, NULL, NULL),
(302, 'TLJ062722', 'Tejada, Jan Marlou L', 'Service Engineer', '', 'Service', 'Koppel Inc.', 'Mandaluyong', 'user', '2026-01-19 06:21:18', '2022-09-01', '2025-12-01 09:43:49', '', 0, NULL, NULL),
(303, 'UGE070422', 'Untalan, Ericson G', 'Parts Analyst', 'vrf-invparts@koppel.ph', 'Service', 'Koppel Inc.', 'Mandaluyong', 'user', '2022-07-03 16:00:00', NULL, '2025-12-01 09:43:49', '', 1, NULL, NULL),
(304, 'FTL091222', 'Flores, Lester T', 'Service Engineer', '', 'Service', 'Koppel Inc.', 'Mandaluyong', 'user', '2026-01-19 06:21:18', 'AWOL', '2025-12-01 09:43:49', '', 0, NULL, NULL),
(305, 'CHJ121222', 'Canela, Jeremy H', 'Technical Engineer', '', 'Service', 'Koppel Inc.', 'Mandaluyong', 'user', '2026-01-19 06:21:18', '2024-04-19', '2025-12-01 09:43:49', '', 0, NULL, NULL),
(306, 'LCF013023', 'Labian, Coleen Faye C', 'Parts Analyst', '', 'Service', 'Koppel Inc.', 'Mandaluyong', 'user', '2023-01-29 16:00:00', NULL, '2025-12-01 09:43:49', '', 1, NULL, NULL),
(307, 'RVM022023', 'Rocero, Mc Aldrine V', 'Parts Sales Staff', '', 'Service', 'Koppel Inc.', 'Mandaluyong', 'user', '2023-02-19 16:00:00', NULL, '2025-12-01 09:43:49', '', 1, NULL, NULL),
(308, 'BTZ022123', 'Bustamante, Adrian Zedrick T', 'Service Engineer', '', 'Service', 'Koppel Inc.', 'Mandaluyong', 'user', '2023-02-20 16:00:00', NULL, '2025-12-01 09:43:49', '', 1, NULL, NULL),
(309, 'DGJ030923', 'De Roxas, Joffrey G', 'Service Engineer', '', 'Service', 'Koppel Inc.', 'Mandaluyong', 'user', '2026-01-19 06:21:18', '2024-04-30', '2025-12-01 09:43:49', '', 0, NULL, NULL),
(310, 'BDE032023', 'Buena, Earl Joshua D', 'Service Engineer', '', 'Service', 'Koppel Inc.', 'Mandaluyong', 'user', '2023-03-19 16:00:00', NULL, '2025-12-01 09:43:49', '', 1, NULL, NULL),
(311, 'DLI040423', 'Dionela, Ivan L', 'Service Engineer', '', 'Service', 'Koppel Inc.', 'Mandaluyong', 'user', '2023-04-03 16:00:00', NULL, '2025-12-01 09:43:49', '', 1, NULL, NULL),
(313, 'CUJ042423', 'Calayag, Jeanelle U', 'Qa/Qc Engineer', '', 'Service', 'Koppel Inc.', 'Mandaluyong', 'user', '2026-01-19 06:21:18', '2024-06-21', '2025-12-01 09:43:49', '', 0, NULL, NULL),
(314, 'NLR080723', 'Naypa, Randie L', 'Service Technician', '', 'Service', 'Koppel Inc.', 'Davao', 'user', '2023-08-06 16:00:00', NULL, '2025-12-01 09:43:49', '', 1, NULL, NULL),
(315, 'LLK091223', 'Lumiares, Kerith Ravine L', 'Service Engineer', '', 'Service', 'Koppel Inc.', 'Davao', 'user', '2026-01-19 06:21:18', '2024-01-31', '2025-12-01 09:43:49', '', 0, NULL, NULL),
(316, 'ACE100223', 'Arbitrario, Elma C', 'Cs Supervisor', '', 'Service', 'Koppel Inc.', 'Mandaluyong', 'user', '2026-01-19 06:21:18', '2023-10-03', '2025-12-01 09:43:49', '', 0, NULL, NULL),
(317, 'BCA111423', 'Bendal, Angelo C', 'Service Engineer', '', 'Service', 'Koppel Inc.', 'Mandaluyong', 'user', '2023-11-13 16:00:00', NULL, '2025-12-01 09:43:49', '', 1, NULL, NULL),
(318, 'DCA111423', 'Domingo, Alvin C', 'Cs Supervisor', '', 'Service', 'Koppel Inc.', 'Mandaluyong', 'user', '2023-11-13 16:00:00', NULL, '2025-12-01 09:43:49', '', 1, NULL, NULL),
(319, 'LMJ030424', 'Ladion, John Roy M', 'Aircon Technician', '', 'Service', 'Koppel Inc.', 'Cdo', 'user', '2024-03-03 16:00:00', NULL, '2025-12-01 09:43:49', '', 1, NULL, NULL),
(321, 'MBA040124', 'Malubay, Annika Cassandra B', 'Service Engineer', '', 'Service', 'Koppel Inc.', 'Mandaluyong', 'user', '2026-02-01 04:14:13', NULL, '2025-12-01 09:43:49', '$2y$10$SneMyhkfjbozZM50qXz/O.ZbFJksKyURvizs5mkLm6/NJPLf/RSra', 1, NULL, NULL),
(322, 'DRM042524', 'Delos Reyes, Mae Lendl M', 'Technical Engineer', '', 'Service', 'Koppel Inc.', 'Mandaluyong', 'user', '2024-04-24 16:00:00', NULL, '2025-12-01 09:43:49', '', 1, NULL, NULL),
(323, 'MHH042524', 'Mag-Abo, Marlowe H', 'Service Engineer', '', 'Service', 'Koppel Inc.', 'Cdo', 'user', '2024-04-24 16:00:00', NULL, '2025-12-01 09:43:49', '', 1, NULL, NULL),
(350, 'AGJ092319', 'Andrion, John Ray G', 'Service Engineer', '', 'Service', 'Koppel Inc.', 'Mandaluyong', 'user', '2026-01-19 06:21:18', '2022-02-18', '2025-12-01 09:43:50', '', 0, NULL, NULL),
(386, 'BMN041123', 'Buenaventura, Ninn M', 'Qa/Qc Engineer', '', 'Service', 'Koppel Inc.', 'Mandaluyong', 'user', '2023-04-10 16:00:00', NULL, '2025-12-01 09:43:50', '', 1, NULL, NULL),
(401, 'DZJ051925', 'Zedrick Vincent J. Del Rosario', 'Service Engineer - South', '', 'Service', 'Koppel Inc.', 'Mandaluyong', 'user', '2026-03-21 06:51:58', NULL, '2025-12-03 03:39:38', NULL, 0, NULL, NULL);
INSERT INTO `user_tb` (`user_id`, `emp_id`, `fullname`, `position`, `email`, `department`, `company`, `area`, `user_type`, `date_hired`, `date_resigned`, `created_at`, `password`, `is_active`, `reset_token`, `reset_token_expiry`) VALUES
(402, 'DRS022607', 'Rodolfo S. Duldulao Sr.', 'Service Operation Supervisor', 'rduldulao@koppel.ph', 'Service', 'Koppel Inc.', 'Mandaluyong', 'user', '2026-01-16 08:48:29', NULL, '2025-12-03 03:55:27', NULL, 1, NULL, NULL),
(405, '-', 'Renz Emelson Ang', 'Design and Estimate Engineer', '', 'VRF', 'Koppel Inc.', 'Mandaluyong', 'user', '2026-02-20 08:01:56', NULL, '2025-12-03 07:15:58', NULL, 1, NULL, NULL),
(407, '-', 'Arleli', 'VRF Sales', '', 'VRF', 'Koppel Inc.', 'Mandaluyong', 'user', '2026-02-20 08:01:56', NULL, '2025-12-03 07:20:09', NULL, 1, NULL, NULL),
(409, '-', 'Weng Vergara', 'Senior Sales Admin', '', 'Sales', 'Koppel Inc.', 'Mandaluyong', 'user', '2026-02-20 08:01:56', NULL, '2025-12-03 07:21:30', NULL, 1, NULL, NULL),
(410, '-', 'Joseph Unday', 'Sales Admin', '', 'Sales', 'Koppel Inc.', 'Mandaluyong', 'user', '2026-02-20 08:01:56', NULL, '2025-12-03 07:21:46', NULL, 1, NULL, NULL),
(411, '-', 'Rodhalia', 'Sales Admin', 'salesmla2@koppel.ph', 'Sales', 'Koppel Inc.', 'Mandaluyong', 'user', '2026-03-12 07:12:53', NULL, '2025-12-03 07:22:16', '$2y$10$FHcesBd3UkhLceo5Ab6KIOmI7dUC9oC81wD07OVm.LeClY/6olr7W', 1, NULL, NULL),
(413, '-', 'Katrina Montes', 'HR Assistant', '', 'HR', 'Koppel Inc.', 'Mandaluyong', 'user', '2026-02-20 08:01:56', NULL, '2025-12-03 07:23:26', NULL, 1, NULL, NULL),
(415, '-', 'Sol ', 'HR Assistant', '', 'HR', 'Koppel Inc.', 'Mandaluyong', 'user', '2026-02-20 08:01:56', NULL, '2025-12-03 07:23:42', NULL, 1, NULL, NULL),
(417, '-', 'Oscar', 'CNC Staff', '', 'Credit and Collection', 'Koppel Inc.', 'Mandaluyong', 'user', '2026-02-20 08:01:56', NULL, '2025-12-03 07:26:32', NULL, 1, NULL, NULL),
(418, '-', 'Marriane', 'Accounting', '', 'Accounting', 'Koppel Inc.', 'Mandaluyong', 'user', '2026-02-20 08:01:56', NULL, '2025-12-03 07:27:08', NULL, 1, NULL, NULL),
(419, '-', 'Cheng Javier', 'Accounting', '', 'Accounting', 'HIMC', 'Mandaluyong', 'user', '2026-02-20 08:01:56', NULL, '2025-12-03 07:27:27', NULL, 1, NULL, NULL),
(420, '-', 'Belle Disamburun', 'Purchasing Assistant', '', 'Purchasing', 'Koppel Inc.', 'Mandaluyong', 'user', '2026-02-20 08:01:56', NULL, '2025-12-03 07:27:57', NULL, 1, NULL, NULL),
(422, '-', 'Ronnie Amante', 'Senior Purchasing Supervisor', '', 'Purchasing ', 'Koppel Inc.', 'Mandaluyong', 'user', '2026-02-20 08:01:56', NULL, '2025-12-03 07:28:38', NULL, 1, NULL, NULL),
(426, '-', 'Hector Columbino', ' Accounting Supervisor', 'acctgsprv@koppel.ph', 'Accounting', 'Koppel Inc.', 'Mandaluyong', 'user', '2026-02-27 07:21:43', NULL, '2025-12-03 07:31:47', '$2y$10$XXX54IF0T9RqgVMHaEmjy.vrLKLTcEXfcYasEfud023/cZe9uScou', 1, NULL, NULL),
(428, '-', 'Ruel', 'Accounting', '', 'Accounting', 'Koppel Inc.', 'Mandaluyong', 'user', '2026-02-20 08:01:56', NULL, '2025-12-03 07:32:02', NULL, 1, NULL, NULL),
(430, '-', 'Technical Engineer', 'Technical Engineer', '', 'Service', 'Koppel Inc.', 'Mandaluyong', 'user', '2026-02-20 08:01:56', NULL, '2025-12-03 08:18:16', NULL, 1, NULL, NULL),
(431, '-', 'Technical Engineer 2', 'Technical Engineer', '', 'Service', 'Koppel Inc.', 'Mandaluyong', 'user', '2026-02-20 08:01:56', NULL, '2025-12-04 02:36:24', NULL, 1, NULL, NULL),
(432, 'VLE090108', 'Eduardo Villapando  ', 'Warehouse Supervisor', '', 'Sucat Warehouse', 'Koppel Inc.', 'Sucat ', 'user', '2026-01-31 16:00:00', NULL, '2025-12-11 02:49:34', '$2y$10$anZwG7IQhdkaGx0fgE0V4eYVgZ46ph3MWqbO/PVt9E2HJ6v82wJxe', 1, NULL, NULL),
(433, 'MCP101325', 'Cary Frances Maunahan', 'DCC Staff ', 'N/A', 'QA ', 'Koppel Inc.', 'Canlubang', 'user', '2026-01-16 08:48:29', NULL, '2025-12-12 06:50:41', NULL, 1, NULL, NULL),
(434, '-', 'Reniel Mejia', 'JR. Project Engineer', '', 'A/C Operations', 'HI-AIRE', 'Mandaluyong', 'user', '2026-03-08 04:33:37', NULL, '2025-12-16 03:36:39', NULL, 1, NULL, NULL),
(435, '-', 'Willy Relevo', 'SR. Project Engineer', '', 'A/C Operations', 'HI-AIRE', 'Mandaluyong', 'user', '2026-03-08 04:33:37', NULL, '2025-12-16 03:37:04', NULL, 1, NULL, NULL),
(436, 'RSC011211', 'Sara Rioveros', 'Sales Supervisor', '', 'Sales', 'Koppel Inc.', 'Mandaluyong', 'user', '2026-01-16 08:48:29', NULL, '2025-12-18 04:27:40', NULL, 1, NULL, NULL),
(437, 'PMP050114', 'Manuel Penas', 'Sales Executive', '', 'Sales', 'Koppel Inc.', 'Mandaluyong', 'user', '2026-01-16 08:48:29', NULL, '2025-12-18 04:28:18', NULL, 1, NULL, NULL),
(440, 'EJC100208', 'Joselito Eva', 'Warehouse Supervisor', '', 'Warehouse', 'Koppel Inc.', 'Mandaluyong', 'user', '2008-10-01 16:00:00', NULL, '2026-01-05 05:15:59', NULL, 1, NULL, NULL),
(441, 'AFV052818', 'Felice Marie Araya', 'Sales Admin', '', 'Sales', 'Koppel Inc.', 'Mandaluyong', 'user', '2018-05-27 16:00:00', NULL, '2026-01-05 05:18:02', '$2y$10$tC2CrAEQrjdUOPFgsmxVeOJ1tzMK7X97ZY7bqDAYJG9IhWCShjvGm', 1, NULL, NULL),
(444, 'VEC081325', 'Lenin Villarin', 'IT Assistant', 'it@koppel.ph', 'IT Department', 'Koppel Inc.', 'Mandaluyong', 'admin', '2026-03-25 00:56:32', NULL, '2026-01-16 00:55:20', '$2y$10$yMvmht3sJAgdVr.IuT0PceTaumvBlB..KfjqE1KrsSvh2E34IbO26', 1, NULL, NULL),
(445, 'GER010526', 'Erwin R. Gallardo', 'IT Supervisor', 'itsupervisor@koppel.ph', 'IT Department', 'Koppel Inc.', 'Mandaluyong', 'admin', '2026-03-09 05:18:18', NULL, '2026-01-16 01:00:51', '$2y$10$jtxTbY4fkY.tWKRyGsHADuWNzDlPiQGxVZ9k1lUhjz1HTfHGjgwDS', 1, NULL, NULL),
(446, 'CAH101424', 'Aljon Cardeno', 'IT Staff', 'acardeno@koppel.ph', 'IT Department', 'Koppel Inc.', 'Mandaluyong', 'admin', '2026-03-24 09:22:25', NULL, '2026-01-16 01:06:19', '$2y$10$tPqYuTDRg7890MJdqQS69OwOyI40xhHjiAFygzLCVRIK7yYtiUPOC', 1, NULL, NULL),
(448, 'YKC020413', 'Kimberly Yu', 'IT Manager', 'kyu@koppel.ph', 'IT & Purchasing Department', 'Koppel Inc.', 'Mandaluyong', 'manager', '2026-02-27 09:54:11', NULL, '2026-01-17 20:11:41', '$2y$10$D6pwLf/aO9imfDOY4qvFZ.bC6dPg1/fzv6i0HaudsPuB5r0.sTdPK', 1, NULL, NULL),
(449, '51160', 'Ray Marvin C. Labra', 'Call Taker', '', 'Service', 'Koppel Inc.', 'Mandaluyong', 'user', '2026-01-19 06:07:56', NULL, '2026-01-19 06:07:26', NULL, 1, NULL, NULL),
(450, '-', 'Analiza Cabil', 'Customer Support', '', 'Service', 'Koppel Inc.', 'Mandaluyong', 'user', '2026-02-20 08:01:56', NULL, '2026-01-19 06:08:27', NULL, 1, NULL, NULL),
(451, '-', 'Jessebel', 'Customer Support', '', 'Service', 'Koppel Inc.', 'Mandaluyong', 'user', '2026-02-20 08:01:56', NULL, '2026-01-19 06:09:09', NULL, 1, NULL, NULL),
(452, '-', 'Mel', 'Call Taker', '', 'Service', 'Koppel Inc.', 'Mandaluyong', 'user', '2026-02-20 08:01:56', NULL, '2026-01-19 06:10:14', NULL, 1, NULL, NULL),
(453, '-', 'Jean Rose', 'Assistant Supervisor', '', 'Service', 'Koppel Inc.', 'Mandaluyong', 'user', '2026-03-21 06:45:01', NULL, '2026-01-19 06:12:39', NULL, 0, NULL, NULL),
(454, '-', 'Christopher', 'PDED Design Engineer', '-', 'PDED Design', 'Koppel Inc.', 'Canlubang', 'user', '2026-02-20 08:01:56', NULL, '2026-01-19 23:39:17', NULL, 1, NULL, NULL),
(455, 'BOM070725', 'Owen Bryle M. Baladad', 'Jr. Design & Estimate Engineer', '-', 'A/C Operations', 'HI-AIRE', 'Mandaluyong', 'user', '2026-03-08 04:33:37', NULL, '2026-01-20 07:32:06', NULL, 1, NULL, NULL),
(456, 'BJM102725', 'Juan Miguel Baylon', 'Jr. Design & Estimate Engr.', 'test@koppel.ph', 'A/C Operations', 'HI-AIRE', 'Mandaluyong', 'user', '2026-03-08 04:29:39', NULL, '2026-01-20 08:13:51', '$2y$10$ruAhtlfxgmNskYcBkDdsfe/An7qufB6GTWWG9/gwCxdf6lh.NL8cC', 1, NULL, NULL),
(457, 'PRP102725', 'Rochelle P. Paciola', 'VRF BOM Engineer', 'acardeno@koppel.ph', 'PDED OEM', 'Koppel Inc.', 'Canlubang', 'user', '2026-03-07 16:00:00', NULL, '2026-01-23 00:23:27', '$2y$10$Yy45GCjZeKloy/G6zvAGIu5eQe/Mpl3mv9IzyUIiGhfIWYemM06nO', 1, NULL, NULL),
(458, '-', 'Heycel', 'N/A', '', 'Service', 'Koppel Inc.', 'Mandaluyong', 'user', '2026-02-20 08:01:56', NULL, '2026-01-24 03:06:01', NULL, 1, NULL, NULL),
(459, '-', 'Kia', 'N/A', '', 'Service', 'Koppel Inc.', 'Mandaluyong', 'user', '2026-02-20 08:01:56', NULL, '2026-01-24 03:06:35', NULL, 1, NULL, NULL),
(460, '-', 'Riri', 'N/A', 'northparts@koppel.ph', 'Service', 'Koppel Inc.', 'Mandaluyong', 'user', '2026-02-26 16:00:00', NULL, '2026-01-24 03:06:49', '$2y$10$tO9eJLFEuG11Q2kQgdfx6eRvFO0Bk5CDDW2TeGJ34hrm4jA6wD/eu', 1, NULL, NULL),
(461, '-', 'Roel Saga', 'Branch Sales Manager', '', 'Sales', 'Koppel Inc.', 'CDO', 'user', '2026-02-06 00:04:28', NULL, '2026-02-06 00:04:28', NULL, 1, NULL, NULL),
(462, '-', 'Arnel Matalang', 'Branch Sales Manager', '', 'Sales', 'Koppel Inc.', 'Cebu', 'user', '2026-02-06 00:09:00', NULL, '2026-02-06 00:09:00', NULL, 1, NULL, NULL),
(463, 'PJB120224', 'Justin Rovy B. Padriquel', 'Marketing Assistant', '-', 'Marketing', 'HEEC', 'Mandaluyong', 'user', '2026-03-02 01:11:15', NULL, '2026-02-09 05:59:12', '$2y$10$2eOl/dPARejNvne6UP8C2.xYNbiXozsA.lDqzs9B24F5L/97YTqKS', 1, NULL, NULL),
(464, 'MJL032816', 'Jobert Malonzo', 'Sales Specialist', '-', 'Sales', 'HEEC', 'Mandaluyong', 'user', '2026-03-18 00:39:51', NULL, '2026-02-09 06:10:18', NULL, 0, NULL, NULL),
(465, 'TWE100124', 'William Tating', 'Junior Sales Engr', '-', 'Sales', 'HEEC', 'Mandaluyong', 'user', '2026-03-10 05:43:49', NULL, '2026-02-09 06:14:25', NULL, 0, NULL, NULL),
(466, '-', 'Rey Mark Villa', 'Customer Service', '', 'Service', 'Koppel Inc.', 'CDO', 'user', '2026-02-20 08:01:56', NULL, '2026-02-19 06:56:26', NULL, 1, NULL, NULL),
(467, '-', 'Mildred Penetrante', 'Logistic Supervisor', '', 'Sucat Warehouse', 'Koppel Inc.', 'Sucat', 'user', '2026-02-19 16:00:00', NULL, '2026-02-20 08:12:44', NULL, 1, NULL, NULL),
(468, '-', 'Amor Pacaldo', 'Warehouse Staff', '', 'Sucat Warehouse', 'Koppel Inc.', 'Sucat', 'user', '2026-02-20 08:13:32', NULL, '2026-02-20 08:13:32', NULL, 1, NULL, NULL),
(469, '-', 'Theo', 'Logistic Staff', '', 'Sucat Warehouse', 'Koppel Inc.', 'Sucat', 'user', '2026-02-19 16:00:00', NULL, '2026-02-20 08:13:50', NULL, 1, NULL, NULL),
(470, '-', 'Archie', 'Warehouse Supervisor', '', 'Sucat Warehouse', 'Koppel Inc.', 'Sucat', 'user', '2026-02-19 16:00:00', NULL, '2026-02-20 08:14:47', NULL, 1, NULL, NULL),
(471, '-', 'Nestor', 'Warehouse Leadman', '', 'Sucat Warehouse', 'Koppel Inc.', 'Sucat', 'user', '2026-02-19 16:00:00', NULL, '2026-02-20 08:15:08', NULL, 1, NULL, NULL),
(472, '-', 'Severina', '-', '', 'Accounting', 'Koppel Inc.', 'Canlubang', 'user', '2026-02-19 16:00:00', NULL, '2026-02-20 08:17:07', NULL, 1, NULL, NULL),
(473, '-', 'Mich De Vera', '-', 'invty@koppel.ph', 'Accounting', 'Koppel Inc.', 'Canlubang', 'user', '2026-02-19 16:00:00', NULL, '2026-02-20 08:17:51', NULL, 1, NULL, NULL),
(474, '-', 'Jen', '-', '', 'Accounting', 'Koppel Inc.', 'Canlubang', 'user', '2026-02-19 16:00:00', NULL, '2026-02-20 08:18:07', NULL, 1, NULL, NULL),
(476, '-', 'Jen', '-', '', 'Purchasing ', 'Koppel Inc.', 'Canlubang', 'user', '2026-02-19 16:00:00', NULL, '2026-02-20 08:19:23', NULL, 1, NULL, NULL),
(477, '-', 'Vina Dio', '-', '', 'Purchasing ', 'Koppel Inc.', 'Canlubang', 'user', '2026-02-19 16:00:00', NULL, '2026-02-20 08:19:49', NULL, 1, NULL, NULL),
(478, '-', 'Girlie Nojadera', '-', '', 'PDED Design', 'Koppel Inc.', 'Canlubang', 'user', '2026-02-19 16:00:00', NULL, '2026-02-20 08:21:07', NULL, 1, NULL, NULL),
(480, '-', 'Mike', '-', '', 'PDED Design', 'Koppel Inc.', 'Canlubang', 'user', '2026-02-19 16:00:00', NULL, '2026-02-20 08:22:15', NULL, 1, NULL, NULL),
(481, 'VJC021918', 'Jayson Viray', 'PDED-Supervisor', 'jviray@koppel.ph', 'PDED OEM', 'Koppel Inc.', 'Canlubang', 'user', '2026-03-23 16:00:00', NULL, '2026-02-20 08:24:25', '$2y$10$1QCmVRdWE08NwYtjmPsuDe6cjsPylh20n4roLLFrRL9T8137sVeqO', 1, NULL, NULL),
(482, '-', 'Joey Molavin', '-', '', 'PDED OEM', 'Koppel Inc.', 'Canlubang', 'user', '2026-02-19 16:00:00', NULL, '2026-02-20 08:24:40', NULL, 1, NULL, NULL),
(483, '-', 'Rey', '-', '', 'PDED OEM', 'Koppel Inc.', 'Canlubang', 'user', '2026-02-19 16:00:00', NULL, '2026-02-20 08:24:50', NULL, 1, NULL, NULL),
(484, '1', 'Bedivere Cabahug', '-', 'pdedpartstest@koppel.ph', 'PDED OEM', 'Koppel Inc.', 'Canlubang', 'user', '2026-02-19 16:00:00', NULL, '2026-02-20 08:25:03', NULL, 1, NULL, NULL),
(485, '-', 'Dan', '-', '', 'PDED OEM', 'Koppel Inc.', 'Canlubang', 'user', '2026-02-19 16:00:00', NULL, '2026-02-20 08:25:12', NULL, 1, NULL, NULL),
(486, '-', 'Chad', '-', '', 'PDED OEM', 'Koppel Inc.', 'Canlubang', 'user', '2026-02-19 16:00:00', NULL, '2026-02-20 08:25:21', NULL, 1, NULL, NULL),
(488, '-', 'Lucelle', '-', '', 'PDED OEM', 'Koppel Inc.', 'Canlubang', 'user', '2026-02-19 16:00:00', NULL, '2026-02-20 08:26:00', NULL, 1, NULL, NULL),
(489, '-', 'Jaypee Guerta', '-', '', 'PDED OEM', 'Koppel Inc.', 'Canlubang', 'user', '2026-02-19 16:00:00', NULL, '2026-02-20 08:26:13', NULL, 1, NULL, NULL),
(490, '-', 'Kristin', '-', '', 'PDED OEM', 'Koppel Inc.', 'Canlubang', 'user', '2026-02-19 16:00:00', NULL, '2026-02-20 08:26:24', NULL, 1, NULL, NULL),
(491, '-', 'Lawrence Manaig', '-', '', 'PDED OEM', 'Koppel Inc.', 'Canlubang', 'user', '2026-02-19 16:00:00', NULL, '2026-02-20 08:26:45', NULL, 1, NULL, NULL),
(492, '-', 'Leandro', '-', '', 'PDED OEM', 'Koppel Inc.', 'Canlubang', 'user', '2026-02-19 16:00:00', NULL, '2026-02-20 08:26:58', NULL, 1, NULL, NULL),
(493, '-', 'Erwin Perez', '-', '', 'QA ', 'Koppel Inc.', 'Canlubang', 'user', '2026-02-19 16:00:00', NULL, '2026-02-20 08:27:30', NULL, 1, NULL, NULL),
(494, '-', 'Ulysis', '-', '', 'QA ', 'Koppel Inc.', 'Canlubang', 'user', '2026-02-19 16:00:00', NULL, '2026-02-20 08:27:51', NULL, 1, NULL, NULL),
(495, '-', 'Neil', '-', '', 'PDED OEM', 'Koppel Inc.', 'Canlubang', 'user', '2026-02-19 16:00:00', NULL, '2026-02-20 08:28:25', NULL, 1, NULL, NULL),
(496, '-', 'Rene Cube', '-', 'rcube@koppel.ph', 'PDED OEM', 'Koppel Inc.', 'Canlubang', 'user', '2026-03-10 05:42:39', NULL, '2026-02-20 08:28:48', NULL, 1, NULL, NULL),
(497, '-', 'Neil Sabanal', 'Parts Coordinator', NULL, 'PARTS', 'Koppel Inc.', 'Cebu', 'user', '2026-03-05 09:40:48', NULL, '2026-02-20 08:38:46', NULL, 1, NULL, NULL),
(498, '-', 'Renalyn Albano', 'Customer Service', NULL, 'CS', 'Koppel Inc.', 'Cebu', 'user', '2026-03-05 09:40:48', NULL, '2026-02-20 08:38:46', NULL, 1, NULL, NULL),
(499, '-', 'Devon Abunda', 'Sales Assistant', NULL, 'SALES', 'Koppel Inc.', 'Cebu', 'user', '2026-03-05 09:40:48', NULL, '2026-02-20 08:38:46', NULL, 1, NULL, NULL),
(500, '-', 'Anne Magbanua', 'Accounting Supervisor', NULL, 'ACCOUNTING', 'Koppel Inc.', 'Cebu', 'user', '2026-03-05 09:40:48', NULL, '2026-02-20 08:38:46', NULL, 1, NULL, NULL),
(501, '-', 'Marites Jacot', 'Accounting Assistant', NULL, 'ACCOUNTING', 'Koppel Inc.', 'Cebu', 'user', '2026-03-05 09:40:48', NULL, '2026-02-20 08:38:46', NULL, 1, NULL, NULL),
(502, '-', 'Janvyn Belleza', 'Warehouse Staff', NULL, 'Warehouse', 'Koppel Inc.', 'Cebu', 'user', '2026-03-05 09:40:48', NULL, '2026-02-20 08:38:46', NULL, 1, NULL, NULL),
(503, '-', 'Leo Eric Ranido', 'Regional Sales Manager', NULL, 'SALES', 'Koppel Inc.', 'Cebu', 'user', '2026-03-05 09:40:48', NULL, '2026-02-20 08:38:46', NULL, 1, NULL, NULL),
(504, '-', 'Nestor Briones', 'Sr. Sales Engineer', NULL, 'SALES', 'Koppel Inc.', 'Cebu', 'user', '2026-03-05 09:40:48', NULL, '2026-02-20 08:38:46', NULL, 1, NULL, NULL),
(505, '-', 'Phil Am Pono', 'Sales Executive', NULL, 'SALES', 'Koppel Inc.', 'Cebu', 'user', '2026-03-05 09:40:48', NULL, '2026-02-20 08:38:46', NULL, 1, NULL, NULL),
(506, '-', 'Herson Alson', 'Assistant Sales Manager', NULL, 'SALES', 'Koppel Inc.', 'Cebu', 'user', '2026-03-05 09:40:48', NULL, '2026-02-20 08:38:46', NULL, 1, NULL, NULL),
(507, '-', 'Denisse Camelotes', 'Sales Engineer', NULL, 'SALES', 'Koppel Inc.', 'Davao', 'user', '2026-03-05 09:40:48', NULL, '2026-02-20 08:42:23', NULL, 1, NULL, NULL),
(508, '-', 'Angel Grace Guardaquivel', 'Sales Admin', NULL, 'SALES', 'Koppel Inc.', 'Davao', 'user', '2026-03-05 09:40:48', NULL, '2026-02-20 08:42:23', NULL, 1, NULL, NULL),
(509, '-', 'Christian Delos Reyes', 'Trade Marketing Assistant', NULL, 'MARKETING', 'Koppel Inc.', 'Davao', 'user', '2026-03-05 09:40:48', NULL, '2026-02-20 08:42:23', NULL, 1, NULL, NULL),
(510, '-', 'Clodelyn Soledad', 'Accounting Supervisor', NULL, 'ACCOUNTING', 'Koppel Inc.', 'Davao', 'user', '2026-03-05 09:40:48', NULL, '2026-02-20 08:42:23', NULL, 1, NULL, NULL),
(511, '-', 'Meshiel Josol', 'Accounting Staff', NULL, 'ACCOUNTING', 'Koppel Inc.', 'Davao', 'user', '2026-03-05 09:40:48', NULL, '2026-02-20 08:42:23', NULL, 1, NULL, NULL),
(512, '-', 'Lou Joseph Benzal', 'Logistics Staff', NULL, 'LOGISTIC', 'Koppel Inc.', 'Davao', 'user', '2026-03-05 09:40:48', NULL, '2026-02-20 08:42:23', NULL, 1, NULL, NULL),
(513, '-', 'Rodmark Lelis', 'Service Engineer', NULL, 'SERVICE', 'Koppel Inc.', 'Davao', 'user', '2026-03-05 09:40:48', NULL, '2026-02-20 08:42:23', NULL, 1, NULL, NULL),
(514, '-', 'Trisha Joy Lambino', 'Parts Analyst', NULL, 'PARTS', 'Koppel Inc.', 'Davao', 'user', '2026-03-05 09:40:48', NULL, '2026-02-20 08:42:23', NULL, 1, NULL, NULL),
(515, '-', 'Mary Rose Visto', 'Customer Service', NULL, 'CS', 'Koppel Inc.', 'Davao', 'user', '2026-03-05 09:40:48', NULL, '2026-02-20 08:42:23', NULL, 1, NULL, NULL),
(516, '-', 'Ryan Dave Parsaso', 'Customer Service', NULL, 'CS', 'Koppel Inc.', 'Davao', 'user', '2026-03-05 09:40:48', NULL, '2026-02-20 08:42:23', NULL, 1, NULL, NULL),
(517, '-', 'Nerel Bongabong', 'Warehouse Staff', NULL, 'WH', 'Koppel Inc.', 'Davao', 'user', '2026-03-05 09:40:48', NULL, '2026-02-20 08:42:23', NULL, 1, NULL, NULL),
(518, '-', 'Bryan Irvin Babao', 'Asst. Regional Sales Manager', NULL, 'SALES', 'Koppel Inc.', 'Davao', 'user', '2026-03-05 09:40:48', NULL, '2026-02-20 08:42:23', NULL, 1, NULL, NULL),
(520, '-', 'Jeffrey John Ebreo', 'Regional Sales Manager', NULL, 'SALES', 'Koppel Inc.', 'Davao', 'user', '2026-03-05 09:40:48', NULL, '2026-02-20 08:42:23', NULL, 1, NULL, NULL),
(521, '-', 'Angel Mae Cambusa', 'Sales Executive', NULL, 'SALES', 'Koppel Inc.', 'Iloilo', 'user', '2026-03-05 09:40:48', NULL, '2026-02-20 08:50:08', NULL, 1, NULL, NULL),
(522, '-', 'Diane Sullivan', 'Sales Executive', '', 'SALES', 'Koppel Inc.', 'Iloilo', 'user', '2026-02-19 16:00:00', NULL, '2026-02-20 08:50:08', NULL, 1, NULL, NULL),
(523, '-', 'Dayna Erpelua', 'Sales Assistant', NULL, 'SALES', 'Koppel Inc.', 'Iloilo', 'user', '2026-03-05 09:40:48', NULL, '2026-02-20 08:50:08', NULL, 1, NULL, NULL),
(524, '-', 'April Joy Iguales', 'Accounting', NULL, 'ACCOUNTING', 'Koppel Inc.', 'Iloilo', 'user', '2026-03-05 09:40:48', NULL, '2026-02-20 08:50:08', NULL, 1, NULL, NULL),
(525, '-', 'Nerry Jan Labatorio', 'Warehouse Staff', NULL, 'LOGISTIC', 'Koppel Inc.', 'Iloilo', 'user', '2026-03-05 09:40:48', NULL, '2026-02-20 08:50:08', NULL, 1, NULL, NULL),
(526, '-', 'Arianne Joy Gesulgon', 'Customer Support', NULL, 'SERVICE', 'Koppel Inc.', 'Iloilo', 'user', '2026-03-05 09:37:09', NULL, '2026-02-20 08:50:08', NULL, 1, NULL, NULL),
(527, '-', 'Charlene Lucagbo', 'Warehouse Staff', NULL, 'WH', 'Koppel Inc.', 'CDO', 'user', '2026-03-05 09:37:14', NULL, '2026-02-20 08:55:08', NULL, 1, NULL, NULL),
(528, '-', 'Sarah Mae Allecer', 'Parts Coordinator', NULL, 'PARTS', 'Koppel Inc.', 'CDO', 'user', '2026-03-08 23:39:22', NULL, '2026-02-20 08:55:08', NULL, 1, NULL, NULL),
(530, '-', 'Oscar Ramos', '-', '', 'Production', 'Koppel Inc.', 'Canlubang', 'user', '2026-03-09 03:54:03', NULL, '2026-02-25 00:11:33', NULL, 1, NULL, NULL),
(531, 'SJV030110', 'John Sumalpong', 'Assistant Manager', 'jsumalpong', 'Sales', 'Koppel Inc.', 'Mandaluyong', 'user', '2026-03-03 00:39:45', NULL, '2026-03-03 00:10:22', NULL, 1, NULL, NULL),
(532, '-', 'Roxanne Cahilig', '--', '', 'Sales', 'Koppel Inc.', 'Mandaluyong', 'user', '2026-03-02 16:00:00', NULL, '2026-03-03 00:20:55', NULL, 1, NULL, NULL),
(534, '-', 'Kyle Gabriel T. Gelladuga', 'Sales Engineer', '', 'Sales', 'HEEC', 'Mandaluyong', 'user', '2026-03-09 00:49:01', NULL, '2026-03-09 00:49:01', NULL, 1, NULL, NULL),
(537, '-', 'Arvin Anthony Genil', '-', '', '-', 'Koppel Inc.', 'Filinvest', 'user', '2026-03-08 16:00:00', NULL, '2026-03-09 09:44:40', NULL, 1, NULL, NULL),
(538, '-', 'Jan Malmsteen Pineda', '-', '', '-', 'Koppel Inc.', 'Capitol Commons', 'user', '2026-03-08 16:00:00', NULL, '2026-03-09 09:45:03', NULL, 1, NULL, NULL),
(539, '-', 'Jaypee Atanoso', '-', '', '-', 'Koppel Inc.', 'Trinoma M2', 'user', '2026-03-08 16:00:00', NULL, '2026-03-09 09:46:05', NULL, 1, NULL, NULL),
(540, '-', 'Michael Raagas', '-', '', '-', 'Koppel Inc.', 'Ortigas', 'user', '2026-03-08 16:00:00', NULL, '2026-03-09 09:46:36', NULL, 1, NULL, NULL),
(541, '-', 'Bryan Borres', '-', '', '-', 'Koppel Inc.', 'Alabang Town Center', 'user', '2026-03-08 16:00:00', NULL, '2026-03-09 09:46:58', NULL, 1, NULL, NULL),
(542, '-', 'Eduardo Tomas Jr.', '-', '', '-', 'Koppel Inc.', 'Landmark Trinoma M3', 'user', '2026-03-08 16:00:00', NULL, '2026-03-09 09:47:22', NULL, 1, NULL, NULL),
(543, '-', 'John Patrick Abanilla', '-', '', '-', 'Koppel Inc.', 'BGC', 'user', '2026-03-08 16:00:00', NULL, '2026-03-09 09:48:23', NULL, 1, NULL, NULL),
(544, '-', 'Jimmy Espena', '-', '', '-', 'Koppel Inc.', 'Pasong Tamo', 'user', '2026-03-08 16:00:00', NULL, '2026-03-09 09:48:45', NULL, 1, NULL, NULL),
(545, '-', 'Delmark Anthony Mirabueno', '-', '', '-', 'Koppel Inc.', 'Landmark Makati', 'user', '2026-03-08 16:00:00', NULL, '2026-03-09 09:49:22', NULL, 1, NULL, NULL),
(546, '-', 'Vergel Pacua', '-', '', '-', 'Koppel Inc.', 'Landmark Trinoma M5', 'user', '2026-03-08 16:00:00', NULL, '2026-03-09 09:50:03', NULL, 1, NULL, NULL),
(547, '-', 'John Emmanual Bernal', '-', '', '-', 'Koppel Inc.', 'Salazar', 'user', '2026-03-08 16:00:00', NULL, '2026-03-09 09:50:50', NULL, 1, NULL, NULL),
(551, '-', 'Allan Paul A. Lagasca', 'Sales Admin', 'salestarlac@koppel.ph', 'Sales ', 'Koppel Inc.', 'Tarlac', 'user', '2026-03-20 15:05:48', NULL, '2026-03-10 07:22:15', '$2y$10$yBviSTZQR4stud5TenxENOHsfebYEcrYLaOXhLo20n70vu/gNpQvm', 1, NULL, NULL),
(552, '-', 'Lawrenz Rosario', 'Warehouse Staff', 'whsetarlac@koppel.ph', 'Warehouse', 'Koppel Inc.', 'Tarlac', 'user', '2026-03-20 15:05:44', NULL, '2026-03-10 07:22:59', NULL, 1, NULL, NULL),
(553, '-', 'Mikko', '-', '-', '-', 'HI-AIRE', 'Mandaluyong', 'user', '2026-03-20 15:05:20', NULL, '2026-03-18 00:30:31', NULL, 1, NULL, NULL),
(554, '-', 'CJ Romero', '-', '-', '-', 'HI-AIRE', 'Mandaluyong', 'user', '2026-03-20 15:05:16', NULL, '2026-03-18 00:31:00', NULL, 1, NULL, NULL),
(555, '-', 'Juvelino Pingol', '-', '-', '-', 'HI-AIRE', 'Mandaluyong', 'user', '2026-03-20 15:05:14', NULL, '2026-03-18 00:31:36', NULL, 1, NULL, NULL),
(556, '-', 'Khrea Lampong', '-', '-', '-', 'HI-AIRE', 'Mandaluyong', 'user', '2026-03-20 15:05:12', NULL, '2026-03-18 00:31:53', NULL, 1, NULL, NULL),
(557, '-', 'Ronell Magdalaga', '-', '-', '-', 'HI-AIRE', 'Mandaluyong', 'user', '2026-03-20 15:05:09', NULL, '2026-03-18 00:32:57', NULL, 1, NULL, NULL),
(558, '-', 'Reynald Gapido', '-', '-', '-', 'HI-AIRE', 'Mandaluyong', 'user', '2026-03-20 15:05:07', NULL, '2026-03-18 00:33:40', NULL, 1, NULL, NULL),
(560, '-', 'Rowylyn Diaz', '-', '-', 'Accounting', 'HIMC', 'Mandaluyong', 'user', '2026-03-20 15:05:05', NULL, '2026-03-19 02:19:03', NULL, 1, NULL, NULL),
(561, '-', 'Louise', '-', '-', 'Accounting', 'HIMC', 'Mandaluyong', 'user', '2026-03-20 15:05:02', NULL, '2026-03-19 02:40:48', NULL, 1, NULL, NULL),
(562, '-', 'Cyril', '-', '-', 'Accounting', 'HIMC', 'Mandaluyong', 'user', '2026-03-20 15:04:59', NULL, '2026-03-19 02:41:04', NULL, 1, NULL, NULL),
(567, 'FYM111323', 'Yvan Ace Fernandez', 'Inventory Analyst', '', 'Accounting', 'Koppel Inc.', 'Canlubang', 'user', '2026-03-25 05:59:44', NULL, '2026-03-25 05:04:56', '$2y$10$Ws9K4Od4uxnkF1ROs3vZxO8yhJyw8KYtwink.jrzIJcJaurtMw18u', 1, NULL, NULL);

-- --------------------------------------------------------

--
-- Table structure for table `user_tb_backup`
--

CREATE TABLE `user_tb_backup` (
  `user_id` int(11) NOT NULL DEFAULT 0,
  `emp_id` varchar(50) NOT NULL,
  `fullname` varchar(150) NOT NULL,
  `position` varchar(100) NOT NULL,
  `email` varchar(150) DEFAULT NULL,
  `department` varchar(100) DEFAULT NULL,
  `company` varchar(50) NOT NULL,
  `area` varchar(150) NOT NULL,
  `user_type` varchar(30) NOT NULL,
  `date_hired` timestamp NOT NULL DEFAULT current_timestamp() ON UPDATE current_timestamp(),
  `date_resigned` varchar(100) DEFAULT NULL,
  `created_at` timestamp NOT NULL DEFAULT current_timestamp(),
  `password` varchar(70) DEFAULT NULL
) ENGINE=InnoDB DEFAULT CHARSET=utf8mb4 COLLATE=utf8mb4_general_ci;

--
-- Dumping data for table `user_tb_backup`
--

INSERT INTO `user_tb_backup` (`user_id`, `emp_id`, `fullname`, `position`, `email`, `department`, `company`, `area`, `user_type`, `date_hired`, `date_resigned`, `created_at`, `password`) VALUES
(35, 'BEB091890', 'Barbacena, Eleuterio Buen', 'OIC QA/QC', 'N/A', 'QA/QC', 'HEEC', 'Mandaluyong', 'user', '1990-09-17 16:00:00', NULL, '2025-09-10 00:34:40', NULL),
(36, 'VDS032091', 'Varanal, Diomedes Separa', 'OIC Testing & Commissioning', 'N/A', 'Testing & Commissioning', 'HEEC', 'Mandaluyong', 'user', '1991-03-19 16:00:00', NULL, '2025-09-10 00:34:40', NULL),
(37, 'PDG010196', 'Pasumbal, Danilo Gonzales', 'Sales Manager', 'N/A', 'A/C Sales', 'HEEC', 'Mandaluyong', 'user', '1995-12-31 16:00:00', NULL, '2025-09-10 00:34:40', NULL),
(38, 'TTP092997', 'Tano, Teodomiro Pasquil', 'Technician III', 'N/A', 'Service', 'HEEC', 'Mandaluyong', 'user', '1997-09-28 16:00:00', NULL, '2025-09-10 00:34:40', NULL),
(39, 'MAS041299', 'Miguel, Allan Singca', 'Technician III - Asst. Leadman', 'N/A', 'Service', 'HEEC', 'Mandaluyong', 'user', '1999-04-11 16:00:00', NULL, '2025-09-10 00:34:40', NULL),
(40, 'DRG011801', 'Dalit, Rolando Galvez', 'Foreman', 'N/A', 'Service', 'HEEC', 'Mandaluyong', 'user', '2001-01-17 16:00:00', NULL, '2025-09-10 00:34:40', NULL),
(41, 'DMB071805', 'Delfin, Macdonald Bibit', 'Testing & Commissioning Engineer', 'N/A', 'Testing & Commissioning', 'HEEC', 'Mandaluyong', 'user', '2005-07-17 16:00:00', NULL, '2025-09-10 00:34:40', NULL),
(42, 'ABB110706', 'Antonio, Bob', 'Technician II', 'N/A', 'Service', 'HEEC', 'Mandaluyong', 'user', '2006-11-06 16:00:00', '2024-04-05', '2025-09-10 00:34:40', NULL),
(43, 'AFHS073007', 'Antiporta, Francis Harvey Sandigan', 'Department Coordinator', 'N/A', 'Operations', 'HEEC', 'Mandaluyong', 'user', '2007-07-29 16:00:00', NULL, '2025-09-10 00:34:40', NULL),
(44, 'BMD042608', 'Bravo, Marvin Dimaano', 'Technician I', 'N/A', 'Service', 'HEEC', 'Mandaluyong', 'user', '2008-04-25 16:00:00', NULL, '2025-09-10 00:34:40', NULL),
(45, 'MGB042608', 'Maga, Gilbert Bautista', 'Service Technician', 'N/A', 'Service', 'HEEC', 'Mandaluyong', 'user', '2008-04-25 16:00:00', NULL, '2025-09-10 00:34:40', NULL),
(46, 'VMC100308', 'Valerio, Marlon Cristobal', 'Service Coordinator', 'N/A', 'Service', 'HEEC', 'Mandaluyong', 'user', '2008-10-02 16:00:00', NULL, '2025-09-10 00:34:40', NULL),
(47, 'UPC111208', 'Uy, Pinky Chua', 'Service Sales Coordinator', 'N/A', 'Service', 'HEEC', 'Mandaluyong', 'user', '2008-11-11 16:00:00', NULL, '2025-09-10 00:34:40', NULL),
(48, 'AMJB112710', 'Afuang, Mark Jason Bendaña', 'Sr. Technical Engineering Supervisor', 'N/A', 'Service', 'HEEC', 'Mandaluyong', 'user', '2010-11-26 16:00:00', NULL, '2025-09-10 00:34:40', NULL),
(49, 'JJM082611', 'Jamayo, Jerry', 'Maintenance Engineer', 'N/A', 'Service', 'HEEC', 'Iloilo', 'user', '2011-08-25 16:00:00', '2023-09-30', '2025-09-10 00:36:33', NULL),
(50, 'ACA042015', 'Arsolon, Charlie Abecilla', 'Technician', 'N/A', 'Service', 'HEEC', 'Mandaluyong', 'user', '2015-04-19 16:00:00', NULL, '2025-09-10 00:36:33', NULL),
(51, 'BJR051215', 'Begardon, Jose Rellores', 'Foreman', 'N/A', 'Operations', 'HEEC', 'Mandaluyong', 'user', '2015-05-11 16:00:00', NULL, '2025-09-10 00:36:33', NULL),
(52, 'MRL100515', 'Manalo, Raymart Lagamia', 'Service Troubleshooting Supervisor', 'N/A', 'Service', 'HEEC', 'Mandaluyong', 'user', '2015-10-04 16:00:00', NULL, '2025-09-10 00:36:33', NULL),
(53, 'FJA122015', 'Fugaban, Jolito Agub', 'EL/ES Technician', 'N/A', 'Service', 'HEEC', 'Mandaluyong', 'user', '2015-12-19 16:00:00', NULL, '2025-09-10 00:36:33', NULL),
(54, 'MJL032816', 'Malonzo, John Robert Libardo', 'Sales Engr.', 'N/A', 'EL Sales', 'HEEC', 'Mandaluyong', 'user', '2016-03-27 16:00:00', NULL, '2025-09-10 00:36:33', NULL),
(55, 'SMS042616', 'Sagun, Marc Joseph Socito', 'Service Technician', 'N/A', 'Service', 'HEEC', 'Mandaluyong', 'user', '2016-04-25 16:00:00', NULL, '2025-09-10 00:36:33', NULL),
(56, 'AAM050416', 'Avila, Archie Miguel', 'Foreman', 'N/A', 'Operations', 'HEEC', 'Mandaluyong', 'user', '2016-05-03 16:00:00', NULL, '2025-09-10 00:36:33', NULL),
(57, 'ABP0511162', 'Altura, Bernard', 'Jr. Service Engineer', 'N/A', 'Service', 'HEEC', 'Mandaluyong', 'user', '2016-05-10 16:00:00', '2023-02-10', '2025-09-10 00:36:33', NULL),
(58, 'AJC090516', 'Arguelles, Juan Gerwin Capulso', 'Sr. Service Engineering Supervisor', 'N/A', 'Service', 'HEEC', 'Mandaluyong', 'user', '2016-09-04 16:00:00', NULL, '2025-09-10 00:36:33', NULL),
(59, 'EJM092617', 'Escobar, Jonathan Millare', 'Foreman', 'N/A', 'Operations', 'HEEC', 'Mandaluyong', 'user', '2017-09-25 16:00:00', NULL, '2025-09-10 00:36:33', NULL),
(60, 'BMB031218', 'Bernardo, Mary Rose Bautista', 'Sr. Accounting Specialist', 'N/A', 'Accounting', 'HEEC', 'Mandaluyong', 'user', '2018-03-11 16:00:00', NULL, '2025-09-10 00:36:33', NULL),
(61, 'IRM060118', 'Infante, Rudy Magistrado', 'EL/ES Technician', 'N/A', 'Service', 'HEEC', 'Mandaluyong', 'user', '2018-05-31 16:00:00', NULL, '2025-09-10 00:36:33', NULL),
(62, 'PEF062618', 'Pura, Eugene Floralde', 'Safety Officer', 'N/A', 'Operations', 'HEEC', 'Mandaluyong', 'user', '2018-06-25 16:00:00', NULL, '2025-09-10 00:36:33', NULL),
(63, 'RNB090318', 'Rarugal, Nathaniel Baunsit', 'Jr. Sales Engineer', 'N/A', 'EL Sales', 'HEEC', 'Mandaluyong', 'user', '2018-09-02 16:00:00', NULL, '2025-09-10 00:36:33', NULL),
(64, 'LPL102318', 'Lee, Paul Rosell', 'Jr. Service Engineer', 'N/A', 'Service', 'HEEC', 'Mandaluyong', 'user', '2018-10-22 16:00:00', '2023-03-27', '2025-09-10 00:36:33', NULL),
(65, 'MJT010719', 'Mendoza, Jonathan Calixto Taña', 'Jr. Service Engineer', 'N/A', 'Service', 'HEEC', 'Mandaluyong', 'user', '2019-01-06 16:00:00', NULL, '2025-09-10 00:36:33', NULL),
(66, 'BKV031819', 'Bernardino, Kristian Valencia', 'Jr. Service Engineer', 'N/A', 'Service', 'HEEC', 'Mandaluyong', 'user', '2019-03-17 16:00:00', NULL, '2025-09-10 00:36:33', NULL),
(67, 'SRV062619', 'Soria, Rowell Vingno', 'Jr. Service Engineer', 'N/A', 'Service', 'HEEC', 'Mandaluyong', 'user', '2019-06-25 16:00:00', '2024-05-10', '2025-09-10 00:36:33', NULL),
(68, 'SGG070419', 'Sael, Gerrine Galendez', 'Messenger/Collector', 'N/A', 'Accounting', 'HEEC', 'Mandaluyong', 'user', '2019-07-03 16:00:00', '2024-06-30', '2025-09-10 00:36:33', NULL),
(69, 'DGM022620', 'De Ocampo, Gary Marqueses', 'Sales Admin', 'N/A', 'EL Sales', 'HEEC', 'Mandaluyong', 'user', '2020-02-25 16:00:00', NULL, '2025-09-10 00:36:33', NULL),
(70, 'DAD022720', 'Delos Reyes, Andre Patrick Dela Cruz', 'Inventory Assistant', 'N/A', 'Accounting', 'HEEC', 'Mandaluyong', 'user', '2020-02-26 16:00:00', NULL, '2025-09-10 00:36:33', NULL),
(71, 'KIC112320', 'Kalacas, Idriss Kyle', 'Jr. Service Engineer', 'N/A', 'Service', 'HEEC', 'Mandaluyong', 'user', '2020-11-22 16:00:00', '2023-03-04', '2025-09-10 00:36:33', NULL),
(72, 'PIB121720', 'Pasculado, Jr., Isagani Bermudo', 'EL/ES Technician', 'N/A', 'Service', 'HEEC', 'Mandaluyong', 'user', '2020-12-16 16:00:00', NULL, '2025-09-10 00:36:33', NULL),
(73, 'LJHB091421', 'Lawenko, Jose Hilario Berango', 'Sales Manager', 'N/A', 'EL Sales', 'HEEC', 'Mandaluyong', 'user', '2021-09-13 16:00:00', NULL, '2025-09-10 00:36:33', NULL),
(74, 'MAM030122', 'Mallorca, Arjay', 'Operations Manager', 'N/A', 'Operations', 'HEEC', 'Mandaluyong', 'user', '2022-02-28 16:00:00', '2023-08-10', '2025-09-10 00:36:33', NULL),
(75, 'MKC032222', 'Moreto, Kim Harold Cuevas', 'Jr. Service Engineer', 'N/A', 'Service', 'HEEC', 'Mandaluyong', 'user', '2022-03-21 16:00:00', NULL, '2025-09-10 00:36:33', NULL),
(76, 'CJE041822', 'Colango, Jemuel Ian', 'Service Technician', 'N/A', 'Service', 'HEEC', 'Mandaluyong', 'user', '2022-04-17 16:00:00', '2022-12-28', '2025-09-10 00:36:33', NULL),
(77, 'CEC041822', 'Cunanan, Ezequiel Sedgwig', 'Project Engineer / AutoCad Operator', 'N/A', 'Operations', 'HEEC', 'Mandaluyong', 'user', '2022-04-17 16:00:00', NULL, '2025-09-10 00:36:33', NULL),
(78, 'PMF041822', 'Paragao, Mark Rolan', 'Jr. Service Engineer', 'N/A', 'Service', 'HEEC', 'Mandaluyong', 'user', '2022-04-17 16:00:00', '2023-02-03', '2025-09-10 00:36:33', NULL),
(79, 'TJZ041822', 'Torres, Joshua', 'Service Technician', 'N/A', 'Service', 'HEEC', 'Mandaluyong', 'user', '2022-04-17 16:00:00', '2024-01-16', '2025-09-10 00:36:33', NULL),
(80, 'MDT080222', 'Mamalayan, Danica Lyra Tiangco', 'Accounting Assistant', 'N/A', 'Accounting', 'HEEC', 'Mandaluyong', 'user', '2022-08-01 16:00:00', NULL, '2025-09-10 00:36:33', NULL),
(81, 'CJD110222', 'Castro, Junith Donio', 'Jr. Service Engineer', 'N/A', 'Service', 'HEEC', 'Mandaluyong', 'user', '2022-11-01 16:00:00', NULL, '2025-09-10 00:36:33', NULL),
(82, 'DZR022223', 'De Villa, Zionlee Zicri Raguro', 'Jr. Service Engineer', 'N/A', 'Service', 'HEEC', 'Mandaluyong', 'user', '2023-02-21 16:00:00', NULL, '2025-09-10 00:36:33', NULL),
(83, 'YMM032123', 'Yniguez, Marco Vincent', 'Jr. Project Engineer / AutoCad Operator', 'N/A', 'Operations', 'HEEC', 'Mandaluyong', 'user', '2023-02-28 16:00:00', '2023-06-16', '2025-09-10 00:36:33', NULL),
(84, 'YRV030623', 'Yulas, Ricky Voces', 'Jr. Service Engineer', 'N/A', 'Service', 'HEEC', 'Mandaluyong', 'user', '2023-03-05 16:00:00', NULL, '2025-09-10 00:36:33', NULL),
(85, 'RMC032123', 'Rosales, Miguel Alfonso Constantino', 'Jr. Project Engineer/AutoCAD Operator', 'N/A', 'Operations', 'HEEC', 'Mandaluyong', 'user', '2023-03-20 16:00:00', NULL, '2025-09-10 00:39:55', NULL),
(86, 'MDN032723', 'Melendres, Daniel Nocidal', 'Jr. Service Engineer', 'N/A', 'Service', 'HEEC', 'Mandaluyong', 'user', '2023-03-26 16:00:00', NULL, '2025-09-10 00:39:55', NULL),
(87, 'DJA061323', 'Dellova, Jesse Lemuel', 'Jr. Testing & Commissioning Engineer', 'N/A', 'Testing & Commissioning', 'HEEC', 'Mandaluyong', 'user', '2023-06-12 16:00:00', '2024-02-14', '2025-09-10 00:39:55', NULL),
(88, 'NWD071023', 'Natividad, Wilson Dulatre', 'Testing & Commissioning Sup/Project Engr.', 'N/A', 'Testing & Commissioning', 'HEEC', 'Mandaluyong', 'user', '2023-07-09 16:00:00', NULL, '2025-09-10 00:39:55', NULL),
(89, 'BVG071823', 'Briones, Vince Joseph Gargoles', 'Jr. Service Engineer', 'N/A', 'Service', 'HEEC', 'Mandaluyong', 'user', '2023-07-17 16:00:00', NULL, '2025-09-10 00:39:55', NULL),
(90, 'FMP071823', 'Francisco, Mark Gerald', 'Jr. Service Engineer', 'N/A', 'Service', 'HEEC', 'Mandaluyong', 'user', '2023-07-17 16:00:00', '2024-04-01', '2025-09-10 00:39:55', NULL),
(91, 'BJB080123', 'Barrio, Jodiel', 'Jr. Project Engineer', 'N/A', 'Operations', 'HEEC', 'Mandaluyong', 'user', '2023-07-31 16:00:00', '2024-04-04', '2025-09-10 00:39:55', NULL),
(92, 'MLD091323', 'Matavia, Lorenel Destriza', 'EL Installer', 'N/A', 'Operations', 'HEEC', 'Mandaluyong', 'user', '2023-09-12 16:00:00', NULL, '2025-09-10 00:39:55', NULL),
(93, 'CGL101623', 'Caramat, Gabrielle Keneth Lim', 'Jr. Service Engineer', 'N/A', 'Service', 'HEEC', 'Mandaluyong', 'user', '2023-10-15 16:00:00', NULL, '2025-09-10 00:39:55', NULL),
(94, 'EGB101623', 'Esquivel, Gerick Bayudang', 'Jr. Service Engineer', 'N/A', 'Service', 'HEEC', 'Mandaluyong', 'user', '2023-10-15 16:00:00', NULL, '2025-09-10 00:39:55', NULL),
(95, 'LJL101623', 'Lunar, John Russell Lavarez', 'Jr. Testing & Commissioning Engineer', 'N/A', 'Testing & Commissioning', 'HEEC', 'Mandaluyong', 'user', '2023-10-15 16:00:00', NULL, '2025-09-10 00:39:55', NULL),
(96, 'MVT101623', 'Mina, Vergilio', 'Jr. Testing & Commissioning Engineer', 'N/A', 'Testing & Commissioning', 'HEEC', 'Mandaluyong', 'user', '2023-10-15 16:00:00', '2024-02-24', '2025-09-10 00:39:55', NULL),
(97, 'BMP111623', 'Bantog, Mark Anthony', 'EL Installer', 'N/A', 'Operations', 'HEEC', 'Mandaluyong', 'user', '2023-11-15 16:00:00', '2024-01-03', '2025-09-10 00:39:55', NULL),
(98, 'NJA112023', 'Nabora, Jeffrey Altares', 'Service Technician', 'N/A', 'Operations', 'HEEC', 'Mandaluyong', 'user', '2023-11-19 16:00:00', NULL, '2025-09-10 00:39:55', NULL),
(99, 'TVT040124', 'Tolentino, Van Dham Tolentino', 'Jr. Testing & Commissioning Engineer', 'N/A', 'Testing & Commissioning', 'HEEC', 'Mandaluyong', 'user', '2024-03-31 16:00:00', NULL, '2025-09-10 00:39:55', NULL),
(100, 'CJD041124', 'Cordero, John Carl Victor De Asis', 'Sales Engineer', 'N/A', 'EL Sales', 'HEEC', 'Iloilo', 'user', '2024-04-10 16:00:00', NULL, '2025-09-10 00:39:55', NULL),
(101, 'CRR041124', 'Cuyos, Renz Marion Rosell', 'Sales Engineer', 'N/A', 'EL Sales', 'HEEC', 'Cebu', 'user', '2024-04-10 16:00:00', NULL, '2025-09-10 00:39:55', NULL),
(102, 'FEA090897', 'Fajardo, Edgar Angeles', 'Operations Manager', 'N/A', 'A/C Operations', 'HI-AIRE', 'Mandaluyong', 'user', '1997-09-07 16:00:00', NULL, '2025-09-10 00:39:55', NULL),
(103, 'ONE091604', 'Olazo, Nelson Edang', 'A/C Leadman', 'N/A', 'A/C Operations', 'HI-AIRE', 'Mandaluyong', 'user', '2004-09-15 16:00:00', NULL, '2025-09-10 00:39:55', NULL),
(104, 'MFI072805', 'Macaraig, Fortunato Ibon', 'Collector', 'N/A', 'Accounting', 'HI-AIRE', 'Mandaluyong', 'user', '2005-07-27 16:00:00', NULL, '2025-09-10 00:39:55', NULL),
(105, 'SRJO110705', 'Sangil, Ronaldo Joseph Olayao', 'Sales Officer', 'N/A', 'A/C Sales', 'HI-AIRE', 'Mandaluyong', 'user', '2005-11-06 16:00:00', NULL, '2025-09-10 00:39:55', NULL),
(106, 'MRL010606', 'Martin, Reynaldo Lumugdang', 'A/C Technician', 'N/A', 'A/C Service', 'HI-AIRE', 'Mandaluyong', 'user', '2006-01-05 16:00:00', NULL, '2025-09-10 00:39:55', NULL),
(107, 'RWB020208', 'Relevo, Willy Barrios', 'Sr. Project Engineer I', 'N/A', 'A/C Operations', 'HI-AIRE', 'Mandaluyong', 'user', '2008-02-01 16:00:00', NULL, '2025-09-10 00:39:55', NULL),
(108, 'DSD060609', 'Deuna, Sandy Deocareza', 'A/C Ductman/Fabricator', 'N/A', 'A/C Operations', 'HI-AIRE', 'Mandaluyong', 'user', '2009-06-05 16:00:00', NULL, '2025-09-10 00:39:55', NULL),
(109, 'DMP091779', 'Diangson, Marivic Parilla', 'Corporate Secretary/Purchasing Manager', 'N/A', 'EO/Purchasing', 'HIMC', 'Mandaluyong', 'user', '1979-09-16 16:00:00', NULL, '2025-09-10 00:39:55', NULL),
(110, 'HMJ080288', 'Hernandez, Marcelo Jabeguero', 'T & D Helper', 'N/A', 'Traffic', 'HIMC', 'Mandaluyong', 'user', '1988-08-01 16:00:00', NULL, '2025-09-10 00:39:55', NULL),
(111, 'PJA020193', 'Pasumbal, Juliet Antonio', 'Executive Secretary/OIC Logistics', 'N/A', 'Executive Office', 'HIMC', 'Mandaluyong', 'user', '1993-01-31 16:00:00', NULL, '2025-09-10 00:39:55', NULL),
(112, 'PCS040193', 'Phi, Christina Sy', 'Credit & Collection/Service Contracts & Parts Manager', 'N/A', 'Accounting', 'HIMC', 'Mandaluyong', 'user', '1993-03-31 16:00:00', NULL, '2025-09-10 00:39:55', NULL),
(113, 'LJG040112', 'Lape, Josefina Geraldez', 'General Manager', 'N/A', 'HEEC Sales', 'HIMC', 'Mandaluyong', 'user', '1994-05-15 16:00:00', NULL, '2025-09-10 00:39:55', NULL),
(114, 'PJM111695', 'PulumbariT, Jonah Mauricio', 'Sales Secretary', 'N/A', 'A/C Sales', 'HIMC', 'Mandaluyong', 'user', '1995-11-15 16:00:00', NULL, '2025-09-10 00:39:55', NULL),
(115, 'UAR111696', 'Ubongen, Angel Rapadas', 'Warehouse Checker', 'N/A', 'Warehouse', 'HIMC', 'Taguig', 'user', '1996-11-15 16:00:00', NULL, '2025-09-10 00:39:55', NULL),
(116, 'VNT061697', 'Vecina, Norman Tolidana', 'T & D Helper', 'N/A', 'Traffic', 'HIMC', 'MANDALUYONG', 'user', '1997-06-15 16:00:00', NULL, '2025-09-10 00:47:13', NULL),
(117, 'BFD092199', 'Bo, Ferdinand Dacay', 'T & D Helper', 'N/A', 'Traffic', 'HIMC', 'MANDALUYONG', 'user', '1999-09-20 16:00:00', NULL, '2025-09-10 00:47:13', NULL),
(118, 'RMP101299', 'Retuerma, Manuelito Padaon', 'T & D Driver', 'N/A', 'Traffic', 'HIMC', 'MANDALUYONG', 'user', '1999-10-11 16:00:00', NULL, '2025-09-10 00:47:13', NULL),
(119, 'HADG100104', 'Hernandez, Ariel De Guzman', 'Warehouseman', 'N/A', 'Warehouse', 'HIMC', 'MANDALUYONG', 'user', '2004-09-30 16:00:00', NULL, '2025-09-10 00:47:13', NULL),
(120, 'DGMD041105', 'Deles, Garry Melvin Diarota', 'Asst. Sales Manager', 'N/A', 'A/C Sales', 'HIMC', 'MANDALUYONG', 'user', '2005-04-10 16:00:00', NULL, '2025-09-10 00:47:13', NULL),
(121, 'FMB041205', 'Francisco, Mel Burce', 'Forklift Operator', 'N/A', 'Warehouse', 'HIMC', 'TAGUIG', 'user', '2005-04-11 16:00:00', NULL, '2025-09-10 00:47:13', NULL),
(122, 'RAM051305', 'Revilloza, Aristrothel Meron', 'T & D Driver', 'N/A', 'Traffic', 'HIMC', 'MANDALUYONG', 'user', '2005-05-12 16:00:00', NULL, '2025-09-10 00:47:13', NULL),
(123, 'AGO112105', 'Adano, Gered Ombrog', 'T & D Driver', 'N/A', 'Traffic', 'HIMC', 'MANDALUYONG', 'user', '2005-11-20 16:00:00', NULL, '2025-09-10 00:47:13', NULL),
(124, 'LCC111208', 'Labian, Cornelio Cabilin', 'T & D Driver', 'N/A', 'Traffic', 'HIMC', 'MANDALUYONG', 'user', '2008-11-11 16:00:00', NULL, '2025-09-10 00:47:13', NULL),
(125, 'ALAP041309', 'Fabito, Leslie Ann Andrade', 'Purchasing Assistant', 'N/A', 'Purchasing', 'HIMC', 'MANDALUYONG', 'user', '2009-04-12 16:00:00', NULL, '2025-09-10 00:47:13', NULL),
(126, 'AND012910', 'Apostol, Nenita Domdom', 'Credit & Collection Assistant', 'N/A', 'Accounting', 'HIMC', 'MANDALUYONG', 'user', '2010-01-28 16:00:00', NULL, '2025-09-10 00:47:13', NULL),
(127, 'DEP021910', 'Cruz, Evangeline', 'Sales Engineer', 'N/A', 'Sales', 'HIMC', 'MANDALUYONG', 'user', '2010-02-18 16:00:00', '2023-09-25', '2025-09-10 00:47:13', NULL),
(128, 'ACI022610', 'Torrejos, Christine Aguzar', 'HR Supervisor', 'N/A', 'HR/Admin', 'HIMC', 'MANDALUYONG', 'user', '2010-02-25 16:00:00', NULL, '2025-09-10 00:47:13', NULL),
(129, 'ATC050413', 'Andag, Tracy Caballero', 'Accounting Assistant', 'N/A', 'Accounting', 'HIMC', 'MANDALUYONG', 'user', '2013-05-03 16:00:00', NULL, '2025-09-10 00:47:13', NULL),
(130, 'FMG062413', 'Fusilero, Melvin Gustoir', 'Sr. A/C Design & Estimate Engineer', 'N/A', 'Engineering', 'HIMC', 'MANDALUYONG', 'user', '2013-06-23 16:00:00', NULL, '2025-09-10 00:47:13', NULL),
(131, 'JCA052114', 'Javier, Cheryllyn Antalan', 'Credit & Collection Assistant', 'N/A', 'Accounting', 'HIMC', 'MANDALUYONG', 'user', '2014-05-20 16:00:00', NULL, '2025-09-10 00:47:13', NULL),
(132, 'RDK081116', 'Refuerzo, Didith', 'Accounting Supervisor', 'N/A', 'Finance', 'HIMC', 'MANDALUYONG', 'user', '2016-08-10 16:00:00', '2023-05-03', '2025-09-10 00:47:13', NULL),
(133, 'MRD101117', 'Molato, Rogy Dayo', 'A/C Leadman', 'N/A', 'A/C Operations', 'HIMC', 'MANDALUYONG', 'user', '2017-10-10 16:00:00', NULL, '2025-09-10 00:47:13', NULL),
(134, 'PJC021918', 'Pascua, Jimmy Boy', 'AutoCad Operator', 'N/A', 'Engineering', 'HIMC', 'MANDALUYONG', 'user', '2018-02-18 16:00:00', '2023-06-10', '2025-09-10 00:47:13', NULL),
(135, 'BMM060418', 'Baluyot, Mhon Azel Marquez', 'Warehouse Assistant', 'N/A', 'Warehouse', 'HIMC', 'MANDALUYONG', 'user', '2018-06-03 16:00:00', NULL, '2025-09-10 00:47:13', NULL),
(136, 'DRR073018', 'Diaz, Rowelyn Requina', 'Accounting Assistant-AP', 'N/A', 'Accounting', 'HIMC', 'MANDALUYONG', 'user', '2018-07-29 16:00:00', NULL, '2025-09-10 00:47:13', NULL),
(137, 'BAM090318', 'Bautista, Anne Grace Mabalot', 'HR Assistant', 'N/A', 'HR/Admin', 'HIMC', 'MANDALUYONG', 'user', '2018-09-02 16:00:00', NULL, '2025-09-10 00:47:13', NULL),
(138, 'GJT100118', 'Gutierrez, Jamaica Tabile', 'General Accountant', 'N/A', 'Accounting', 'HIMC', 'MANDALUYONG', 'user', '2018-09-30 16:00:00', '2024-05-03', '2025-09-10 00:47:13', NULL),
(139, 'GJC060719', 'Gayon, John Cedrick Coronacion', 'A/C Installer', 'N/A', 'A/C Operations', 'HIMC', 'MANDALUYONG', 'user', '2019-06-06 16:00:00', NULL, '2025-09-10 00:47:13', NULL),
(140, 'MRM060719', 'Mahinay, Richard Mancao', 'A/C Installer', 'N/A', 'A/C Operations', 'HIMC', 'MANDALUYONG', 'user', '2019-06-06 16:00:00', NULL, '2025-09-10 00:47:13', NULL),
(141, 'FEG062619', 'Laporie, Elyza Leah Fullente', 'Accounting Assistant', 'N/A', 'Accounting', 'HIMC', 'MANDALUYONG', 'user', '2019-06-25 16:00:00', '2024-02-29', '2025-09-10 00:47:13', NULL),
(142, 'FWU070819', 'Fortuno, Whillem Usero', 'Purchasing Assistant', 'N/A', 'Purchasing', 'HIMC', 'MANDALUYONG', 'user', '2019-07-07 16:00:00', NULL, '2025-09-10 00:47:13', NULL),
(143, 'DGB0041221', 'Derano, Gerry Berdera', 'Import Assistant', 'N/A', 'Import', 'HIMC', 'MANDALUYONG', 'user', '2021-04-11 16:00:00', NULL, '2025-09-10 00:47:13', NULL),
(144, 'MG092021', 'Mainot, Genevieve', 'Office Assistant', 'N/A', 'Finance', 'HIMC', 'MANDALUYONG', 'user', '2021-09-19 16:00:00', '2023-07-07', '2025-09-10 00:47:13', NULL),
(145, 'JJD101821', 'Jocson, John Jordan Dionisio', 'Jr. Project Engineer', 'N/A', 'A/C Operations', 'HIMC', 'MANDALUYONG', 'user', '2021-10-17 16:00:00', '2023-08-17', '2025-09-10 00:47:13', NULL),
(146, 'RJF112521', 'Reyes, Jenica Fabricante', 'Receptionist/Purchasing Assistant', 'N/A', 'Purchasing', 'HIMC', 'MANDALUYONG', 'user', '2021-11-24 16:00:00', '2024-05-30', '2025-09-10 00:47:13', NULL),
(147, 'DJL120921', 'De Alday, Jhonver', 'Jr. Sales Engineer', 'N/A', 'Sales', 'HIMC', 'MANDALUYONG', 'user', '2021-12-08 16:00:00', '2023-03-14', '2025-09-10 00:47:13', NULL),
(148, 'EMT022322', 'Evardo, Marino Torrejas', 'Inventory Assistant', 'N/A', 'Accounting', 'HIMC', 'MANDALUYONG', 'user', '2022-02-22 16:00:00', NULL, '2025-09-10 00:47:13', NULL),
(149, 'PFC041822', 'Pitogo, Frederick Cruz', 'T & D Driver', 'N/A', 'Traffic', 'HIMC', 'MANDALUYONG', 'user', '2022-04-17 16:00:00', NULL, '2025-09-10 00:47:13', NULL),
(150, 'LRC052622', 'Lopez, Ryan Cuevas', 'A/C Installer', 'N/A', 'A/C Operations', 'HIMC', 'MANDALUYONG', 'user', '2022-05-25 16:00:00', NULL, '2025-09-10 00:47:13', NULL),
(151, 'VAT052622', 'Villas, Amber Archie', 'AC Installer', 'N/A', 'Operations', 'HIMC', 'MANDALUYONG', 'user', '2022-05-25 16:00:00', '2024-01-08', '2025-09-10 00:47:13', NULL),
(152, 'MJM032123', 'Moyo, John Albert Masayda', 'Jr. Sales Engineer 1', 'N/A', 'A/C Sales', 'HIMC', 'MANDALUYONG', 'user', '2023-03-20 16:00:00', NULL, '2025-09-10 00:47:13', NULL),
(153, 'RPC062623', 'Rodriguez, Pauline Joy Catura', 'Office Assistant', 'N/A', 'Import', 'HIMC', 'MANDALUYONG', 'user', '2023-06-25 16:00:00', NULL, '2025-09-10 00:47:13', NULL),
(154, 'DKM091923', 'Dela Cruz, Kim', 'AutoCad Operator', 'N/A', 'Engineering', 'HIMC', 'MANDALUYONG', 'user', '2023-09-08 16:00:00', '2024-01-31', '2025-09-10 00:47:13', NULL),
(155, 'ARB091123', 'Arquiza, Ritchie Barreras', 'Logistic Assistant/Driver', 'N/A', 'Traffic', 'HIMC', 'MANDALUYONG', 'user', '2023-09-10 16:00:00', NULL, '2025-09-10 00:47:13', NULL),
(156, 'DSD101123', 'De Leon, Sheyna April Dullano', 'Jr. Sales Engineer 1', 'N/A', 'A/C Sales', 'HIMC', 'MANDALUYONG', 'user', '2023-10-10 16:00:00', '2024-05-10', '2025-09-10 00:47:13', NULL),
(157, 'JAC101123', 'Junio, Abegail Claro', 'Junior QA/QC Engineer', 'N/A', 'EL QA/QC', 'HIMC', 'MANDALUYONG', 'user', '2023-10-10 16:00:00', NULL, '2025-09-10 00:47:13', NULL),
(158, 'GLF042224', 'Gonzales, Lovely Ness Fernandez', 'AutoCad Operator', 'N/A', 'Engineering', 'HIMC', 'MANDALUYONG', 'user', '2024-04-21 16:00:00', NULL, '2025-09-10 00:47:13', NULL),
(159, 'GET110380', 'Guanzon, Elizabeth', 'Sales Secretary', 'N/A', 'Sales', 'HIMC', 'MANDALUYONG', 'user', '1980-11-02 16:00:00', '2014-03-25', '2025-09-10 00:56:05', NULL),
(160, 'RFG102912', 'Reyes, Francis Jim', 'Sales Engineer', 'N/A', 'Sales', 'HIMC', 'MANDALUYONG', 'user', '2012-10-28 16:00:00', '2014-06-03', '2025-09-10 00:56:05', NULL),
(161, 'PNE111109', 'Pedracio, Nieves', 'Accounting Supervisor', 'N/A', 'Finance', 'HIMC', 'MANDALUYONG', 'user', '2009-11-10 16:00:00', '2014-06-22', '2025-09-10 00:56:05', NULL),
(162, 'TJA010709', 'Tam, Joseph', 'Messenger/Collector', 'N/A', 'Finance', 'HEEC', 'MANDALUYONG', 'user', '2009-01-06 16:00:00', '2013-07-08', '2025-09-10 00:56:05', NULL),
(163, 'BWC112710', 'Bautista, William', 'Jr. Service Engineer', 'N/A', 'Service', 'HEEC', 'MANDALUYONG', 'user', '2010-11-26 16:00:00', '2013-08-23', '2025-09-10 00:56:05', NULL),
(164, 'BMC061913', 'Bolleno, Madelle May', 'Receptionist/HR Assistant', 'N/A', 'HR', 'HIMC', 'MANDALUYONG', 'user', '2013-06-18 16:00:00', '2013-09-10', '2025-09-10 00:56:05', NULL),
(165, 'VRJC091211', 'Villaruz, Ryan Jozef', 'Sales Engineer', 'sample@koppel.ph', 'Sales', 'HEEC', 'MANDALUYONG', 'user', '2025-09-10 03:06:43', '2013-11-30', '2025-09-10 00:56:05', NULL),
(181, 'MAV071524', 'Angel Malazzab', 'Purchasing Assistant', 'N/A', 'Purchasing ', 'HIMC', 'MANDALUYONG', 'user', '2024-07-14 16:00:00', NULL, '2025-09-11 09:31:38', NULL),
(182, '25-8230', 'Sander Mike Rondilla', 'Customer Support', 'N/A', 'Service', 'Koppel', 'Mandaluyong', 'user', '2025-09-11 23:50:36', NULL, '2025-09-11 23:47:57', NULL),
(183, '34241', 'Laarni Pacayra', 'Customer Support', 'N/A', 'Service', 'Koppel', 'Mandaluyong', 'user', '2025-09-11 23:50:27', NULL, '2025-09-11 23:49:41', NULL),
(184, 'QJT111323', 'Jane Quinquiño', 'Accounting Assistant', 'N/A', 'Accounting', 'Koppel', 'CDO', 'user', '2023-11-12 16:00:00', NULL, '2025-09-12 00:12:11', NULL),
(185, 'CMR', 'Ralph Capinig', 'Digital Marketing', '-', 'Marketing', 'Koppel', 'Mandaluyong', 'user', '2024-10-13 16:00:00', NULL, '2025-09-14 23:42:44', NULL),
(186, 'AGS102610', 'G Apura', 'Branch Sales Manager', '-', 'Sales', 'Koppel', 'Iloilo', 'user', '2010-10-25 16:00:00', NULL, '2025-09-15 00:45:12', NULL),
(187, 'N/A', 'Alfonso Bleza', 'Corporate Attorney', '-', 'Legal', 'Koppel', 'Mandaluyong', 'user', '2025-09-15 02:07:47', NULL, '2025-09-15 02:07:47', NULL),
(188, 'MRR071523', 'Rovic Macabalo', 'Technical Engineer', '-', 'Refrigeration', 'Koppel', 'Mandaluyong', 'user', '2023-07-14 16:00:00', NULL, '2025-09-16 01:46:18', NULL),
(189, 'TEG091225', 'Earl Garret G. Tekiko', 'Design Engineer', '-', 'Refrigeration', 'Koppel', 'Mandaluyong', 'user', '2025-09-11 16:00:00', NULL, '2025-09-16 07:46:53', NULL),
(190, 'N/A', 'Alvin Salazar', 'VRF Manager', '', 'VRF', 'Koppel', 'Mandaluyong', 'user', '2025-12-01 09:14:08', NULL, '2025-09-17 00:24:43', NULL),
(191, 'N/A', 'Anna Marie Basa', 'Manager', '', 'CNC', 'Koppel', 'Mandaluyong', 'user', '2025-09-22 01:21:35', NULL, '2025-09-22 01:21:35', NULL),
(192, 'N/A', 'Miguel Rosales', 'Design Engineer', '-', 'Elevators', 'HEEC', 'Mandaluyong', 'user', '2025-09-22 08:58:08', NULL, '2025-09-22 08:58:00', NULL),
(193, 'N/A', 'Kimberly Yu', 'IT Director', 'kyu@koppel.ph', 'IT & Purchasing', 'Koppel', 'Mandaluyong', 'user', '2025-09-23 01:07:00', NULL, '2025-09-23 01:07:00', NULL),
(194, 'N/A', 'Danica Villamor', 'N/A', '-', 'HI-AIRE', 'HI-AIRE', 'Mandaluyong', 'user', '2025-10-01 08:23:59', NULL, '2025-09-23 06:14:12', NULL),
(195, 'DJT111109', 'JC Dacuycuy', 'Assistant Manager', '-', 'Sales', 'Koppel', 'Mandaluyong', 'user', '2009-11-10 16:00:00', NULL, '2025-09-24 00:51:44', NULL),
(197, 'GWC-00005', 'Rosemarie Larana', 'Parts Admin', '-', 'Service', 'Koppel', 'Mandaluyong', 'user', '2025-10-14 16:00:00', NULL, '2025-09-29 01:13:41', NULL),
(198, 'CGP102925', 'Gabriel Nikko Calabano', 'Parts Analyst', '-', 'Service', 'Koppel', 'Mandaluyong', 'user', '2025-10-28 16:00:00', NULL, '2025-09-29 01:14:13', NULL),
(200, 'SCC051925', 'Cyrus Sacramento', 'Sales Engineer', '-', 'VRF-SPG', 'Koppel', 'Mandaluyong', 'user', '2025-05-18 16:00:00', NULL, '2025-09-29 09:52:42', NULL),
(202, 'N/A', 'Alvin Salazar', 'VRF Manager', '-', 'VRF', 'Koppel', 'Mandaluyong', 'user', '2025-10-01 08:23:51', NULL, '2025-10-01 08:23:51', NULL),
(203, 'N/A', 'Alex Ascano', 'VRF Senior Supervisor', '-', 'VRF', 'Koppel', 'Mandaluyong', 'user', '2025-10-01 08:24:40', NULL, '2025-10-01 08:24:40', NULL),
(204, 'N/A', 'Dexter Asuncion', 'VRF Supervisor', '-', 'VRF', 'Koppel', 'Mandaluyong', 'user', '2025-10-01 08:25:16', NULL, '2025-10-01 08:25:16', NULL),
(205, 'N/A', 'RB Agustin', 'HR Manager', 'ragustin@koppel.ph', 'HR', 'Koppel', 'Mandaluyong', 'user', '2025-10-07 00:31:15', NULL, '2025-10-07 00:31:15', NULL),
(206, 'N/A', 'Sales Dept', 'Sales Dept', '-', 'Sales Dept', 'Koppel', 'Mandaluyong', 'user', '2025-10-07 07:54:38', NULL, '2025-10-07 07:51:58', NULL),
(207, 'N/A', 'Cebu Branch', 'Cebu Branch', '-', 'Cebu Branch', 'Koppel', 'Cebu', 'user', '2025-10-07 08:16:53', NULL, '2025-10-07 07:54:27', NULL),
(208, 'N/A', 'CNC Dept', 'CNC Dept', '-', 'CNC Dept', 'Koppel', 'Mandaluyong', 'user', '2025-10-07 07:54:58', NULL, '2025-10-07 07:54:58', NULL),
(209, 'RPE052125', 'Paul Martin  Rimpillo', 'Purchasing Assistant', '-', 'Purchasing', 'Koppel', 'Mandaluyong', 'user', '2025-05-20 16:00:00', NULL, '2025-10-10 06:07:17', NULL),
(211, 'NEB101325', 'Edmark B. Namoro', 'Application Engineer', '-', 'VRF-SPG', 'Koppel', 'Mandaluyong', 'user', '2025-10-12 16:00:00', NULL, '2025-10-13 00:53:01', NULL),
(212, 'OMG111109', 'Michell Openano-Young', 'GMA Contractor Sales', 'mopenano@koppel.ph', 'Sales', 'Koppel', 'Mandaluyong', 'user', '2009-11-10 16:00:00', NULL, '2025-10-15 00:24:13', NULL),
(213, 'RCC060925', 'Chris Rendon', 'Graphics Designer', 'artworks@koppel.ph', 'Marketing', 'Koppel', 'Mandaluyong', 'user', '2025-06-08 16:00:00', NULL, '2025-10-15 01:07:16', NULL),
(214, 'PAL060115', 'Allan Jay L. Pedrosa', 'Sales Specialist', 'apedrosa@koppel.ph', 'Sales', 'Koppel', 'Davao', 'user', '2015-06-10 16:00:00', NULL, '2025-10-21 02:32:51', NULL),
(215, 'N/A', 'Tere Coronado', 'Sales', 'tconorado@koppel.ph', 'Sales', 'Koppel', 'Mandaluyong', 'user', '2025-10-21 03:48:00', NULL, '2025-10-21 03:48:00', NULL),
(216, 'N/A', 'Bryan Olano', 'Sales Specialist', 'bolano@koppel.ph', 'Sales', 'Koppel', 'Mandaluyong', 'user', '2025-10-22 07:05:52', NULL, '2025-10-22 07:05:52', NULL),
(217, 'OZF110325', 'Zena F. Orinday', 'Assistant Manager', '', 'CNC Dept', 'Koppel', 'Mandaluyong', 'user', '2025-11-02 16:00:00', NULL, '2025-11-03 00:33:47', NULL),
(218, 'N/A', 'QA/QC', 'QA/QC', '', 'Service', 'Koppel', 'Mandaluyong', 'user', '2025-06-02 16:00:00', NULL, '2025-11-13 05:53:52', NULL),
(219, 'MAS051925', 'Allen Jacob Mandreza', 'Service Engineer - Central I', '', 'Service', 'Koppel', 'Mandaluyong', 'user', '2025-12-01 08:14:46', NULL, '2025-11-13 05:54:39', NULL),
(220, 'N/A', 'Jona', 'Customer Support - Central', '', 'Service', 'Koppel', 'Mandaluyong', 'user', '2025-06-02 16:00:00', NULL, '2025-11-13 05:55:36', NULL),
(221, 'N/A', 'Service Engineer - North', 'Service Engineer - North', '', 'Service', 'Koppel', 'Mandaluyong', 'user', '2025-11-13 05:56:10', NULL, '2025-11-13 05:55:55', NULL),
(222, 'N/A', 'Service Engineer - South', 'Service Engineer - South', '', 'Service', 'Koppel', 'Mandaluyong', 'user', '2025-11-13 05:56:29', NULL, '2025-11-13 05:56:29', NULL),
(223, 'N/A', 'Abby Mina', 'VRF ', '', 'VRF', 'Koppel', 'Mandaluyong', 'user', '2025-11-13 09:02:11', NULL, '2025-11-13 09:02:11', NULL),
(224, 'BAR072623', 'Alessandra Nicole R. Biadoy', 'Accounting Analyst - AP', '', 'Accounting', 'Koppel', 'Mandaluyong', 'user', '2023-07-25 16:00:00', NULL, '2025-11-14 00:26:12', NULL),
(225, 'IT101424', 'IT', 'IT Staff', 'acardeno@koppel.ph', 'IT Department', 'Koppel', 'Mandaluyong', 'admin', '2024-10-13 16:00:00', NULL, '2025-11-17 22:08:27', '$2y$10$tdo1Q0uLlToLqBUg/hsl5Oz8hxm2brzFKDofkQFKiO8/6..3JlPGm'),
(226, 'N/A', 'Nhing', 'Accounting ', '', 'Accounting ', 'Koppel', 'Mandaluyong', 'user', '2025-11-19 01:47:05', NULL, '2025-11-19 01:47:05', NULL),
(227, 'N/A', 'Che Paala', 'HR', '', 'HR', 'Koppel', 'Canlubang', 'user', '2025-11-19 06:31:22', NULL, '2025-11-19 06:31:22', NULL),
(228, 'MJL102124', 'Jaymilly Magpusao', 'Jr. Project Engineer', '', 'Service', 'HEEC', 'Mandaluyong', 'user', '2024-10-20 16:00:00', NULL, '2025-11-19 06:35:09', NULL),
(229, 'N/A', 'Test', 'Test', '', 'IT Department', 'Koppel', 'Mandaluyong', 'user', '2025-11-19 07:28:49', NULL, '2025-11-19 07:28:49', NULL),
(230, 'BMA102025 ', 'Mariah Kristelie A. Berdin ', 'Sales Engineer', '', 'Sales', 'Koppel', 'Mandaluyong', 'user', '2025-10-19 16:00:00', NULL, '2025-11-19 07:51:10', NULL),
(231, 'N/A', 'Dexter Rivera', 'Service', '', 'Service', 'HI-AIRE', 'Mandaluyong', 'user', '2025-11-20 00:11:38', NULL, '2025-11-20 00:11:38', NULL),
(232, 'N/A', 'RJ', 'Accounting', '', 'Accounting', 'Koppel', 'Mandaluyong', 'user', '2025-11-21 05:22:50', NULL, '2025-11-21 05:22:50', NULL),
(233, 'NRC022624', 'Rio Navarro', 'Application Engineer', 'rnavarro@koppel.ph', 'VRF', 'Koppel', 'Mandaluyong', 'user', '2024-02-25 16:00:00', NULL, '2025-11-24 01:39:23', NULL),
(234, 'N/A', 'Jayson Almadrones', 'N/A', '', 'Accounting', 'Koppel', 'Canlubang', 'user', '2025-11-27 00:19:30', NULL, '2025-11-24 02:40:52', NULL),
(235, 'N/A', 'IT Dept', 'IT Dept', '', 'IT', 'Koppel', 'Mandaluyong', 'user', '2025-11-24 08:51:08', NULL, '2025-11-24 08:51:08', NULL),
(238, 'N/A', 'Vilma', 'Accounting', '', 'Accounting', 'Koppel', 'Mandaluyong', 'user', '2025-11-28 03:09:51', NULL, '2025-11-28 03:09:51', NULL),
(240, 'CR081825', 'Ryan Vincent Cuerdo', 'QA/QC Engineer', '', 'Service', 'Koppel', 'Mandaluyong', 'user', '2025-08-17 16:00:00', NULL, '2025-12-01 08:06:46', NULL),
(241, 'MDD081825', 'Dominic Domingono Miranda', 'Service Engineer - North II', '', 'Service', 'Koppel', 'Mandaluyong', 'user', '2025-08-17 16:00:00', NULL, '2025-12-01 08:07:28', NULL),
(243, 'SJ031124', 'John Eric Serrano', 'Service Engineer - North II', '', 'Service', 'Koppel', 'Mandaluyong', 'user', '2024-03-10 16:00:00', NULL, '2025-12-01 08:19:53', NULL),
(244, 'BAC111423', 'Angelo Bendal', 'Service Engineer - Institutional', '', 'Service', 'Koppel', 'Mandaluyong', 'user', '2023-11-10 16:00:00', NULL, '2025-12-01 08:21:54', NULL),
(247, 'VLC081325', 'Lenin Villarin', 'IT Assistant', '', 'IT Department', 'Koppel', 'Mandaluyong', 'user', '2025-08-12 16:00:00', NULL, '2025-12-01 08:35:36', NULL),
(248, 'BNM041123', 'Buenaventura, Ninn M.', 'QA/QC Engineer', '', 'Service', 'Koppel', 'Mandaluyong', 'user', '2025-12-01 09:15:32', NULL, '2025-12-01 09:15:02', NULL),
(249, 'LSS062325', 'Sergio Lopez,Jr', 'Service Engineer - Central II', '', 'Service', 'Koppel', 'Mandaluyong', 'user', '2025-06-22 16:00:00', NULL, '2025-12-01 09:33:42', NULL),
(250, 'SNS090808', 'Sabanal, Neil Francis S', 'Parts Coordinator', '', 'Service', 'Koppel Inc.', 'Cebu', 'user', '2008-09-07 16:00:00', NULL, '2025-12-01 09:43:49', ''),
(251, 'NAA011113', 'Nuera, Adrian A', 'Aircon Technician', '', 'Service', 'Koppel Inc.', 'Mandaluyong', 'user', '2013-01-10 16:00:00', NULL, '2025-12-01 09:43:49', ''),
(252, 'LDM100714', 'Legutan, Dioniver M', 'Regional Service Supervisor', '', 'Service', 'Koppel Inc.', 'Cebu', 'user', '2014-10-06 16:00:00', NULL, '2025-12-01 09:43:49', ''),
(253, 'DSJ122615', 'Duldulao Jr., Rodolfo S', 'Field Inspector', '', 'Service', 'Koppel Inc.', 'Mandaluyong', 'user', '2015-12-25 16:00:00', NULL, '2025-12-01 09:43:49', ''),
(254, 'MAM122615', 'Mangrobang, Mirriam A', 'Service Manager', '', 'Service', 'Koppel Inc.', 'Mandaluyong', 'user', '2015-12-25 16:00:00', NULL, '2025-12-01 09:43:49', ''),
(255, 'VCJ122615', 'Vargas, Jeffrey C', 'Assistant Service Manager', '', 'Service', 'Koppel Inc.', 'Mandaluyong', 'user', '2015-12-25 16:00:00', NULL, '2025-12-01 09:43:49', ''),
(256, 'GAM022717', 'Garcia, Marlon A', 'Aircon Technician', '', 'Service', 'Koppel Inc.', 'Mandaluyong', 'user', '2017-02-26 16:00:00', '2020-11-19', '2025-12-01 09:43:49', ''),
(257, 'MJF022717', 'Mislang, Fernando J', 'Aircon Technician', '', 'Service', 'Koppel Inc.', 'Mandaluyong', 'user', '2017-02-26 16:00:00', '2022-01-01', '2025-12-01 09:43:49', ''),
(258, 'PUM022717', 'Panagsagan, Medel U', 'Aircon Technician', '', 'Service', 'Koppel Inc.', 'Mandaluyong', 'user', '2017-02-26 16:00:00', NULL, '2025-12-01 09:43:49', ''),
(259, 'BPK060117', 'Benjamin, Kathleen Grace P', 'Parts Analyst', '', 'Service', 'Koppel Inc.', 'Iloilo', 'user', '2017-05-31 16:00:00', NULL, '2025-12-01 09:43:49', ''),
(260, 'PEJ110617', 'Permaran, Rafael James E', 'Technical Engineer', '', 'Service', 'Koppel Inc.', 'Mandaluyong', 'user', '2017-11-05 16:00:00', '2021-03-05', '2025-12-01 09:43:49', ''),
(261, 'CMO010818', 'Capundag, Oliver M', 'Aircon Technician', '', 'Service', 'Koppel Inc.', 'Cebu', 'user', '2018-01-07 16:00:00', NULL, '2025-12-01 09:43:49', ''),
(262, 'VCR010818', 'Velasquez, Raul C', 'Aircon Technician', '', 'Service', 'Koppel Inc.', 'Cebu', 'user', '2018-01-07 16:00:00', NULL, '2025-12-01 09:43:49', ''),
(263, 'LCR070218', 'Luga, Ric Kevien Jay C', 'Service Engineer', '', 'Service', 'Koppel Inc.', 'Mandaluyong', 'user', '2018-07-01 16:00:00', '2020-12-29', '2025-12-01 09:43:49', ''),
(264, 'TTJ120418', 'Tabulinar, Jello T', 'Service Engineer', '', 'Service', 'Koppel Inc.', 'Iloilo', 'user', '2018-12-03 16:00:00', NULL, '2025-12-01 09:43:49', ''),
(265, 'PJM010719', 'Picson, Maria Nicole J', 'Cs Supervisor', '', 'Service', 'Koppel Inc.', 'Mandaluyong', 'user', '2019-01-06 16:00:00', '2023-06-25', '2025-12-01 09:43:49', ''),
(266, 'CON021119', 'Cruz, John Nikko O', 'Service Engineer', '', 'Service', 'Koppel Inc.', 'Mandaluyong', 'user', '2019-02-10 16:00:00', '2021-03-12', '2025-12-01 09:43:49', ''),
(267, 'MVJ031219', 'Moloboco, Jeremiah V', 'Service Engineer', '', 'Service', 'Koppel Inc.', 'Mandaluyong', 'user', '2019-03-11 16:00:00', '2021-10-22', '2025-12-01 09:43:49', ''),
(268, 'MAR032719', 'Magpatoc, Regie A', 'Aircon Technician', '', 'Service', 'Koppel Inc.', 'Cdo', 'user', '2019-03-26 16:00:00', '2021-04-23', '2025-12-01 09:43:49', ''),
(269, 'QTA050219', 'Quitco, Augusto T', 'Service Director', '', 'Service', 'Koppel Inc.', 'Mandaluyong', 'user', '2019-05-01 16:00:00', NULL, '2025-12-01 09:43:49', ''),
(270, 'TAJ052819', 'Timog, Jasper A', 'Technical Engineer', '', 'Service', 'Koppel Inc.', 'Mandaluyong', 'user', '2019-05-27 16:00:00', '2021-03-05', '2025-12-01 09:43:49', ''),
(271, 'GPA071519', 'Gallor, Warlito P', 'Service Engineer', '', 'Service', 'Koppel Inc.', 'Davao', 'user', '2019-07-14 16:00:00', '2021-08-06', '2025-12-01 09:43:49', ''),
(272, 'PGN071519', 'Patindol, Ronnie G', 'Aircon Technician', '', 'Service', 'Koppel Inc.', 'Davao', 'user', '2019-07-14 16:00:00', '2022-03-31', '2025-12-01 09:43:49', ''),
(273, 'TDR072319', 'Tocson, Remilyn D', 'Parts Analyst', '', 'Service', 'Koppel Inc.', 'Mandaluyong', 'user', '2019-07-22 16:00:00', '2021-05-28', '2025-12-01 09:43:49', ''),
(274, 'BNR082719', 'Bual, Richard N', 'Aircon Technician', '', 'Service', 'Koppel Inc.', 'Davao', 'user', '2019-08-26 16:00:00', '2023-09-30', '2025-12-01 09:43:49', ''),
(275, 'YBJ082819', 'Yasto, Jason Martin B', 'Service Engineer', '', 'Service', 'Koppel Inc.', 'Mandaluyong', 'user', '2019-08-27 16:00:00', '2021-03-07', '2025-12-01 09:43:49', ''),
(276, 'AGJ092319', 'Andrion, John Ray G', 'Service Engineer', '', 'Service', 'Koppel Inc.', 'Mandaluyong', 'user', '2019-09-22 16:00:00', '2022-02-18', '2025-12-01 09:43:49', ''),
(277, 'CPJ092319', 'Cali, Jonalyn P', 'Parts Analyst', '', 'Service', 'Koppel Inc.', 'Mandaluyong', 'user', '2019-09-22 16:00:00', '2021-12-16', '2025-12-01 09:43:49', ''),
(278, 'LRB101119', 'Llaneta, Bernard R', 'Parts Analyst', '', 'Service', 'Koppel Inc.', 'Mandaluyong', 'user', '2019-10-10 16:00:00', '2024-06-21', '2025-12-01 09:43:49', ''),
(279, 'SSF111119', 'Sobrepeña, Ferden S', 'Service Engineer', '', 'Service', 'Koppel Inc.', 'Davao', 'user', '2019-11-10 16:00:00', '2021-03-31', '2025-12-01 09:43:49', ''),
(280, 'ADP031620', 'Aquino, Paulo Delfin D', 'Service Engineer', '', 'Service', 'Koppel Inc.', 'Cebu', 'user', '2020-03-15 16:00:00', '2022-04-21', '2025-12-01 09:43:49', ''),
(281, 'AMM061620', 'Allecer, Sarah Mae M', 'Parts Analyst', '', 'Service', 'Koppel Inc.', 'Cdo', 'user', '2020-06-15 16:00:00', NULL, '2025-12-01 09:43:49', ''),
(282, 'EEE041921', 'Ebaldone, Deo E', 'Aircon Technician', '', 'Service', 'Koppel Inc.', 'Iloilo', 'user', '2021-04-18 16:00:00', NULL, '2025-12-01 09:43:49', ''),
(283, 'DQH050421', 'Del Mundo, Harold Q', 'Service Engineer', '', 'Service', 'Koppel Inc.', 'Mandaluyong', 'user', '2021-05-03 16:00:00', '2023-03-17', '2025-12-01 09:43:49', ''),
(284, 'RCJ050421', 'Realisan, Jabel Emerson C', 'Qa/Qc Service Engineer', '', 'Service', 'Koppel Inc.', 'Mandaluyong', 'user', '2021-05-03 16:00:00', '2021-11-03', '2025-12-01 09:43:49', ''),
(285, 'SMJ050421', 'Soriano, Jerome M', 'Service Engineer', '', 'Service', 'Koppel Inc.', 'Mandaluyong', 'user', '2021-05-03 16:00:00', '2022-05-04', '2025-12-01 09:43:49', ''),
(286, 'AIR051121', 'Aguila, Rayster I', 'Technical Engineer', '', 'Service', 'Koppel Inc.', 'Mandaluyong', 'user', '2021-05-10 16:00:00', '2023-03-21', '2025-12-01 09:43:49', ''),
(287, 'ODA051121', 'Opeña, Bernon Allen D', 'Technical Engineer', '', 'Service', 'Koppel Inc.', 'Mandaluyong', 'user', '2021-05-10 16:00:00', '2022-12-02', '2025-12-01 09:43:49', ''),
(288, 'CLE052621', 'Cagatin, Edmar Dave L', 'Service Engineer', '', 'Service', 'Koppel Inc.', 'Cdo', 'user', '2021-05-25 16:00:00', '2021-08-05', '2025-12-01 09:43:49', ''),
(289, 'BBC060121', 'BaldoVino, Carl Luis B', 'Service Engineer', '', 'Service', 'Koppel Inc.', 'Mandaluyong', 'user', '2021-05-31 16:00:00', '2022-03-11', '2025-12-01 09:43:49', ''),
(290, 'CAR071221', 'Caniban, Reyman A', 'Parts Analyst', '', 'Service', 'Koppel Inc.', 'Davao', 'user', '2021-07-11 16:00:00', '2021-09-17', '2025-12-01 09:43:49', ''),
(291, 'TSE071221', 'Tiongson, Elmar S', 'Parts Analyst', '', 'Service', 'Koppel Inc.', 'Mandaluyong', 'user', '2021-07-11 16:00:00', '2022-11-11', '2025-12-01 09:43:49', ''),
(292, 'BBJ091521', 'Bacaron, Jayvee B', 'Service Engineer', '', 'Service', 'Koppel Inc.', 'Davao', 'user', '2021-09-14 16:00:00', '2021-12-15', '2025-12-01 09:43:49', ''),
(293, 'KAJ102521', 'Kinakin, Jhon Lester A', 'Service Engineer', '', 'Service', 'Koppel Inc.', 'Cdo', 'user', '2021-10-24 16:00:00', '2022-03-07', '2025-12-01 09:43:49', ''),
(294, 'IGN102621', 'Inojales, Nephi Jether G', 'Parts Analyst', '', 'Service', 'Koppel Inc.', 'Davao', 'user', '2021-10-25 16:00:00', '2023-07-10', '2025-12-01 09:43:49', ''),
(295, 'HPJ010322', 'Hequibal, Ryan Jerameel P', 'Qa/Qc Engineer', '', 'Service', 'Koppel Inc.', 'Mandaluyong', 'user', '2022-01-02 16:00:00', '2024-01-15', '2025-12-01 09:43:49', ''),
(296, 'PDR010322', 'Petilo, Raymart D', 'Service Engineer', '', 'Service', 'Koppel Inc.', 'Mandaluyong', 'user', '2022-01-02 16:00:00', '2023-05-26', '2025-12-01 09:43:49', ''),
(297, 'SEJ010322', 'Sapungan, John Carlo E', 'Qa/Qc Engineer', '', 'Service', 'Koppel Inc.', 'Mandaluyong', 'user', '2022-01-02 16:00:00', '2023-10-31', '2025-12-01 09:43:49', ''),
(298, 'BGL022822', 'Bajao, Lebrando G', 'Aircon Technician', '', 'Service', 'Koppel Inc.', 'Cdo', 'user', '2022-02-27 16:00:00', '2024-01-15', '2025-12-01 09:43:49', ''),
(299, 'BCJ051222', 'Buccat, John Carl B', 'Service Manager', '', 'Service', 'Koppel Inc.', 'Mandaluyong', 'user', '2022-05-11 16:00:00', '2023-01-23', '2025-12-01 09:43:49', ''),
(300, 'MRJ053022', 'Relacion, John Paul M', 'Service Engineer', '', 'Service', 'Koppel Inc.', 'Cdo', 'user', '2022-05-29 16:00:00', '2024-05-17', '2025-12-01 09:43:49', ''),
(301, 'SCA062722', 'Sagay, Arjay C', 'Service Engineer', '', 'Service', 'Koppel Inc.', 'Mandaluyong', 'user', '2022-06-26 16:00:00', '2022-08-15', '2025-12-01 09:43:49', ''),
(302, 'TLJ062722', 'Tejada, Jan Marlou L', 'Service Engineer', '', 'Service', 'Koppel Inc.', 'Mandaluyong', 'user', '2022-06-26 16:00:00', '2022-09-01', '2025-12-01 09:43:49', ''),
(303, 'UGE070422', 'Untalan, Ericson G', 'Parts Analyst', '', 'Service', 'Koppel Inc.', 'Mandaluyong', 'user', '2022-07-03 16:00:00', NULL, '2025-12-01 09:43:49', ''),
(304, 'FTL091222', 'Flores, Lester T', 'Service Engineer', '', 'Service', 'Koppel Inc.', 'Mandaluyong', 'user', '2022-09-11 16:00:00', 'AWOL', '2025-12-01 09:43:49', ''),
(305, 'CHJ121222', 'Canela, Jeremy H', 'Technical Engineer', '', 'Service', 'Koppel Inc.', 'Mandaluyong', 'user', '2022-12-11 16:00:00', '2024-04-19', '2025-12-01 09:43:49', ''),
(306, 'LCF013023', 'Labian, Coleen Faye C', 'Parts Analyst', '', 'Service', 'Koppel Inc.', 'Mandaluyong', 'user', '2023-01-29 16:00:00', NULL, '2025-12-01 09:43:49', ''),
(307, 'RVM022023', 'Rocero, Mc Aldrine V', 'Parts Sales Staff', '', 'Service', 'Koppel Inc.', 'Mandaluyong', 'user', '2023-02-19 16:00:00', NULL, '2025-12-01 09:43:49', ''),
(308, 'BTZ022123', 'Bustamante, Adrian Zedrick T', 'Service Engineer', '', 'Service', 'Koppel Inc.', 'Mandaluyong', 'user', '2023-02-20 16:00:00', NULL, '2025-12-01 09:43:49', ''),
(309, 'DGJ030923', 'De Roxas, Joffrey G', 'Service Engineer', '', 'Service', 'Koppel Inc.', 'Mandaluyong', 'user', '2023-03-08 16:00:00', '2024-04-30', '2025-12-01 09:43:49', ''),
(310, 'BDE032023', 'Buena, Earl Joshua D', 'Service Engineer', '', 'Service', 'Koppel Inc.', 'Mandaluyong', 'user', '2023-03-19 16:00:00', NULL, '2025-12-01 09:43:49', ''),
(311, 'DLI040423', 'Dionela, Ivan L', 'Service Engineer', '', 'Service', 'Koppel Inc.', 'Mandaluyong', 'user', '2023-04-03 16:00:00', NULL, '2025-12-01 09:43:49', ''),
(312, 'BMN041123', 'Buenaventura, Ninn M', 'Qa/Qc Engineer', '', 'Service', 'Koppel Inc.', 'Mandaluyong', 'user', '2023-04-10 16:00:00', NULL, '2025-12-01 09:43:49', ''),
(313, 'CUJ042423', 'Calayag, Jeanelle U', 'Qa/Qc Engineer', '', 'Service', 'Koppel Inc.', 'Mandaluyong', 'user', '2023-04-23 16:00:00', '2024-06-21', '2025-12-01 09:43:49', ''),
(314, 'NLR080723', 'Naypa, Randie L', 'Service Technician', '', 'Service', 'Koppel Inc.', 'Davao', 'user', '2023-08-06 16:00:00', NULL, '2025-12-01 09:43:49', ''),
(315, 'LLK091223', 'Lumiares, Kerith Ravine L', 'Service Engineer', '', 'Service', 'Koppel Inc.', 'Davao', 'user', '2023-09-11 16:00:00', '2024-01-31', '2025-12-01 09:43:49', ''),
(316, 'ACE100223', 'Arbitrario, Elma C', 'Cs Supervisor', '', 'Service', 'Koppel Inc.', 'Mandaluyong', 'user', '2023-10-01 16:00:00', '2023-10-03', '2025-12-01 09:43:49', ''),
(317, 'BCA111423', 'Bendal, Angelo C', 'Service Engineer', '', 'Service', 'Koppel Inc.', 'Mandaluyong', 'user', '2023-11-13 16:00:00', NULL, '2025-12-01 09:43:49', ''),
(318, 'DCA111423', 'Domingo, Alvin C', 'Cs Supervisor', '', 'Service', 'Koppel Inc.', 'Mandaluyong', 'user', '2023-11-13 16:00:00', NULL, '2025-12-01 09:43:49', ''),
(319, 'LMJ030424', 'Ladion, John Roy M', 'Aircon Technician', '', 'Service', 'Koppel Inc.', 'Cdo', 'user', '2024-03-03 16:00:00', NULL, '2025-12-01 09:43:49', ''),
(320, 'SEJ031124', 'Serrano, John Eric', 'Service Engineer', '', 'Service', 'Koppel Inc.', 'Mandaluyong', 'user', '2024-03-10 16:00:00', NULL, '2025-12-01 09:43:49', ''),
(321, 'MBA040124', 'Malubay, Annika Cassandra B', 'Service Engineer', '', 'Service', 'Koppel Inc.', 'Mandaluyong', 'user', '2024-03-31 16:00:00', NULL, '2025-12-01 09:43:49', ''),
(322, 'DRM042524', 'Delos Reyes, Mae Lendl M', 'Technical Engineer', '', 'Service', 'Koppel Inc.', 'Mandaluyong', 'user', '2024-04-24 16:00:00', NULL, '2025-12-01 09:43:49', ''),
(323, 'MHH042524', 'Mag-Abo, Marlowe H', 'Service Engineer', '', 'Service', 'Koppel Inc.', 'Cdo', 'user', '2024-04-24 16:00:00', NULL, '2025-12-01 09:43:49', ''),
(324, 'SNS090808', 'Sabanal, Neil Francis S', 'Parts Coordinator', '', 'Service', 'Koppel Inc.', 'Cebu', 'user', '2008-09-07 16:00:00', NULL, '2025-12-01 09:43:50', ''),
(325, 'NAA011113', 'Nuera, Adrian A', 'Aircon Technician', '', 'Service', 'Koppel Inc.', 'Mandaluyong', 'user', '2013-01-10 16:00:00', NULL, '2025-12-01 09:43:50', ''),
(326, 'LDM100714', 'Legutan, Dioniver M', 'Regional Service Supervisor', '', 'Service', 'Koppel Inc.', 'Cebu', 'user', '2014-10-06 16:00:00', NULL, '2025-12-01 09:43:50', ''),
(327, 'DSJ122615', 'Duldulao Jr., Rodolfo S', 'Field Inspector', '', 'Service', 'Koppel Inc.', 'Mandaluyong', 'user', '2015-12-25 16:00:00', NULL, '2025-12-01 09:43:50', ''),
(328, 'MAM122615', 'Mangrobang, Mirriam A', 'Service Manager', '', 'Service', 'Koppel Inc.', 'Mandaluyong', 'user', '2015-12-25 16:00:00', NULL, '2025-12-01 09:43:50', ''),
(329, 'VCJ122615', 'Vargas, Jeffrey C', 'Assistant Service Manager', '', 'Service', 'Koppel Inc.', 'Mandaluyong', 'user', '2015-12-25 16:00:00', NULL, '2025-12-01 09:43:50', ''),
(330, 'GAM022717', 'Garcia, Marlon A', 'Aircon Technician', '', 'Service', 'Koppel Inc.', 'Mandaluyong', 'user', '2017-02-26 16:00:00', '2020-11-19', '2025-12-01 09:43:50', ''),
(331, 'MJF022717', 'Mislang, Fernando J', 'Aircon Technician', '', 'Service', 'Koppel Inc.', 'Mandaluyong', 'user', '2017-02-26 16:00:00', '2022-01-01', '2025-12-01 09:43:50', ''),
(332, 'PUM022717', 'Panagsagan, Medel U', 'Aircon Technician', '', 'Service', 'Koppel Inc.', 'Mandaluyong', 'user', '2017-02-26 16:00:00', NULL, '2025-12-01 09:43:50', ''),
(333, 'BPK060117', 'Benjamin, Kathleen Grace P', 'Parts Analyst', '', 'Service', 'Koppel Inc.', 'Iloilo', 'user', '2017-05-31 16:00:00', NULL, '2025-12-01 09:43:50', ''),
(334, 'PEJ110617', 'Permaran, Rafael James E', 'Technical Engineer', '', 'Service', 'Koppel Inc.', 'Mandaluyong', 'user', '2017-11-05 16:00:00', '2021-03-05', '2025-12-01 09:43:50', ''),
(335, 'CMO010818', 'Capundag, Oliver M', 'Aircon Technician', '', 'Service', 'Koppel Inc.', 'Cebu', 'user', '2018-01-07 16:00:00', NULL, '2025-12-01 09:43:50', ''),
(336, 'VCR010818', 'Velasquez, Raul C', 'Aircon Technician', '', 'Service', 'Koppel Inc.', 'Cebu', 'user', '2018-01-07 16:00:00', NULL, '2025-12-01 09:43:50', ''),
(337, 'LCR070218', 'Luga, Ric Kevien Jay C', 'Service Engineer', '', 'Service', 'Koppel Inc.', 'Mandaluyong', 'user', '2018-07-01 16:00:00', '2020-12-29', '2025-12-01 09:43:50', ''),
(338, 'TTJ120418', 'Tabulinar, Jello T', 'Service Engineer', '', 'Service', 'Koppel Inc.', 'Iloilo', 'user', '2018-12-03 16:00:00', NULL, '2025-12-01 09:43:50', ''),
(339, 'PJM010719', 'Picson, Maria Nicole J', 'Cs Supervisor', '', 'Service', 'Koppel Inc.', 'Mandaluyong', 'user', '2019-01-06 16:00:00', '2023-06-25', '2025-12-01 09:43:50', ''),
(340, 'CON021119', 'Cruz, John Nikko O', 'Service Engineer', '', 'Service', 'Koppel Inc.', 'Mandaluyong', 'user', '2019-02-10 16:00:00', '2021-03-12', '2025-12-01 09:43:50', ''),
(341, 'MVJ031219', 'Moloboco, Jeremiah V', 'Service Engineer', '', 'Service', 'Koppel Inc.', 'Mandaluyong', 'user', '2019-03-11 16:00:00', '2021-10-22', '2025-12-01 09:43:50', ''),
(342, 'MAR032719', 'Magpatoc, Regie A', 'Aircon Technician', '', 'Service', 'Koppel Inc.', 'Cdo', 'user', '2019-03-26 16:00:00', '2021-04-23', '2025-12-01 09:43:50', ''),
(343, 'QTA050219', 'Quitco, Augusto T', 'Service Director', '', 'Service', 'Koppel Inc.', 'Mandaluyong', 'user', '2019-05-01 16:00:00', NULL, '2025-12-01 09:43:50', ''),
(344, 'TAJ052819', 'Timog, Jasper A', 'Technical Engineer', '', 'Service', 'Koppel Inc.', 'Mandaluyong', 'user', '2019-05-27 16:00:00', '2021-03-05', '2025-12-01 09:43:50', ''),
(345, 'GPA071519', 'Gallor, Warlito P', 'Service Engineer', '', 'Service', 'Koppel Inc.', 'Davao', 'user', '2019-07-14 16:00:00', '2021-08-06', '2025-12-01 09:43:50', '');
INSERT INTO `user_tb_backup` (`user_id`, `emp_id`, `fullname`, `position`, `email`, `department`, `company`, `area`, `user_type`, `date_hired`, `date_resigned`, `created_at`, `password`) VALUES
(346, 'PGN071519', 'Patindol, Ronnie G', 'Aircon Technician', '', 'Service', 'Koppel Inc.', 'Davao', 'user', '2019-07-14 16:00:00', '2022-03-31', '2025-12-01 09:43:50', ''),
(347, 'TDR072319', 'Tocson, Remilyn D', 'Parts Analyst', '', 'Service', 'Koppel Inc.', 'Mandaluyong', 'user', '2019-07-22 16:00:00', '2021-05-28', '2025-12-01 09:43:50', ''),
(348, 'BNR082719', 'Bual, Richard N', 'Aircon Technician', '', 'Service', 'Koppel Inc.', 'Davao', 'user', '2019-08-26 16:00:00', '2023-09-30', '2025-12-01 09:43:50', ''),
(349, 'YBJ082819', 'Yasto, Jason Martin B', 'Service Engineer', '', 'Service', 'Koppel Inc.', 'Mandaluyong', 'user', '2019-08-27 16:00:00', '2021-03-07', '2025-12-01 09:43:50', ''),
(350, 'AGJ092319', 'Andrion, John Ray G', 'Service Engineer', '', 'Service', 'Koppel Inc.', 'Mandaluyong', 'user', '2019-09-22 16:00:00', '2022-02-18', '2025-12-01 09:43:50', ''),
(351, 'CPJ092319', 'Cali, Jonalyn P', 'Parts Analyst', '', 'Service', 'Koppel Inc.', 'Mandaluyong', 'user', '2019-09-22 16:00:00', '2021-12-16', '2025-12-01 09:43:50', ''),
(352, 'LRB101119', 'Llaneta, Bernard R', 'Parts Analyst', '', 'Service', 'Koppel Inc.', 'Mandaluyong', 'user', '2019-10-10 16:00:00', '2024-06-21', '2025-12-01 09:43:50', ''),
(353, 'SSF111119', 'Sobrepeña, Ferden S', 'Service Engineer', '', 'Service', 'Koppel Inc.', 'Davao', 'user', '2019-11-10 16:00:00', '2021-03-31', '2025-12-01 09:43:50', ''),
(354, 'ADP031620', 'Aquino, Paulo Delfin D', 'Service Engineer', '', 'Service', 'Koppel Inc.', 'Cebu', 'user', '2020-03-15 16:00:00', '2022-04-21', '2025-12-01 09:43:50', ''),
(355, 'AMM061620', 'Allecer, Sarah Mae M', 'Parts Analyst', '', 'Service', 'Koppel Inc.', 'Cdo', 'user', '2020-06-15 16:00:00', NULL, '2025-12-01 09:43:50', ''),
(356, 'EEE041921', 'Ebaldone, Deo E', 'Aircon Technician', '', 'Service', 'Koppel Inc.', 'Iloilo', 'user', '2021-04-18 16:00:00', NULL, '2025-12-01 09:43:50', ''),
(357, 'DQH050421', 'Del Mundo, Harold Q', 'Service Engineer', '', 'Service', 'Koppel Inc.', 'Mandaluyong', 'user', '2021-05-03 16:00:00', '2023-03-17', '2025-12-01 09:43:50', ''),
(358, 'RCJ050421', 'Realisan, Jabel Emerson C', 'Qa/Qc Service Engineer', '', 'Service', 'Koppel Inc.', 'Mandaluyong', 'user', '2021-05-03 16:00:00', '2021-11-03', '2025-12-01 09:43:50', ''),
(359, 'SMJ050421', 'Soriano, Jerome M', 'Service Engineer', '', 'Service', 'Koppel Inc.', 'Mandaluyong', 'user', '2021-05-03 16:00:00', '2022-05-04', '2025-12-01 09:43:50', ''),
(360, 'AIR051121', 'Aguila, Rayster I', 'Technical Engineer', '', 'Service', 'Koppel Inc.', 'Mandaluyong', 'user', '2021-05-10 16:00:00', '2023-03-21', '2025-12-01 09:43:50', ''),
(361, 'ODA051121', 'Opeña, Bernon Allen D', 'Technical Engineer', '', 'Service', 'Koppel Inc.', 'Mandaluyong', 'user', '2021-05-10 16:00:00', '2022-12-02', '2025-12-01 09:43:50', ''),
(362, 'CLE052621', 'Cagatin, Edmar Dave L', 'Service Engineer', '', 'Service', 'Koppel Inc.', 'Cdo', 'user', '2021-05-25 16:00:00', '2021-08-05', '2025-12-01 09:43:50', ''),
(363, 'BBC060121', 'BaldoVino, Carl Luis B', 'Service Engineer', '', 'Service', 'Koppel Inc.', 'Mandaluyong', 'user', '2021-05-31 16:00:00', '2022-03-11', '2025-12-01 09:43:50', ''),
(364, 'CAR071221', 'Caniban, Reyman A', 'Parts Analyst', '', 'Service', 'Koppel Inc.', 'Davao', 'user', '2021-07-11 16:00:00', '2021-09-17', '2025-12-01 09:43:50', ''),
(365, 'TSE071221', 'Tiongson, Elmar S', 'Parts Analyst', '', 'Service', 'Koppel Inc.', 'Mandaluyong', 'user', '2021-07-11 16:00:00', '2022-11-11', '2025-12-01 09:43:50', ''),
(366, 'BBJ091521', 'Bacaron, Jayvee B', 'Service Engineer', '', 'Service', 'Koppel Inc.', 'Davao', 'user', '2021-09-14 16:00:00', '2021-12-15', '2025-12-01 09:43:50', ''),
(367, 'KAJ102521', 'Kinakin, Jhon Lester A', 'Service Engineer', '', 'Service', 'Koppel Inc.', 'Cdo', 'user', '2021-10-24 16:00:00', '2022-03-07', '2025-12-01 09:43:50', ''),
(368, 'IGN102621', 'Inojales, Nephi Jether G', 'Parts Analyst', '', 'Service', 'Koppel Inc.', 'Davao', 'user', '2021-10-25 16:00:00', '2023-07-10', '2025-12-01 09:43:50', ''),
(369, 'HPJ010322', 'Hequibal, Ryan Jerameel P', 'Qa/Qc Engineer', '', 'Service', 'Koppel Inc.', 'Mandaluyong', 'user', '2022-01-02 16:00:00', '2024-01-15', '2025-12-01 09:43:50', ''),
(370, 'PDR010322', 'Petilo, Raymart D', 'Service Engineer', '', 'Service', 'Koppel Inc.', 'Mandaluyong', 'user', '2022-01-02 16:00:00', '2023-05-26', '2025-12-01 09:43:50', ''),
(371, 'SEJ010322', 'Sapungan, John Carlo E', 'Qa/Qc Engineer', '', 'Service', 'Koppel Inc.', 'Mandaluyong', 'user', '2022-01-02 16:00:00', '2023-10-31', '2025-12-01 09:43:50', ''),
(372, 'BGL022822', 'Bajao, Lebrando G', 'Aircon Technician', '', 'Service', 'Koppel Inc.', 'Cdo', 'user', '2022-02-27 16:00:00', '2024-01-15', '2025-12-01 09:43:50', ''),
(373, 'BCJ051222', 'Buccat, John Carl B', 'Service Manager', '', 'Service', 'Koppel Inc.', 'Mandaluyong', 'user', '2022-05-11 16:00:00', '2023-01-23', '2025-12-01 09:43:50', ''),
(374, 'MRJ053022', 'Relacion, John Paul M', 'Service Engineer', '', 'Service', 'Koppel Inc.', 'Cdo', 'user', '2022-05-29 16:00:00', '2024-05-17', '2025-12-01 09:43:50', ''),
(375, 'SCA062722', 'Sagay, Arjay C', 'Service Engineer', '', 'Service', 'Koppel Inc.', 'Mandaluyong', 'user', '2022-06-26 16:00:00', '2022-08-15', '2025-12-01 09:43:50', ''),
(376, 'TLJ062722', 'Tejada, Jan Marlou L', 'Service Engineer', '', 'Service', 'Koppel Inc.', 'Mandaluyong', 'user', '2022-06-26 16:00:00', '2022-09-01', '2025-12-01 09:43:50', ''),
(377, 'UGE070422', 'Untalan, Ericson G', 'Parts Analyst', '', 'Service', 'Koppel Inc.', 'Mandaluyong', 'user', '2022-07-03 16:00:00', NULL, '2025-12-01 09:43:50', ''),
(378, 'FTL091222', 'Flores, Lester T', 'Service Engineer', '', 'Service', 'Koppel Inc.', 'Mandaluyong', 'user', '2022-09-11 16:00:00', 'AWOL', '2025-12-01 09:43:50', ''),
(379, 'CHJ121222', 'Canela, Jeremy H', 'Technical Engineer', '', 'Service', 'Koppel Inc.', 'Mandaluyong', 'user', '2022-12-11 16:00:00', '2024-04-19', '2025-12-01 09:43:50', ''),
(380, 'LCF013023', 'Labian, Coleen Faye C', 'Parts Analyst', '', 'Service', 'Koppel Inc.', 'Mandaluyong', 'user', '2023-01-29 16:00:00', NULL, '2025-12-01 09:43:50', ''),
(381, 'RVM022023', 'Rocero, Mc Aldrine V', 'Parts Sales Staff', '', 'Service', 'Koppel Inc.', 'Mandaluyong', 'user', '2023-02-19 16:00:00', NULL, '2025-12-01 09:43:50', ''),
(382, 'BTZ022123', 'Bustamante, Adrian Zedrick T', 'Service Engineer', '', 'Service', 'Koppel Inc.', 'Mandaluyong', 'user', '2023-02-20 16:00:00', NULL, '2025-12-01 09:43:50', ''),
(383, 'DGJ030923', 'De Roxas, Joffrey G', 'Service Engineer', '', 'Service', 'Koppel Inc.', 'Mandaluyong', 'user', '2023-03-08 16:00:00', '2024-04-30', '2025-12-01 09:43:50', ''),
(384, 'BDE032023', 'Buena, Earl Joshua D', 'Service Engineer', '', 'Service', 'Koppel Inc.', 'Mandaluyong', 'user', '2023-03-19 16:00:00', NULL, '2025-12-01 09:43:50', ''),
(385, 'DLI040423', 'Dionela, Ivan L', 'Service Engineer', '', 'Service', 'Koppel Inc.', 'Mandaluyong', 'user', '2023-04-03 16:00:00', NULL, '2025-12-01 09:43:50', ''),
(386, 'BMN041123', 'Buenaventura, Ninn M', 'Qa/Qc Engineer', '', 'Service', 'Koppel Inc.', 'Mandaluyong', 'user', '2023-04-10 16:00:00', NULL, '2025-12-01 09:43:50', ''),
(387, 'CUJ042423', 'Calayag, Jeanelle U', 'Qa/Qc Engineer', '', 'Service', 'Koppel Inc.', 'Mandaluyong', 'user', '2023-04-23 16:00:00', '2024-06-21', '2025-12-01 09:43:50', ''),
(388, 'NLR080723', 'Naypa, Randie L', 'Service Technician', '', 'Service', 'Koppel Inc.', 'Davao', 'user', '2023-08-06 16:00:00', NULL, '2025-12-01 09:43:50', ''),
(389, 'LLK091223', 'Lumiares, Kerith Ravine L', 'Service Engineer', '', 'Service', 'Koppel Inc.', 'Davao', 'user', '2023-09-11 16:00:00', '2024-01-31', '2025-12-01 09:43:50', ''),
(390, 'ACE100223', 'Arbitrario, Elma C', 'Cs Supervisor', '', 'Service', 'Koppel Inc.', 'Mandaluyong', 'user', '2023-10-01 16:00:00', '2023-10-03', '2025-12-01 09:43:50', ''),
(391, 'BCA111423', 'Bendal, Angelo C', 'Service Engineer', '', 'Service', 'Koppel Inc.', 'Mandaluyong', 'user', '2023-11-13 16:00:00', NULL, '2025-12-01 09:43:50', ''),
(392, 'DCA111423', 'Domingo, Alvin C', 'Cs Supervisor', '', 'Service', 'Koppel Inc.', 'Mandaluyong', 'user', '2023-11-13 16:00:00', NULL, '2025-12-01 09:43:50', ''),
(393, 'LMJ030424', 'Ladion, John Roy M', 'Aircon Technician', '', 'Service', 'Koppel Inc.', 'Cdo', 'user', '2024-03-03 16:00:00', NULL, '2025-12-01 09:43:50', ''),
(394, 'SEJ031124', 'Serrano, John Eric', 'Service Engineer', '', 'Service', 'Koppel Inc.', 'Mandaluyong', 'user', '2024-03-10 16:00:00', NULL, '2025-12-01 09:43:50', ''),
(395, 'MBA040124', 'Malubay, Annika Cassandra B', 'Service Engineer', '', 'Service', 'Koppel Inc.', 'Mandaluyong', 'user', '2024-03-31 16:00:00', NULL, '2025-12-01 09:43:50', ''),
(396, 'DRM042524', 'Delos Reyes, Mae Lendl M', 'Technical Engineer', '', 'Service', 'Koppel Inc.', 'Mandaluyong', 'user', '2024-04-24 16:00:00', NULL, '2025-12-01 09:43:50', ''),
(397, 'MHH042524', 'Mag-Abo, Marlowe H', 'Service Engineer', '', 'Service', 'Koppel Inc.', 'Cdo', 'user', '2024-04-24 16:00:00', NULL, '2025-12-01 09:43:50', '');

--
-- Indexes for dumped tables
--

--
-- Indexes for table `announcement_attachments`
--
ALTER TABLE `announcement_attachments`
  ADD PRIMARY KEY (`attachment_id`),
  ADD KEY `announcement_id` (`announcement_id`);

--
-- Indexes for table `announcement_tb`
--
ALTER TABLE `announcement_tb`
  ADD PRIMARY KEY (`announcement_id`);

--
-- Indexes for table `business_hours`
--
ALTER TABLE `business_hours`
  ADD PRIMARY KEY (`id`);

--
-- Indexes for table `credential_tb`
--
ALTER TABLE `credential_tb`
  ADD PRIMARY KEY (`cred_id`);

--
-- Indexes for table `desktop_area_tb`
--
ALTER TABLE `desktop_area_tb`
  ADD PRIMARY KEY (`desktop_area_id`);

--
-- Indexes for table `desktop_tb`
--
ALTER TABLE `desktop_tb`
  ADD PRIMARY KEY (`desktop_id`),
  ADD KEY `fk_desktop_area` (`desktop_area_id`);

--
-- Indexes for table `holidays`
--
ALTER TABLE `holidays`
  ADD PRIMARY KEY (`id`),
  ADD UNIQUE KEY `holiday_date` (`holiday_date`);

--
-- Indexes for table `item_condition_tb`
--
ALTER TABLE `item_condition_tb`
  ADD PRIMARY KEY (`condition_id`);

--
-- Indexes for table `item_tb`
--
ALTER TABLE `item_tb`
  ADD PRIMARY KEY (`item_id`),
  ADD KEY `type_id` (`type_id`);

--
-- Indexes for table `item_type`
--
ALTER TABLE `item_type`
  ADD PRIMARY KEY (`type_id`);

--
-- Indexes for table `it_tickets`
--
ALTER TABLE `it_tickets`
  ADD PRIMARY KEY (`id`),
  ADD KEY `idx_status` (`status`),
  ADD KEY `idx_category` (`issue_category`),
  ADD KEY `idx_created` (`created_at`);

--
-- Indexes for table `laptop_pc_specs`
--
ALTER TABLE `laptop_pc_specs`
  ADD PRIMARY KEY (`spec_id`),
  ADD KEY `item_id` (`item_id`);

--
-- Indexes for table `qr_tb`
--
ALTER TABLE `qr_tb`
  ADD PRIMARY KEY (`qr_id`),
  ADD KEY `item_id` (`item_id`);

--
-- Indexes for table `request_tb`
--
ALTER TABLE `request_tb`
  ADD PRIMARY KEY (`request_id`),
  ADD KEY `created_by` (`created_by`),
  ADD KEY `ticket_id` (`ticket_id`);

--
-- Indexes for table `sla_settings`
--
ALTER TABLE `sla_settings`
  ADD PRIMARY KEY (`id`),
  ADD UNIQUE KEY `priority` (`priority`);

--
-- Indexes for table `subject_details`
--
ALTER TABLE `subject_details`
  ADD PRIMARY KEY (`subject_details_id`),
  ADD KEY `subject_id` (`subject_id`);

--
-- Indexes for table `system_settings`
--
ALTER TABLE `system_settings`
  ADD PRIMARY KEY (`setting_id`),
  ADD UNIQUE KEY `setting_key` (`setting_key`);

--
-- Indexes for table `ticket_attachments`
--
ALTER TABLE `ticket_attachments`
  ADD PRIMARY KEY (`attachment_id`),
  ADD KEY `ticket_id` (`ticket_id`);

--
-- Indexes for table `ticket_logs`
--
ALTER TABLE `ticket_logs`
  ADD PRIMARY KEY (`log_id`),
  ADD KEY `ticket_id` (`ticket_id`),
  ADD KEY `changed_by` (`changed_by`);

--
-- Indexes for table `ticket_messages`
--
ALTER TABLE `ticket_messages`
  ADD PRIMARY KEY (`message_id`),
  ADD KEY `ticket_id` (`ticket_id`,`sender_id`),
  ADD KEY `sender_id` (`sender_id`);

--
-- Indexes for table `ticket_ratings`
--
ALTER TABLE `ticket_ratings`
  ADD PRIMARY KEY (`rating_id`),
  ADD UNIQUE KEY `unique_ticket` (`ticket_id`),
  ADD KEY `user_id` (`user_id`);

--
-- Indexes for table `ticket_subject`
--
ALTER TABLE `ticket_subject`
  ADD PRIMARY KEY (`subject_id`);

--
-- Indexes for table `ticket_tb`
--
ALTER TABLE `ticket_tb`
  ADD PRIMARY KEY (`ticket_id`),
  ADD UNIQUE KEY `ticket_number` (`ticket_number`),
  ADD KEY `user_id` (`user_id`);

--
-- Indexes for table `transaction_tb`
--
ALTER TABLE `transaction_tb`
  ADD PRIMARY KEY (`transaction_id`),
  ADD KEY `item_id` (`item_id`),
  ADD KEY `transaction_tb_ibfk_2` (`user_id`);

--
-- Indexes for table `user_desktop_tb`
--
ALTER TABLE `user_desktop_tb`
  ADD PRIMARY KEY (`user_desktop_id`),
  ADD UNIQUE KEY `unique_user_desktop` (`user_id`,`desktop_id`),
  ADD KEY `desktop_id` (`desktop_id`);

--
-- Indexes for table `user_tb`
--
ALTER TABLE `user_tb`
  ADD PRIMARY KEY (`user_id`);

--
-- AUTO_INCREMENT for dumped tables
--

--
-- AUTO_INCREMENT for table `announcement_attachments`
--
ALTER TABLE `announcement_attachments`
  MODIFY `attachment_id` int(11) NOT NULL AUTO_INCREMENT, AUTO_INCREMENT=117;

--
-- AUTO_INCREMENT for table `announcement_tb`
--
ALTER TABLE `announcement_tb`
  MODIFY `announcement_id` int(11) NOT NULL AUTO_INCREMENT, AUTO_INCREMENT=36;

--
-- AUTO_INCREMENT for table `credential_tb`
--
ALTER TABLE `credential_tb`
  MODIFY `cred_id` int(11) NOT NULL AUTO_INCREMENT, AUTO_INCREMENT=50;

--
-- AUTO_INCREMENT for table `desktop_area_tb`
--
ALTER TABLE `desktop_area_tb`
  MODIFY `desktop_area_id` int(11) NOT NULL AUTO_INCREMENT, AUTO_INCREMENT=8;

--
-- AUTO_INCREMENT for table `desktop_tb`
--
ALTER TABLE `desktop_tb`
  MODIFY `desktop_id` int(11) NOT NULL AUTO_INCREMENT, AUTO_INCREMENT=138;

--
-- AUTO_INCREMENT for table `holidays`
--
ALTER TABLE `holidays`
  MODIFY `id` int(11) NOT NULL AUTO_INCREMENT, AUTO_INCREMENT=13;

--
-- AUTO_INCREMENT for table `item_condition_tb`
--
ALTER TABLE `item_condition_tb`
  MODIFY `condition_id` int(11) NOT NULL AUTO_INCREMENT, AUTO_INCREMENT=5;

--
-- AUTO_INCREMENT for table `item_tb`
--
ALTER TABLE `item_tb`
  MODIFY `item_id` int(11) NOT NULL AUTO_INCREMENT, AUTO_INCREMENT=357;

--
-- AUTO_INCREMENT for table `item_type`
--
ALTER TABLE `item_type`
  MODIFY `type_id` int(11) NOT NULL AUTO_INCREMENT, AUTO_INCREMENT=9;

--
-- AUTO_INCREMENT for table `it_tickets`
--
ALTER TABLE `it_tickets`
  MODIFY `id` int(10) UNSIGNED NOT NULL AUTO_INCREMENT, AUTO_INCREMENT=2;

--
-- AUTO_INCREMENT for table `laptop_pc_specs`
--
ALTER TABLE `laptop_pc_specs`
  MODIFY `spec_id` int(11) NOT NULL AUTO_INCREMENT, AUTO_INCREMENT=15;

--
-- AUTO_INCREMENT for table `qr_tb`
--
ALTER TABLE `qr_tb`
  MODIFY `qr_id` int(11) NOT NULL AUTO_INCREMENT, AUTO_INCREMENT=658;

--
-- AUTO_INCREMENT for table `request_tb`
--
ALTER TABLE `request_tb`
  MODIFY `request_id` int(11) NOT NULL AUTO_INCREMENT, AUTO_INCREMENT=132;

--
-- AUTO_INCREMENT for table `sla_settings`
--
ALTER TABLE `sla_settings`
  MODIFY `id` int(11) NOT NULL AUTO_INCREMENT, AUTO_INCREMENT=5;

--
-- AUTO_INCREMENT for table `subject_details`
--
ALTER TABLE `subject_details`
  MODIFY `subject_details_id` int(11) NOT NULL AUTO_INCREMENT, AUTO_INCREMENT=21;

--
-- AUTO_INCREMENT for table `system_settings`
--
ALTER TABLE `system_settings`
  MODIFY `setting_id` int(11) NOT NULL AUTO_INCREMENT, AUTO_INCREMENT=9;

--
-- AUTO_INCREMENT for table `ticket_attachments`
--
ALTER TABLE `ticket_attachments`
  MODIFY `attachment_id` int(11) NOT NULL AUTO_INCREMENT, AUTO_INCREMENT=39;

--
-- AUTO_INCREMENT for table `ticket_logs`
--
ALTER TABLE `ticket_logs`
  MODIFY `log_id` int(11) NOT NULL AUTO_INCREMENT, AUTO_INCREMENT=722;

--
-- AUTO_INCREMENT for table `ticket_messages`
--
ALTER TABLE `ticket_messages`
  MODIFY `message_id` int(11) NOT NULL AUTO_INCREMENT, AUTO_INCREMENT=85;

--
-- AUTO_INCREMENT for table `ticket_ratings`
--
ALTER TABLE `ticket_ratings`
  MODIFY `rating_id` int(11) NOT NULL AUTO_INCREMENT;

--
-- AUTO_INCREMENT for table `ticket_tb`
--
ALTER TABLE `ticket_tb`
  MODIFY `ticket_id` int(11) NOT NULL AUTO_INCREMENT, AUTO_INCREMENT=194;

--
-- AUTO_INCREMENT for table `transaction_tb`
--
ALTER TABLE `transaction_tb`
  MODIFY `transaction_id` int(11) NOT NULL AUTO_INCREMENT, AUTO_INCREMENT=266;

--
-- AUTO_INCREMENT for table `user_desktop_tb`
--
ALTER TABLE `user_desktop_tb`
  MODIFY `user_desktop_id` int(11) NOT NULL AUTO_INCREMENT, AUTO_INCREMENT=126;

--
-- AUTO_INCREMENT for table `user_tb`
--
ALTER TABLE `user_tb`
  MODIFY `user_id` int(11) NOT NULL AUTO_INCREMENT, AUTO_INCREMENT=568;

--
-- Constraints for dumped tables
--

--
-- Constraints for table `announcement_attachments`
--
ALTER TABLE `announcement_attachments`
  ADD CONSTRAINT `announcement_attachments_ibfk_1` FOREIGN KEY (`announcement_id`) REFERENCES `announcement_tb` (`announcement_id`) ON DELETE CASCADE;

--
-- Constraints for table `desktop_tb`
--
ALTER TABLE `desktop_tb`
  ADD CONSTRAINT `desktop_tb_ibfk_1` FOREIGN KEY (`desktop_area_id`) REFERENCES `desktop_area_tb` (`desktop_area_id`) ON DELETE CASCADE ON UPDATE CASCADE;

--
-- Constraints for table `laptop_pc_specs`
--
ALTER TABLE `laptop_pc_specs`
  ADD CONSTRAINT `laptop_pc_specs_ibfk_1` FOREIGN KEY (`item_id`) REFERENCES `item_tb` (`item_id`) ON DELETE CASCADE;

--
-- Constraints for table `qr_tb`
--
ALTER TABLE `qr_tb`
  ADD CONSTRAINT `qr_tb_ibfk_1` FOREIGN KEY (`item_id`) REFERENCES `item_tb` (`item_id`) ON DELETE CASCADE;

--
-- Constraints for table `request_tb`
--
ALTER TABLE `request_tb`
  ADD CONSTRAINT `request_tb_ibfk_1` FOREIGN KEY (`created_by`) REFERENCES `user_tb` (`user_id`) ON DELETE CASCADE ON UPDATE CASCADE,
  ADD CONSTRAINT `request_tb_ibfk_2` FOREIGN KEY (`ticket_id`) REFERENCES `ticket_tb` (`ticket_id`) ON DELETE CASCADE ON UPDATE CASCADE;

--
-- Constraints for table `subject_details`
--
ALTER TABLE `subject_details`
  ADD CONSTRAINT `subject_details_ibfk_1` FOREIGN KEY (`subject_id`) REFERENCES `ticket_subject` (`subject_id`) ON DELETE CASCADE ON UPDATE CASCADE;

--
-- Constraints for table `ticket_attachments`
--
ALTER TABLE `ticket_attachments`
  ADD CONSTRAINT `ticket_attachments_ibfk_1` FOREIGN KEY (`ticket_id`) REFERENCES `ticket_tb` (`ticket_id`) ON DELETE CASCADE;

--
-- Constraints for table `ticket_logs`
--
ALTER TABLE `ticket_logs`
  ADD CONSTRAINT `ticket_logs_ibfk_1` FOREIGN KEY (`ticket_id`) REFERENCES `ticket_tb` (`ticket_id`) ON DELETE CASCADE ON UPDATE CASCADE,
  ADD CONSTRAINT `ticket_logs_ibfk_2` FOREIGN KEY (`changed_by`) REFERENCES `user_tb` (`user_id`) ON DELETE CASCADE ON UPDATE CASCADE;

--
-- Constraints for table `ticket_messages`
--
ALTER TABLE `ticket_messages`
  ADD CONSTRAINT `ticket_messages_ibfk_1` FOREIGN KEY (`sender_id`) REFERENCES `user_tb` (`user_id`) ON DELETE CASCADE ON UPDATE CASCADE,
  ADD CONSTRAINT `ticket_messages_ibfk_2` FOREIGN KEY (`ticket_id`) REFERENCES `ticket_tb` (`ticket_id`) ON DELETE CASCADE ON UPDATE CASCADE;

--
-- Constraints for table `ticket_ratings`
--
ALTER TABLE `ticket_ratings`
  ADD CONSTRAINT `ticket_ratings_ibfk_1` FOREIGN KEY (`ticket_id`) REFERENCES `ticket_tb` (`ticket_id`) ON DELETE CASCADE,
  ADD CONSTRAINT `ticket_ratings_ibfk_2` FOREIGN KEY (`user_id`) REFERENCES `user_tb` (`user_id`) ON DELETE CASCADE;

--
-- Constraints for table `ticket_tb`
--
ALTER TABLE `ticket_tb`
  ADD CONSTRAINT `ticket_tb_ibfk_1` FOREIGN KEY (`user_id`) REFERENCES `user_tb` (`user_id`) ON DELETE CASCADE ON UPDATE CASCADE;

--
-- Constraints for table `transaction_tb`
--
ALTER TABLE `transaction_tb`
  ADD CONSTRAINT `transaction_tb_ibfk_1` FOREIGN KEY (`item_id`) REFERENCES `item_tb` (`item_id`) ON DELETE CASCADE ON UPDATE CASCADE,
  ADD CONSTRAINT `transaction_tb_ibfk_2` FOREIGN KEY (`user_id`) REFERENCES `user_tb` (`user_id`) ON DELETE CASCADE ON UPDATE CASCADE;

--
-- Constraints for table `user_desktop_tb`
--
ALTER TABLE `user_desktop_tb`
  ADD CONSTRAINT `user_desktop_tb_ibfk_1` FOREIGN KEY (`user_id`) REFERENCES `user_tb` (`user_id`) ON DELETE CASCADE ON UPDATE CASCADE,
  ADD CONSTRAINT `user_desktop_tb_ibfk_2` FOREIGN KEY (`desktop_id`) REFERENCES `desktop_tb` (`desktop_id`) ON DELETE CASCADE ON UPDATE CASCADE;
COMMIT;

/*!40101 SET CHARACTER_SET_CLIENT=@OLD_CHARACTER_SET_CLIENT */;
/*!40101 SET CHARACTER_SET_RESULTS=@OLD_CHARACTER_SET_RESULTS */;
/*!40101 SET COLLATION_CONNECTION=@OLD_COLLATION_CONNECTION */;
